likes,age,themes,has_question,text
1000,3 years ago,fda_ban,0,"Love how the USA calls it ""lobbying"" instead of corruption lmao."
615,3 years ago,fda_ban,0,Curious note : FDA don't ban sugars but bans products than lead to healthy body
610,3 years ago,fda_ban,0,If the fda doesn’t want you to have it that means that it works
586,3 years ago,fda_ban,0,"When I heard that the FDA wanted to ban it, I knew instantly it would be effective in supporting good health."
574,3 years ago,,0,The fact they’re trying to convert it into a prescription says a lot about it’s potential.
558,5 years ago,dose,1,Fascinating topic... but you forgot to share your personal results!  All we know about your personal experience with it is that you took it.  How long did you take it? How much and when?  With or without food? What did you feel and how soon did you feel it?  What test results showed any changes? Etc?
514,3 years ago,dose,0,It’s amazing how much he can say without really saying anything at all.
372,7 months ago,placebo,1,Where can I buy the so called placebo supplements? That shit seems to work almost always and much better than any longevity molecules ever hyped!
346,5 years ago,timing_protocol,0,"It’s very hard to explain specific results with NMN. It’s something that IMO should be taken for a good length of time. Unfortunately I’m also making sure to not make claims because it’s a supplement that could be misconstrued. So in short, my personal, anecdotal experience has been a much clearer feeling, I seem to be sleeping harder (more efficient perhaps), I definitely am more alert first thing in the morning, very little ramp up period in the morning. I’ll keep everyone posted as time goes on. But this has been a very heavily requested topic. So please understand the goal is to educate and share my experience WHY I am taking it."
344,2 years ago,nmn_vs_nr_nad|age_gate,0,"My dad is 90 years old and is in stage 7 of Alzheimer's disease. At the beginning of this year he was basically an unresponsive zombie. On April 1st I started him on NMN, NR, Resveratrol, Quercetin, Fisetin, and a few other vitamins. Today he is just like he was 4 years ago. The improvement is astonishing. I have to pinch myself every day to make sure it's not a dream. Sorry but trying to outsmart the science doesn't look good on you. And it's not very helpful to the public interest."
319,3 years ago,safety_side_fx|fda_ban,0,"It would be almost criminal at this point if the FDA goes through with this ban. Everyone wants to be more healthy and shouldn't have to be forced to go to a doctor to be prescribed a health supplement, especially one that seems to work well and has not dangerous side effects. This is all about the money."
292,3 years ago,,0,Thank you for exposing this. So sickening. Thank you so much for all you are doing for us out here.
269,3 years ago,fda_ban|authority_trust,0,"Dr Brad, thanks so much for exposing the root of all this ""lobbying"". I used to have a lot of respect for Dr Sinclair, but this isn't good. Since you exposed him on the resveratrol scam I've hardly been seeing much about him and all of a sudden he came up with this again! What a man! Thanks for helping us to know his true colours."
238,2 years ago,authority_trust,0,Everyone should look into David Sinclair being exposed as a snake
213,2 years ago,,0,1 - It appears safe over the short term 2 - No muscle improvement 3 - Unlikely metabolic improvements 4 - Safety concerns over the long term
206,3 years ago,just_take_niacin|dose|evidence_studies|authority_trust|age_gate,0,"I am almost 68 years old, and a lifetime everyday exerciser. I have also been taking 500 mg of niacin daily since the 1990’s. Nevertheless, I still developed edema in my lower extremities over the past few years. In addition, I have been subject to frequent calf muscle pulls since I started playing pickle ball daily about 15 months ago. Then, on October 1, 2022, I started taking one gram each of NMN and resveratrol on a daily basis. What motivated me to take these supplements was a particular Sinclair video where he spoke about the proven(in mice) ability of these supplements to promote growth of new capillaries (angiogenesis). Well, within two weeks of taking these supplements, my edema and calf muscle pulls stopped completely.  That was huge for me. There is no question that these improvements occurred only because of these two supplements in the proper amounts."
203,2 years ago,,0,"I really wanted to see NMN prove itself, especially after all the hype. Thanks for being an honest critic of the research! It is well needed in our day and age.."
198,2 years ago,evidence_studies|benefit_sleep,1,"I appreciate the video but it doesn't seem to address the 'anti-aging' question as mentioned in the title. I don't take NMN as a sports supplement, I am only interested in it's potential effect of helping to repair DNA. Are there any studies which answer this question? Thanks!"
192,4 months ago (edited),just_take_niacin|nmn_vs_nr_nad|dose|price_value,0,"67yo, very fit, I found absolutely no physical benefit from taking NMN and NR (for 1 year) apart from a blood test showing dramatically increased NAD+. (For whatever thats worth). I started taking 500mg niacin which also increased NAD+ but for $4/mo - again - for whatever thats worth."
190,7 months ago,nmn_vs_nr_nad|placebo|evidence_studies|benefit_cognition,0,"As a clinician working with long-COVID and other complex patients, I think this video oversimplifies the study and risks misleading people. This trial does NOT “debunk” NR. What it actually shows is: • NR clearly increases NAD⁺ (so the biological target is real) • primary outcomes were negative for the whole mixed cohort • exploratory data suggested possible benefit over ~10 weeks • and critically — the study did NOT stratify patients by biology (e.g., low vs normal NAD⁺), despite long-COVID being extremely heterogeneous In clinical science, a negative average result in a heterogeneous group does NOT equal “this doesn’t work.” It usually means there are responders and non-responders, and the trial wasn’t designed to identify them. We already learned this in migraine, depression, autoimmune disease, asthma… progress came from subgrouping, not from declaring blanket conclusions. The responsible takeaway is: NR safely raises NAD⁺; it didn’t outperform placebo across everyone; we urgently need subgroup-focused studies (e.g., patients with demonstrably low NAD⁺ or mitochondrial dysfunction) — not all-or-nothing claims. Science deserves nuance. Patients deserve it even more."
177,5 years ago,,0,I find fasting is the best way for me to go! But I’m 64 and reversed my diabetes! Was a diabetic for 15 years and I feel so much better than I did 10 years ago!
163,3 years ago,authority_trust,0,"Yes, I expected this and predicted, exactly, that Sinclair would be behind this so that he can file a patent and make a fortune. I really can't stand that man. He's a real jerk."
159,2 years ago,just_take_niacin|dose|cancer_risk|benefit_energy|benefit_recovery|benefit_joints,0,"As a 53 year old cancer survivor (prostate surgery, and follow up radiation therapy)  I found NMN to be helpful.   I've been on it (500mg a day from Renue by Science) since Dec 2022.   My opinion is that it is essentially just a vitamin, and acts very much in the background.   In fact, it is a type of niacin (vitamin B3).  You can also take nicotinamide, for perhaps a better effect.  The immediate effects I felt was a decrease in muscle and joint stiffness and soreness.   A decrease in inflammation.   Though, perhaps it was working in tandem with other supplements I take.   Hard to say.   I would say that it helped my energy levels enough, that I started running again three months ago."
155,2 years ago,benefit_energy|benefit_recovery,0,"Weird. I am 40, worked out all my life. 1. Took NMN for 8 months and was a beast at the gym. 2. Stoped taking it for 2 months and i felt tired..gym activity went down...i felt old. 3. Took it again....after a while...the beast came back. I love it. I Will keep taking it."
154,2 years ago (edited),dose|safety_side_fx|benefit_skin_hair,0,"I have been on MNM 1000mg, resveratrol 1000mg and Berberine since 7/19 Since then my blood tests are perfect, my blood pressure is 110/70 I’m 70 my grey hair and grey beard has turned to salt and pepper, my A1C is 5.1% down from 6.4% pre-diabetic. I have a feeling of wellness since I started. My weight is 160lbs down from 210lbs. That’s all I can contribute to this video."
146,2 years ago,dose|tmg_methyl|evidence_studies|benefit_energy|benefit_cognition|benefit_skin_hair,1,"Here's a study for you. I've been taking NMN for 11 months. 1g daily along with 1g TMG twice per day. I just turned 65. My results are profound. Eyesight, taste, hearing, sense of touch, sense of smell. All improved. Memory, cognition, ability to multi-task. All improved. I have never in my life been able to focus like I can now. Learning is easy. reading comprehension, very good. For the past few years, when I felt the urge to urinate. I had to drop everything and go NOW. Around 4 months into taking NMN I noticed that was much reduced. In fact I don't have that strong urge any longer. My ability to do tasks that I had been doing for years such as typing, running the machinery in my shop.. all things that were classified as ""muscle memory"". They had all become more difficult. I had to think about doing them or I would not do them correctly. Too many times I pressed the wrong button on a machine, simply due to my ""muscle memory"" being screwed up. No longer. I can type without looking and rapidly. I don't have to think about which buttons to press on my machines.. just like I used to do. One small thing that may not seem important but.. I can now put my pants on without holding on to something, just like I used to do but had not been able to over the past 2 to 3 years. Can I attribute all those ""improvements"" to NMN? Nothing else in my life changed. Same diet, same routine, same bed, same job so.. yes I can. What else? My skin is softer, the age spots on my hands are gone, my energy level is flat out amazing. I lost about 20 pounds without even trying. I feel like my testosterone level is going up. How do I know that? I wake up with a woody every morning. Been a few years (longer actually) since I had that problem. Anyway. there it is. My study."
141,7 months ago,evidence_studies,0,The good news here is that the health of mice improved at some point 😂
127,3 years ago,,0,"They ban anything that has benefits. Meanwhile the government allows McDonalds, Hohos, twinkies, insulin, alcohol, tobacco, Coca Cola, and refined sugars for all!"
123,3 years ago,,0,"It's weird that just because someone is researching stuff as a ""drug"" it becomes illegal to take as a supplement. WTF."
122,5 years ago (edited),age_gate|benefit_energy|benefit_recovery,0,"Taking for 2 years nmn and trans resveratrol, metformen,  lots of vitamins that you recommend, your diet and intermittent fasting, read all labels on food , organic foods. starting back at gym may 1 now I that I have second shot Pfizer. Lost 55lb at healthy weight now, 64 years old lots of energy feel 100% better,  thanks Thomas for advice 2 years now"
118,4 years ago (edited),,0,These companies should face a class action lawsuit. I’ve never taken nmn but feel for those who wasted their money on these criminals. Truly despicable.
117,3 years ago,fda_ban|authority_trust|benefit_cognition,0,"Thanks for jumping on this so quickly, Brad. Very disconcerting that (a) the FDA would do this and (b) somehow Dr. Sinclair has influenced the decision. I'm perplexed about Sinclair -- I'm experiencing cognitive dissonance btwn his public persona and these issues re resveratrol and now NMN."
115,5 years ago (edited),dose|authority_trust,0,"This is not your sharing your experience, this is you plugging a particular brand. Also Sinclair takes 1 g, not  250 mg."
109,7 months ago,placebo|cancer_risk|authority_trust|benefit_energy,0,"I actually watched that David Sinclair video when he was on Rogan back in 2019.   I had gone through cancer treatments the year before (surgery and radiation) and felt crappy all the time for over a year.   I bought NMN and NAD complete from Renue by Science and started taking it in Dec 2019 as my only supplement after a multi vitamin.   I can say that it helped my energy levels, and general outlook on life greatly.    I was a special case, I reckon, but that was no placebo effect.   I still take both daily, along with many other supplements now."
106,2 years ago,,0,I've been taking NMN for several years and have made no lifestyle changes but my results are amazing. Maybe these trials need to be more long term.
105,3 years ago (edited),dose|timing_protocol|evidence_studies,0,"I was diagnosed with mild scarring of my lungs in April. I came across a Youtube vid of an experiment with mice using NMN, Sirtuins(Resveratrol) and Zinc. I started to take these NMN 1000mg, Resveratrol with Quercetin 1500mg and 30mg zinc every morning on an empty stomach. And with prayers. Yesterday, i had another CT scan on my lungs. The scarring has been resolved and disappeared! Praise the Lord!"
99,2 years ago,placebo|benefit_cognition|benefit_recovery|benefit_skin_hair,1,"This is weird because I have been taking NMN for 1 year, and my gray hair has diminished. My recovery at the gym is way better. My testeroon went up 200 points, and I feel sharper. How is this a placebo effect? Why are they trying to make NMN a prescription drug if it didn't work?????????."
97,5 years ago,benefit_joints,0,"My father has chronic arthritis. After a couple of weeks of taking NMN, his pain reduced dramatically. He no longer needs to raise his feet in bed, his knees don't give him any trouble and his fingers are now working again properly. He can't believe it. If you're considering trying these, I highly recommend it as I've watched my father struggle for years with his arthritis and it is wonderful to see him moving around with ease and smiling so much more. Thomas is right, besides less pain, my dad also said he felt much more energetic. So, since I have CFS, last week I started taking it and it's the only thing that has helped my CFS substantially. It's only been 12 days so I don't want to speak too soon, but I've done my first hike in 6 years and I've started to re-apply for jobs as if this continues then I know I'll be able to resume work. Hands down the best supplement I've taken."
95,5 years ago,,1,"Thomas, You mentioned this was your experience with taking NMN, but I didn't hear from you if it actually worked, how you felt, what did you notice? I'm happy to learn all about how it works, but what was your direct experience?"
95,2 years ago,authority_trust,0,Was an avid Dr Sinclair follower until I discovered this channel. Thank you for standing up for truth
93,4 years ago,,0,"I just contacted Amazon, citing my specific order and telling them of this analysis.  I also provided a link to this video. Thanks Dr Brad."
92,7 months ago,,0,Dr Dre told me I should supplement my eminem levels.
90,5 years ago,dose|timing_protocol|form_absorption|authority_trust,0,"Thomas, Dr. Sinclair also made a point that NMN requires a fat to enable the absorption so he mixes his powder with a small amount of plain high fat yogurt he makes himself. In addition, the dose he takes is 1 gram of NMN and 1 gram of Resveratrol every day. I highly recommend Dr. Sinclair's new book ""Lifespan"" for anyone who wants to know more."
89,7 months ago,,0,I'm 54 and taking NMN is a real game changer for me.
88,3 years ago,nmn_vs_nr_nad|evidence_studies,0,"the study you mentioned about NR was of middle-aged, obese, insulin-resistant men. As you mentioned in the beginning of the video, lack of exercise might decrease NAD. And I believe obese middle-aged men constantly have their NAD levels dropping. So the fact that by the end of the study their NAD levels remained the same might actually be a good thing, the NR coud've offset the NAD levels they are losing by virtue of being obese. For animal studies, NR and NMN have both shown to increase NAD in muscles. In a study on mice, NR supplementation increased NAD+ levels in skeletal muscle. Another study on mice found that NR supplementation increased NAD+ levels in the quadriceps muscle. In a study on mice, NMN supplementation increased NAD+ levels in the blood and skeletal muscle. Another study on rats found that oral administration of NMN increased NAD+ levels in the blood and gastrocnemius muscle. Proper human studies are needed, ideally not obese humans."
88,3 years ago (edited),no_effect|safety_side_fx|benefit_energy|benefit_recovery,0,"Thanks for the heads up. I just placed a one-year supply order. I never want to be without this again.  I know that you didn't notice a difference,  but I have muscle dystonia, so I seem to ""go through "" far more ATP than most people,  and MNM has been a lifesaver for me. I don't get worn out halfway through the day anymore. It doesn't matter that it doesn't measurably raise NAD plus levels in muscle tissue. It seems to just make ENOUGH available when it's needed so I don't run out of steam like a little wind-down toy. And yes, resveratrol is trash."
85,2 years ago,,0,excellent systematic overview. understanding what NOT to invest time/money on is just as important (if not more) as figuring out what does work
84,3 years ago,fda_ban,0,"According to my understanding of a Health Act passed by Congress some years ago (can't remember the year), the FDA lacks legal authority to ban naturally occurring supplements. We had this battle years ago over things like vitamin C, and the FDA lost the battle when hundreds of thousands of Americans wrote their Congressmen protesting the FDA's authoritarian over-reach. I'm not sure what makes them think they can do this now, other than the overt rise in corruption over the past seven years."
84,3 years ago,authority_trust,0,The more I learn about Sinclair the more I distrust him
84,3 years ago,,0,"You are always genuinely looking out for out best interests, health, and our wallets. We appreciate you. Everyone please find some way to support this doc."
80,5 years ago,,0,So basically this a commercial and you didnt really have any real results to share. Got it.
80,3 years ago,benefit_energy|benefit_cognition|benefit_recovery|benefit_joints,0,"NMN worked for me.  After getting spondylolisthesis, from running marathons, I could no longer run due to pain (late 40's, in fact I couldn't even walk without pain).    It totally changed my life (didn't change anything else around diet, etc)...  Arthritis pain in my back is gone, better mental clarity, better energy, and no longer need epidurals every six months to function.  Moreover,  I can run again pain free and at the same pace 15 years ago at the same heart rate.  I recommended to friends and family members and they've had similar results."
74,3 years ago,,0,I just started taking this and the results are fabulous! I hope they don’t ban it.
74,3 years ago (edited),fda_ban,0,FDA needs to be stopped or banned 😊
73,4 years ago,,0,Thanks for sharing this Brad! Is definitely shocking to see some of these results!
71,2 years ago,placebo|authority_trust|age_gate|benefit_sleep,1,"Dr. Stanfield - Here's an account of my personal experience when starting NMN supplementation.  I learned of NMN in 2019.  I was interested in its supposed DNA benefits.  At the time, I was in my late 40s and actively training in Brazilian Jiu Jitsu.  In Jiu Jitsu class, we always spent the last 30-45 minutes sparing, or ""rolling"" as we called it.  This was very intense physical activity, especially so given my age.  Each round was 5 minutes, with a 1 minute rest between rounds.  At my peek physically condition in those days, I was able to do two 5 minute rounds in a row (or on rare occasions three), and then I typically had to rest a full round before I'd have one more round in me.  After that I'd be done for the day.  When I started taking NMN, I found I was immediately able to do 5-6 rounds in a row.  At the time, I was unaware of the supposed cardiovascular benefits of NMN supplementation, so I'm disinclined to think it was simply placebo effect.  Adding on to that is the unlikelihood of placebo effect resulting in a sudden doubling exercise ability.  Is that an incorrect assumption? That said, if it wasn't the NMN, what could it have been besides placebo effect?  I wondered if maybe the NMN brand I was using contained an additive like caffeine, but I can't say for sure.  I don't think so because I know I'm very sensitive to stimulants as they greatly disrupt my sleep.  I've never had any sleep disruptions from taking NMN (or products labeled NMN)."
70,7 months ago,,0,I have mitochondrial myopathy. NAD boosters have been a game changer for me for the past few years.
70,2 years ago,form_absorption|evidence_studies,0,"Hi, Brad thanks for the review. I've looked up all of the 12 studies and 11 of them mention oral supplementation. Not liposomal capsules or sublingual powder. I think it is important to point it out, as we know that NMN is a fragile molecule that breaks down in our digestive system, so these findings are of very limited use."
66,7 months ago,dose|placebo|safety_side_fx|evidence_studies|benefit_cognition|benefit_sleep|benefit_joints,0,"Yi et al. (2022) 80 healthy middle-aged adults took 300mg, 600mg, or 900mg of NMN. All doses significantly increased blood NAD+ levels. The 600mg and 900mg groups showed improved walking distance (6-minute walk test) and better self-reported health scores compared to the placebo. Igarashi et al. (2022) Older adults (65+) took 250mg/day for 12 weeks. Results showed improved muscle function (specifically walking speed and grip strength) and better sleep quality compared to the placebo group. Yoshino et al. (2021) This study focused on postmenopausal women with prediabetes. Taking 250mg/day for 10 weeks increased muscle insulin sensitivity and insulin signaling, though it did not significantly lower overall blood sugar or blood pressure. Liao et al. (2021) In a trial with amateur runners, NMN combined with exercise enhanced aerobic capacity (VO2 max) more than exercise alone, suggesting it may help the body utilize oxygen more efficiently during physical stress."
65,5 years ago,,1,What was your experience? What were the good results?
64,5 years ago,,0,Investing in Cryptocurrency NOW should be in every wise individuals list in some months time you'll be ecstatic with the decision you made today 💯💯
59,7 months ago,authority_trust,0,"David Sinclair is truly just a charlatan, resveratrol, NMN, Metformin, alle Hype not basics 💀"
59,3 years ago,,0,"I have Muscular Dystrophy. No one has any answers. So, I took it upon myself. I started nMn in February. I've gone from wheelchair to walker, to walking on my own. I'm not a scientist, but I have tried every supplement available. NOTHING has shown the benefit that nMn has."
56,3 years ago,,0,Anything to stop people taking good health into their own hands.
53,1 year ago,,0,"Legend has it, that to this very day, no one know s how his experience was with taking NMN..."
53,5 years ago,dose|benefit_skin_hair,0,"It needs to be 1g NMN with 0.5g resveratrol. I've been doing this for ages now and it *does make a difference. I feel better in many ways; I can think and concentrate more easily, it's easier to keep fit and it's taken Years off my appearance. Also my hair is thicker."
53,3 years ago,no_effect|placebo|stop_restart|fda_ban,0,"NMN has been a huge boost to my mental health. It's not a placebo effect, since I didn't notice the benefits until I stopped taking for a few days. Taking NMN has made huge difference to how I feel. I feel amazing because of this, hopefully FDA will do the right thing."
52,3 years ago (edited),fda_ban,0,• Follow-up video here: https://youtu.be/RdnGm2_odfA • Full FDA statement on NMN: https://www.regulations.gov/document/FDA-2022-S-0023-0051
51,3 years ago,nmn_vs_nr_nad|form_absorption|fda_ban|benefit_energy|benefit_recovery,0,"I bought these when I first saw this video and didn't start them until waaay later... THEY WORKED. I had more energy for workouts, woke up easier, lost weight, gained strength. I've moved on to a liposomal all-in-one product that has nad+, NR, and NMN in it, and it's also been awesome. These things work! It's why they're being banned in the name of future BIG PHARMA PROFITS."
51,7 months ago,evidence_studies,0,Actually a study just came out about how raising NAD+ levels reversed Alzheimers. You might want to hold onto that tombstone for a bit...
51,2 years ago,,0,"Brilliant, unbiased, fact based content 👌🏻"
51,2 years ago,benefit_energy,0,I started taking do not age NMN five weeks ago and honestly have felt more stamina and definitely feel “better “ in myself .
50,3 years ago,timing_protocol|benefit_energy|benefit_sleep,0,"Buy it and stack up. The first time I took it, I immediately noticed the benefits. The very next day I felt pleasantly awake in the morning, and no matter what time I go to sleep I wake up the next day completely rested and with un-deny able energy. I am in my 50's and I am obsessed with looking and feeling young. This is a game changer. Buy it!"
46,4 months ago,,0,Absolutely brilliant! Thank you Dr. Brad!
45,2 years ago,evidence_studies|authority_trust,0,"Thank you, Dr.Stanfield. I’ve been very critical of some of your past observations/conclusions that seemed to simply parrot orthodox views. In this instance, I appreciate the time you’ve taken to critically review these studies. It brings to the top of mind — for me - that as well trained as I am in statistics & experimental methods, I still easily revert to unconsciously accepting statements by “experts,” and anecdotal reviews. Not doing so requires constant reminders we need to continually wake up to going on automatic pilot. In all areas of our lives. And to do that, we must CONSTANTLY expose even our most deeply held thoughts, judgments or conclusions to rigorous and fearless scrutiny and challenge. Again…and again. And one more thing: it reminds me that just because I don’t agree with some ideas from another person, doesn’t mean anything beyond that specific thing. It should not be concluded that I am “right” such that I cannot learn and grow from that person (or most anyone else). And also, maybe I’m not even right. The more we can find joy in this journey—of curiosity, discovery, including being wrong, and learning and growing, the better everything is. I value your time and work. Thank you. Finally, I love your way of thinking about, and the formulation of, your vitamin and mineral supplement. Respectfully, Jason B."
44,2 years ago,benefit_recovery,0,"You will see the difference when you are doing heavy exercises intermittently, say once a week or intervals more than that. Muscle recovery is far more improved when taking NMN based on my experience. Before taking NMN, it takes me 2 to 3 days before my muscle sores go away. But after taking it, my muscles are no longer sore after a heavy workout even after being sedentary for a while."
44,3 years ago,fda_ban,0,"It’s a “drug” because it works, which means they want their ~4M$ in FDA application fees."
43,7 months ago,,0,Im glad you take your time to kill hype. That is even more important than spreading it.
42,2 years ago (edited),nmn_vs_nr_nad|safety_side_fx|evidence_studies,0,"I’ve been taking NR for four years.  I’m 80, and I feel great, but there’s no way to know if it’s because of the NR, since the science is still in it’s infancy.  I figured if it eventually pans out, I’ll be glad, and if it doesn’t I’ll have wasted some money, so I chose to risk the money.  So far I have seen precious little in the research about negative side effects.  We know it extends healthspan in mice, but there aren’t any mice on either side of my family."
42,2 years ago,nmn_vs_nr_nad|dose|placebo,0,"This squares with my experience. I took 1g NMN for a year, and measured blood NAD levels before and after. I had a significant boost in blood NAD, which suggests my microbiome didn't munch all of it. I did feel great the first few weeks after starting, but that wore off, consistent with the placebo effect. I'm now repeating the experiment with NR."
41,2 years ago (edited),form_absorption|evidence_studies|benefit_recovery,0,"I use NMN for recovery in endurance sports. I’m an iron man triathlete and train 13-19 hours a week and sublingual NMN makes a MASSIVE difference in performance and recovery feels like a 100% boost. Would not want to train without it. Anti aging is irrelevant to me and these studies looked at vo2 max and max strength. Again, irrelevant, the only drugs to boost these are anabolic steroids. NMN boosts RECOVERY AND RECOVERY IS MASSIVE IN SPORTS TRAINING…. Also muscle NAD is boosted with sublingual rout and IV not oral. Something the study didn’t look at… increased insulin sensitivity at the muscle may play a very important role in both recovery and endurance."
40,7 months ago,nmn_vs_nr_nad|form_absorption|tmg_methyl|stop_restart|benefit_recovery,0,"Years ago I started on NR then changed to nmn powder, the effects when you take don’t seem noticeable until you stop taking it, that’s when I notice a difference. I take nmn, tmg, creatine. I’m 52. My dad is 78 he’s been on it for years also, goes to the gym everyday, he wouldn’t change it for anything."
39,3 years ago,,0,"I started taking verso NMN & Resveratrol and I had a micronutrient test done before and after and there’s a significant improvement in my results. In terms of overall well-being, I made multiple changes in my journey so I can’t just attribute my improvement to this supplement."
39,3 years ago,fda_ban,0,Don’t give up on supplements. Diet and amino acids are a definite part of regimen that should be included in your anti aging. If you keep researching you will find many things that work and will never be banned !
38,4 months ago,,0,We really need a man like you who tells us the truth.
38,4 months ago,safety_side_fx|benefit_energy,0,"Same… I kept switching things 🫠 based on new research… but my body still felt heavy, puffy and low energy daily. Nothing worked long term and I felt stuck for years. It made no sense. Then I saw people talking about Eat.Like.a.Woman.Protocol (Loren.Green). I gave it a try and wow—30 lbs down, flat stomach, no more constant bloat. It’s wild how different things feel now… feels like a secret honestly"
38,2 years ago (edited),evidence_studies|authority_trust,0,Really unexpected finding in that last study 💪 Join Patreon for early access to my videos & Discord chat: https://www.patreon.com/bradstanfieldmd
38,4 years ago,,0,"Terrific chart. Thanks. Minefield: Without you (and testers like LabDoor), it is mostly guesswork to pick supplements. Of the brands listed, I recognized Jarrow, Toniiq, and DoubleWood as brands that I normally think of as ""trustworthy"". Nice to see those guesses confirmed by actual testing. More importantly, I now know about LabDoor, and that you trust them. Especially big thanks for that!"
37,4 years ago,,0,There should be a class action against amazon for allowing this to go on. I spent 30 minutes looking at the name and addresses for these NMN companies. I managed to trace one that looks to be a parking lot in an industrial zone next to a metal recycling company.
37,3 years ago,,0,That must mean it works.
36,5 years ago,authority_trust,0,I was wondering when you’d talk about David Sinclair’s research. His book is incredible!
36,4 months ago (edited),authority_trust,0,"Sadly, in our modern world, telling the truth is often less profitable than selling snake oil. Thanks for staying the course in pursuit of the truth Dr. Stanfield."
36,3 years ago (edited),just_take_niacin|nmn_vs_nr_nad|price_value,0,I take it because I can't take Niacin and when looking at the options it was cheaper than NR.  There is a battle over which is better NR or NMN .. both are NAD boosters and I think people should take whatever NAD booster that work best for them including Niacin.    Taking mountains of these vitamins probably isn't really helpful its just a waste.  It has most definately helped with the things that B3 is known for though.
35,5 years ago,just_take_niacin|nmn_vs_nr_nad|tmg_methyl,0,"You should probably research taking TMG to support an increase in methylation cycle when supplementing with NMN, NR and/or high doses of Niacin. Could be very important and is often overlooked."
35,2 years ago,age_gate,0,"I have been taking NMN for years. Not counting. I will be 57 this year and I can do more pushups than when I arrived at bootcamp when I was 18 years old and in the greatest shape of my life. I don't know man, something is working."
35,2 years ago,price_value,0,"I have taken many supplements throughout my life and I feel like NMN is one of the few that I can feel a difference when I take it. I feel like I can get another 15% of productivity out of my day. I know this is anecdotal, but I hear similar results from my friends. It works well for me so I’m going to continue to take it even though it is expensive."
35,2 years ago,placebo|benefit_energy|benefit_cognition|benefit_recovery,0,"This is huge in my view.  I’ve been questioning the value of NMN for months as I’ve been on it ( from DoNotAge) for 20 months.  I’m a 68 yr old male in good health and have experienced zero impacts from NMN in workout, energy, cognition, etc.  Many of the YouTube influencers rely on their personal workout experiences to validate the value of NMN and I’ve been increasingly suspect of these anecdotal, placebo prone reviews.  While I like what Berberine has done for my blood glucose and A1c levels , along with my lipid levels…I’m not planning to buy any more NMN from DNA or other reputable suppliers.  I’m also a big fan of Creatine but NMN seems like a waste of $ and I’m ending my use of it."
34,7 months ago,evidence_studies,0,"NMN mice are the most overworked rodents in scientific history. These poor little guys jog on treadmills, get force-fed miracle molecules, and suddenly every human with a credit card is like, “Yes. That’s me now.”"
34,7 months ago,,0,Nicotine patches are helping people with Long Covid.  It helped me.
34,2 years ago,nmn_vs_nr_nad|no_effect|safety_side_fx,0,"I've been taking NR for several years. First week of taking it, I had heart palpitations. After the first week, everything settled and didn't notice much difference except slightly better endurance when exercising. After about a year however, looking back and comparing pre and post blood works. Wow, what a difference it has made. Lower cholesterol and much lower triglyceride. Started my mother on it, and again, after about a year, her blood sugar went from Type 2 diabetic levels to be within the normal range. Neither of us changed our lifestyle or diet when taking it. One set back though, NR did seem to agitate my liver quite a bit."
34,2 years ago,evidence_studies,0,I would like to hear your thoughts on Astaxanthin 😊 I think there's quite a number of studies on it of various quality.
33,7 months ago,evidence_studies,0,"No matter the results of studies, people who are taking NMN and are seeing improvements in their health and wellbeing, will continue to take it.  The same goes for any supplement or diet."
32,7 months ago,form_absorption|benefit_sleep,0,"I thought anti-aging lived in capsules 🫠 but my body was overloaded. Nothing worked until I fixed the basics. A friend recommended the Balanced Woman Playbook by Mira Wells and said it helped her feel youthful again from the inside. She wasn’t wrong—flat belly, calm digestion, better sleep, and 30 lbs down. Feels like real anti-aging that doesn’t get marketed."
32,2 years ago,,0,"NMN has been a game changer for me. Y’all can take what you want, I don’t really care. But If you are over 55 you may want to consider it. Don’t take my word for it, get your NAD levels tested before and after."
31,7 months ago,evidence_studies,0,Studies can be manipulated depending on who funds them and their interests!
31,7 months ago,benefit_energy|benefit_cognition|benefit_skin_hair,0,"Anti-aging videos always pulled me in because I felt older than I was 😅 low energy, dull skin, brain fog, bloating after meals. I tried supplements like NMN hoping they’d fix it, but my body barely responded. It was disappointing. In a women’s healing forum, someone mentioned Balanced Woman Playbook by Mira Wells and how aging signs calm down when digestion detoxes. I tried it and slowly felt younger—clearer skin, steady energy, and 26 lbs gone. Didn’t expect food patterns to do that."
31,2 years ago,storage_heat|benefit_cognition|benefit_joints,0,"Excellent review! The evidence is overwhelming that the number one anti-aging pill is exercise. And the three types of exercise to focus on are cardio respiratory fitness, strength training, and mobility / stability training. Much thanks for taking the considerable time and attention required to produce this and all of your videos, Brad!"
31,3 years ago,benefit_recovery,0,"I've spent a lot of money on supplements like NMN over the past year, which unfortunately I probably should've spent on gym memberships and massages. I have a feeling the longevity supplements field will be the wild west for quite some time. Thanks for helping bring us back down to Earth."
30,4 years ago,form_absorption,0,"Hi Thomas - please do a follow up video on your NMN experience and if you've tried taking any of the other forms of it other than capsules like the powders, gels etc. Appreciate all your knowledge and advice."
30,3 years ago,just_take_niacin|price_value|safety_side_fx,0,"If they ban NMN, then switch to niacin. But only the type of niacin that gives you a flush. In other words, nicotinic acid. It raises NAD+ and it's dirt cheap."
30,3 years ago,benefit_recovery|benefit_joints,0,"I am on 2 months on NMN and Resavertrol and i must say it has helped me from devastated chronic low back pain above 10 on the pain scale! I am alot better now in running which i could not run anymore. I was bed ridden! I have nothing to lose, I will continue to take them."
30,3 years ago,just_take_niacin|nmn_vs_nr_nad|timing_protocol|safety_side_fx|authority_trust|benefit_energy|benefit_skin_hair,0,"The benefit of the NMN/NR/NAD+ supplement I take, over the NR supplement I’ve compared it to, is that I feel more energetic and have massively greater exercise endurance. For example, I’m ordinarily too tired to exercise at all, yet on the combined supplement (which I also take with re rest of Sinclair’s stack) I was able to stand and shovel heavy gravel of 8 hours straight the other day, with only a couple of brief breaks to eat and hydrate, and even afterwards, didn’t feel the need to sit down. And I see massive improvements in HRV. I’m similarly testing Niacin, which also shows improved HRV, but makes my skin burn and itch to the point of distraction, so I can only take it at night, missing the exercise benefit. It’s the microbiome that is the missing conversion pathway by the way. I take akkermansia, and eat a whole food vegan diet, which is critical in the conversion pathway. The microbes that convert NAD+ require exercise and fiber to propagate."
30,2 years ago,price_value,0,"Thanks for this, Dr Brad!  I only wish I'd seen it before I blew $75 on NMN last week 😔."
29,4 months ago,just_take_niacin|cancer_risk|benefit_skin_hair,0,I changed to niacin years ago.  I have photo damaged skin.  It reduces the amount of pre skin cancer by 50 percent and skin cancer by 25%.
29,3 years ago (edited),just_take_niacin|benefit_energy,0,"Thank you for the explanation in the video. It is informative. For those who prefer chemical names rather than just abbreviations :- NMN = niacinamide ( aka nicotinamide ) mononucleotide is a vitamin B3 variant > small enough for transport into cell where it is converted into the bigger NAD+ = niacinamide ( aka nicotinamide ) adenine dinucleotide, which is the actively usable derivative involved in mitochondria within cells to generate energy (Adenosine Triphosphate ATP). Ageing  > decline in NAD+ > decline in cellular energy production > deficiency in repairs."
29,2 years ago,just_take_niacin|benefit_energy|benefit_recovery,0,"I found NMN useful in removing age related fatigue. I also found adding B3 to a carb loaded Creatine had the same effect which shouldn’t be a surprise as NMN is a combination of B3, sugar and Phosphate. It is definitely doing something for me and has been life changing in that I now have the energy to train and the gym after working all day."
29,4 years ago,authority_trust,0,"The brand I've been using for 12 months is top of the list showing as ND. Obviously, I'm annoyed now knowing I've been likely ripped off. And not knowing what I've been taking is somewhat worrying too. I hope that this is taken to the relevant authorities and action, criminal if need be, is taken. Thanks, Doc for the heads up on this. We all need to be more vigilant and careful, there are scammers everywhere it seems"
29,2 years ago,,0,I took for over a year and I still have no clue if it makes any difference.
28,7 months ago,,0,"Thanks Brad, We are lucky to have you around."
28,3 years ago,benefit_energy,0,Just started taking NMN and the energy and mood improvements is unreal. Especially after trying over 100+ supplements
27,4 months ago,,0,"I'm still taking MNM but data over the last few years, as you stated, is telling me it's a waste.  Wow and thanks."
27,7 months ago,dose|safety_side_fx,0,"I have been taking 1000mg and 30mg of Glutathione for 9 months. I had a fatty liver for 10 years, had an ultra sound last month and its gone. Its the only thing i changed."
27,7 months ago,tmg_methyl|placebo|evidence_studies|benefit_energy|benefit_recovery,0,"I been taking NMN for the last 3 years and the first year I have a sustained boost in my energy level, especially as someone who works overnight. A year later I heard about TMG and take it on and off. I used to take a whole day to rest to recover from work and the first 1 month after NMN, I had energy to do all my errands. Placebo or not, I'm still going to take it. Placebos is not nothing as the sickcare system tries to portray. I like to see all sides but you do have a financial incentive to downplay NMN. So I'm skeptical of what you are saying and will be looking into who is financing these new studies too. I hope others will do the same."
27,7 months ago (edited),nmn_vs_nr_nad|tmg_methyl,0,"Haha, at the end of the video, I got it. This doc was selling his TMG formula while keep saying no evidence of NAD+ precursors (if using alone, i.e., single-ingredient). Nowadays,  NR and NMN may bring you multi-ingredient formula with senolytics , etc. He should be re-educated and take a look at the work of the Global Health Span Extension Consortium."
27,3 years ago,,0,"I love your unbiased analysis on NMN and the research done. Thankyou!  I will say I take it with other supplements.  I don't care about living longer, I just want to feel better.  I am 63 and have had a number of heart attacks due to a fairly large hole in my heart which I have had since birth.  NMN helps me feel better.  However, after watching this presentation, I am considering trying niacinamide instead.  If I get the same results I will stick to it."
26,4 months ago,just_take_niacin|dose|authority_trust,0,"Saw Sinclair on a podcast recently where he revealed, along with his daily dose of NMN, he takes very high doses of vit B3 - now we know why, & that he too knows he's selling snake oil. Thanks for the update, Doc"
26,7 months ago (edited),evidence_studies|benefit_cognition,0,"Thank you for posting ""negative"" study results (null hypothesis validated). The positive results bias in research is depressing. Your focusing on what DOESN'T works leads us to know what actually could work. Please, please do more of these!"
26,7 months ago (edited),just_take_niacin|price_value,0,"Post 2020 the biggest secret is nicotinic acid, aka flush niacin, for NAD+ production.  And it's way cheaper too."
26,2 years ago,benefit_sleep,0,"Nice analysis. Would be cool to see you interview Bryan Johnson - Blueprint, or at least go over his protocol including his diet, exercise, sleep and supplements, or maybe a video on each category. Need more rational doctors giving a breakdown of it."
26,3 years ago (edited),authority_trust,0,"💪 Join Patreon for early access to my videos, the '5-Years Younger' online course, & Discord chat: https://www.patreon.com/bradstanfieldmd"
26,2 years ago (edited),evidence_studies|authority_trust,0,All [18] NMN human studies are linked in the video description 📜Roadmap - how to look young & feel strong: https://drstanfield.com/pages/roadmap
25,3 years ago,benefit_skin_hair,1,"I had a mole like growth on my head that I was contemplating getting cut out by a skin doctor. It had been on my head for a few years.I had nmn in my cupboard and some reversatrol for 6 months. And thought I’d start using it. With no thought to the mole on my head at all. Within a month, the mole had disappeared to the point where there’s like a small indent pock mark, like akin to acne scar where the mole was. I fully believe in this product. And who knows what good it could be doing on the inside?"
25,3 years ago,,0,"Watched this from beginning to end, but still waiting to hear YOUR experience. This never got past the background info about NMN."
25,3 years ago,,0,Unbelievable! What a corrupt society we live in...
25,4 years ago,,0,This is huge problem with supplements in general.
25,2 years ago,,1,"I appreciate this summary.  Would it be possible to eventually compare the seemingly empty promises of NMN to the new findings on glycine, NAC, Taurine and whatever amino acid/vitamin combination that shows promise?"
24,5 years ago,,0,"If you're wondering why he never got into the details of his results....it's because this was more of a ""commercial"" for the Affiliate program with the link in the bio. Notice the keywords in the title and how he repeatedly said it in the beginning of the video. It helps him rank the video easier."
24,4 months ago,evidence_studies,0,A study of 6 people is a waste of time.
24,6 months ago,just_take_niacin|nmn_vs_nr_nad|safety_side_fx|age_gate|benefit_skin_hair,0,I can tell you for certain through my own trails on myself NMN and nicotinamide riboside have both individually cured my senile purpura. By individually I mean I have used each separately. I  dealt with the bruises and bleeding and thin skin peeling for years and came across an article about nicotinamide improving thin skin and it worked beautifully. I have gone off it and within 90 days the symptoms recur. It has also removed most of my age spots people call liver spots. Just wanted to share that.
24,3 years ago,nmn_vs_nr_nad|dose|timing_protocol|benefit_energy|benefit_cognition,0,"I’ve been taking 500mg Lipo NMN and 125mg Lipo trans-Resveratrol every morning (on an empty stomach) for about 6 days. I also take one NAD booster in the afternoon around 2pm which contains 125mg NMN, about 80mg NAD, and about 80mg NR. I must say my energy levels and mental clarity are greatly improved! I’m also amazed at how much better my mood has been. I’m not as irritable or depressed (I have chronic depression and GAD). Will definitely continue to take it!"
23,4 months ago,just_take_niacin|price_value,0,I took nmn for a few years got my  nad checked and it was optimal so started taking niacin for a cheaper option for 6 months tested nad and levels were low so started taking nmn again.
22,4 months ago,,0,"it is interesting that doctors recommend mRNA vaccines that lacks enough clinical proof, but keeps telling people to stay away MNM.  That is the world we are having now."
22,7 months ago (edited),nmn_vs_nr_nad|safety_side_fx|evidence_studies|benefit_recovery,0,"My own experience with NR and NMN has been very positive. I've been taking it regularly for about 13 years. I usually take NR, but occasionally switch over the NMN. I'm 62. In those 13 years, I've only been sick 3 times. Two of the three lasted only a few hours. One was Covid, which I recovered from with three days, with no lasting effects. I also give it to my dog, who turned 17 in October. I'll keep taking it. I do take other things, but my husband only takes NR and he is also rarely sick, even though we've had sick people in our house. By the way, to all the snippy people, I'm just sharing my experience! I'm not paid by the manufacturers and I'm not presenting myself as a scientific case study. Just saying I've been happy with the way things are going. Geez, lighten up, people! lol"
22,2 years ago (edited),price_value|benefit_cognition,0,"I must admit I'm quite relieved to learn NMN isn't all it's cracked up to be. The cost of supplementation collectively is not cheap and NMN in particular is quite an expensive option and for that reason alone I have not indulged, but rather focused more on supplements with well-established benefits.  However, admittedly I did suffer a certain level of FOMO with regard to NMN and so it's good to now know I've not really been missing out on anything after all.  Phew!  👌"
22,3 years ago,benefit_energy|benefit_cognition,0,"I've been taking it for two years and see a big difference, in fact it solved an issue for me that Doctors couldn't. My parents in their 60s take it and both see an increased level of energy and memory capacity. I will continue to take it."
22,3 years ago,stop_restart|authority_trust|benefit_recovery,0,"I'm a 74 yr old male athletic runner/cyclist/resistance exerciser. I began taking NMN and resveratrol a year ago. I did not feel a significant difference in my running performance in the first few months. But my running began to feel harder about the same time. I began feeling muscular skeletal pain of sorts. I could not firmly ascertain exactly what I was feeling but I definitely did not feel strong and vigorous during my runs. This condition was consistent. My times dropped off significantly. I wondered if it was just an age related condition. But, I wondered why that would be the reason as I am a WFPB vegan with an astute sense of proper nutrition. I did not feel the cause of my decline in running performance was age. I discovered this channel just the other day, July 30th. I decided to stop taking NMN and resveratrol, one gram each on that day. My 6 mile run on August 1st was significantly improved equal to my running performance prior to taking these supplements. I realize it is too early to know for sure if the supplements were the cause of diminished performance. I have an intuitive sense that the supplements are the cause. I will update periodically. I want to thank Dr. Stanfield for his diligence and activism in alerting people to the facts."
21,3 years ago,,0,"I have taken nmn for over a month and this is what I experienced 👇 after the 3rd week of nmn supplementation, I stopped having cravings for sweet as well as starchy food like rice (I am asian and used to eat a lot of rice almost on a daily basis) I also feel much fuller these days even after having a light meal (I used to be a big eater and was always hungry) after some reading, I discovered I may have suffered from INSULIN RESISTANCE for many years WITHOUT REALIZING it, and that is why I was always hungry and had cravings for sweet food nmn has somehow reversed or reduced my insulin resistance and I've lost some pounds of weight too I plan to continue taking it hope that helps ️"
21,4 months ago (edited),evidence_studies|authority_trust,0,All 11 studies referenced in the video are linked in the video's description 🩺 Get your personalized health roadmap from Dr Brad: https://drstanfield.com/pages/roadmap
21,3 years ago,fda_ban,0,"No, they are making it prescription only due to the donations from that company. In fact the CEO of that company spent time telling people to take NMN as a supplement while secretly setting up the FDA ban."
21,2 years ago,dose|price_value|evidence_studies|age_gate|benefit_energy|benefit_sleep|benefit_recovery,0,"Sorry, I couldn't watch the entire video, but here is my experience, I am 37 have been taking NMN for last 2 years and I workout as much as a 20 years old guy in my gym I lost this stamina about 2 years ago and thought I couldn't compete with them ever again, I accepted that I was growing old not any more. But my twin brother who isn't on NMN is experiencing a lot of issues, forget about working out, he can't walk much he has to take a lot of rest in the bed and that is a very bad sign. But we can contribute it to our eating habits and lifestyle choices since we were 20. Coming to my Mom, she is 60+, she has always been a very active person, but since 2021 she was not able to do household works she would start cleaning and then would sit take rest and complete the work later on, she wouldn't be able to stay standing up to cook the food and was getting very frustrated, I was more frustrated that she was not taking rest and was yelling at people due to the fact that she can't work as much. Then came corona people started to die left, right, center in India, so many died in my own locality, I was not going to give NMN to my mother but was afraid that I would lose her. No clinical trials were done on humans that I was aware of, I gave her 500 mg A day and she was working as she used to, she never felt tired again. She started to sleep like a baby. She has been active like she was 20 years ago. She is outworking everyone except me in my family, so I don't know about these studies but this stuff works and if you are on it (now it is cheaper then before), continue taking it guys."
21,2 years ago,dose|timing_protocol|tmg_methyl|placebo|evidence_studies|benefit_energy|benefit_cognition,0,"When I started taking NMN, I changed nothing else. I was already exercising daily and eating well. I saw a big improvement in energy and mental focus after starting NMN. I don’t think this is due to a placebo effect since I have been taking it for more than three months. There is something to NMN and I will continue to take it (1000 mg once a day in the morning). I am a woman without existing health problems (and not over weight). Don’t know if that makes any difference. Regarding the studies cited in this video, I am wondering if how one takes NMN and with what other complementary supplements affects its effectiveness. I take it in the morning on an empty stomach and follow it up with TMG."
21,3 years ago,placebo,0,I’m a nmn user. My life has improved since taking it. I also started fasting til 6pm when I started taking it. I believe in placebo over physical medicine anyway sooo yeah nmn is fantastic.
21,3 years ago,just_take_niacin|authority_trust,0,"I’d like to hear about Sinclair’s statement on this. Along with NMN being sold on Amazon, so many faulty products on there. NMN over time turns into nicotinamide which is an unstable version of NMN and actually turns off sirtuins which can lead to accelerated aging…"
20,4 years ago,age_gate,0,The older you are the more NMN will have an effect. Honestly I don't think there are many benefits for under 40s for taking NMN at least benefits that are noticeable. For this video you should have  got someone over 50 or 60 to test it.
20,4 years ago,benefit_energy|benefit_cognition,0,"I have tried so many things to help with my energy. When I had children my energy levels dropped significantly and I have struggled with my weight. I work for a wellness pharmacy and we make NMN with astrogen so I gave it a try. I am sleeping much better, also am more alert as soon as I wake up. My focus has improved greatly. I haven’t been taking it for super long term to have a description of long term effect, but I can say out of everything I’ve tried both supplemental and prescribed, this has been helping me immensely!"
20,7 months ago (edited),evidence_studies,1,All 8 studies referenced in the video are linked in the video's description NMN Human Studies Review Video: https://youtu.be/am2RHcPOaLA?si=exUdowKePDdgnT3T
20,3 years ago,authority_trust,0,"So Dr Sinclair has founded a company to manufacture a proprietary variation of NMN and is now working to remove NMN from the market, so he can monopolies it with his proprietary version."
19,4 years ago,,0,Maybe a good idea would have been to test your nad levels before and one month after supplementation of the nmn. There are testing kits now available for this
19,4 months ago (edited),,0,Took both of it separately for months and noticed… zero.
19,2 years ago,benefit_joints,0,"I am 48 and was having meniscus injury at my knee joint. I had been suffering pain for years , not even any medication can cure my problem. After taking NMN for 3 months, my pain gradually go away , and now i can start back my jogging from 1k intially to alomost 10k  training per session.  Hence, i really doubts of your findings here honestly."
19,2 years ago,dose|benefit_recovery,0,I have been taking it for 3 or 4 months I can tell you I feel amazing when taking 1000 mg a day I can easily run up a mountain   Performance is excellent.   And I am 72 ….
19,2 years ago (edited),form_absorption|price_value|placebo|safety_side_fx|evidence_studies,0,"Brad, I take all my NMN powder sublingually. I started out mixing it with water and administering it sublingually with a dropper, because it was so expensive. Even though the price has gone down I now take scoops of powder and put it under my tongue. I'd really like to see some studies done with sublingual delivery because, wow, if it's a placebo what a placebo."
19,3 years ago,cancer_risk|age_gate|benefit_energy,0,"I can personally highly recommend NMN from Renue by Science.  I’m 53, male, physically fit, and a cancer survivor (prostate surgery and radiation).  Last year I felt like I was 72 years old, from the radiation treatments.  8 months on NMN, and other supplements, and my stamina is all back to normal."
19,3 years ago,authority_trust,0,David Sinclair clearly pulling some sort of scam
19,3 years ago,,0,Man I am so sick of the shady culture surrounding this industry.  Its all about the $$$ and not about peoples health and wellbeing.
18,2 months ago,authority_trust,1,dr Stanfield you have a shop too so why should we believe you when you have a financial interest too ?
18,7 months ago,nmn_vs_nr_nad|tmg_methyl|price_value|placebo|safety_side_fx,0,"I've gone back and forth on these supplements. I took NR for about a year and thought it offered benefits. Then I switched to NMN, but didn't see any added benefit, so I switched back to NR as it's cheaper. Then I stopped for around 18 months because of information like in this video, as it seemed like I was wasting my money. However, lately I've started on NR again, and I do feel much better. Anecdotal, I know. Maybe placebo effect, but if so it's a long-lasting effect ... and perhaps it doesn't matter if it works in some way for me. I also having been taking TMG through all of this experimentation. Given that I felt somewhat flat during the period I took TMG and not NR or NMN, it may be that TMG and NR are working together to offer a benefit."
18,2 years ago (edited),,0,I`ve recently noticed a proliferation of anti-NMN findings coming from various corners. Like it`s being orchestrated.
18,1 year ago,,0,"NMN benefit was never purported to be a muscle enhancer like Creatine so muscle results aren't that important. What is important is increased ATP, DNA repairing, and Metabolic support increases for older people. . . . ."
18,3 years ago (edited),,0,"This is concerning, but (at this time) NMN is still being sold. For example, all of the usual good and bad sellers on Amazon (U.S.) are still advertising it. There may be a closing window of time though for people who want to buy it."
17,7 months ago,benefit_energy,0,NMN is a great gateway drug for healthy lifestyle due to it's visceral effect on energy and mood.
17,2 years ago,dose|placebo,0,"Thanks Brad, good video. I have to agree with your findings, I've been taking NMN (.5g-1g daily) consistently for the past 6 months and I've found no notable improvements in my health. I have always adhered to a very good diet and exercise regimen and am not very susceptible to any placebo effect. Thanks again."
17,3 years ago,nmn_vs_nr_nad|benefit_recovery,1,"One peculiar thing about this report is that it was run by Chromadex who manufactures Tru Niagen, an NR variant. Given the growing NMN popularity that overshadowed that of NR, it would be reasonable to assume it's in their interests to expose (or ""expose""?) the competition.  @Brad any comments about that?"
17,2 years ago,benefit_energy|benefit_recovery|benefit_joints,0,"I’ve been taking NMN for about a year. I definitely have noticed more energy. I am a 50 year old female. I am a very slow occasional jogger but I was talked into a half marathon. I haven’t run over 3 miles in a year. I thought I would walk/run. I did walk/run but I set a personal record. The last half marathon I did was 12 years ago and this half marathon was 25 minutes faster. 🤷🏼‍♀️no soreness, no knee pain"
17,3 years ago,,0,"Thanks for the content. I take NMN but don’t want to do so dogmatically, so hearing evidence-based criticism is appreciated."
16,1 year ago,benefit_skin_hair,0,"I’ve been taking it for two years and it’s been a miracle supplement for me, even reversing my gray hair."
16,5 years ago,,0,"There are so many mixed reports on taking NMN and I'm inclined to think that if you don't get a noticeable result from it within a few days of starting, then you probably don't need it. My own experience is that NMN has totally changed my life from the second day I started it. I'm 59 BTW."
16,3 years ago,fda_ban,0,Someone should ban FDA.
16,3 years ago,,0,Greed. They're doing the same thing with NAC! These people are criminals.
16,7 months ago,benefit_energy,0,I love nad+... Energy levels through the roof. Love the stuff
16,7 months ago,just_take_niacin|price_value,1,"I've been taking regular Niacin/B3 as a cheaper alternative, hoping for some of that alleged benefit. I suppose it doesn't hurt, at least? If I were to continue with it."
16,2 years ago,evidence_studies|benefit_recovery,0,I've been taking it 3 years now.  Never had the euphoria experienced by others but then again I have eaten a well balanced whole plant diet for 22 years and weight lifted the entire time several times weekly.  I guess I will just bin my latest batch from donotage and wait for the rapamycin studies lol.
16,3 years ago,fda_ban,0,"When you acknowledge the real reason why the FDA banned this supplement, you already know it has real benefits behind it."
16,3 years ago,just_take_niacin|nmn_vs_nr_nad|evidence_studies,0,"Thanks Dr. Brad, especially for discussing the exercise study.   There is also work from  Prof. Janet Lord which shows major immune system benefits of exercise in older people (including thymus preservation, which might be a partial consequence of staying relatively lean).   Also work from Adam Antebi's lab showing that low insulin (in mice I think) raises plasma AKG and NMN, a lot.  Other studies showing major benefits to overall health from simply walking more.   I stopped NR (Basis) a couple of years and just make sure I get a reasonable amount of nicotinamide.   Also make sure to get plenty of quercetin, apigenin, and EGCG in my diet as they appear to help modulate the NAD+ salvage pathway to avoid depletion."
16,3 years ago,just_take_niacin|benefit_energy,0,"I tried NMN and I even still have like 20 grams of it but it gives me nothing compared to what I get from taking B3 Niacin (Nicotinic Acid), this gives me way more energy and good feel!"
16,2 years ago,price_value|evidence_studies|benefit_joints,0,"Glucosamine sulfate is effective, according to several meta analyses. Studies also including glucosamine hci fail to find an effect. Details matter. Combining collagen hydrolysate and glucosamine sulfate is probably a very good idea to prevent cartilage degeneration. One should also not confuse cartilage regeneration and joint pain, because joint pain can have different causes, such as muscular or connective disbalances, or inflammation at other parts of the joint aside of cartilage. Maybe damaged cartilage started the inflammation cycle, but then other tissues started to get inflamed as well and continue to be after cartilage issues have been resolved, and same goes for inflammation because of muscular and structural imbalances which could be caused by pain from cartilage damage in the first place but stay even if cartilage has been regenerated. So to resolve joint pain, just improving cartilage often is not enough and is not a reliable marker for if a supplement improves cartilage or not. Again, details matter. Tip for anyone with joint inflammation, try taurine, it really helped me. Still supporting my cartilage with collagen hydrolysate and glucosamine sulfate though. Also, glucosamine sulfate is so cheap, cost is not an issue as well."
16,3 years ago,authority_trust,0,David Sinclair appears to be a better business person than a scientist
16,3 years ago,,0,wow thanks alot for doing this and going all the way to bottom with this
15,4 months ago,nmn_vs_nr_nad|price_value|benefit_recovery,0,"I’m beyond frustrated…I’ve been taking nad, nmn and nr for months because I have terrible exercise intolerance and feel depleted after workouts. This is good information so I guess I’ll take the $2 vitamin ❤"
15,4 months ago,benefit_energy,0,"I am in my eighties and started taking NMN around 2 years ago. I can't comment on longevity, but the one consistent attribute I have noticed has been a significant increase in energy levels to the point where I have surplus energy, and this hasn't gone away."
15,2 years ago,,1,Side question... why are your eyes always red?  Is it some medical condition or something else?
15,3 years ago,fda_ban,0,I hope they didn't ban NMN. It appears it says β-NMN is banned because that is a polymorph being studied as a pharmacological.
15,3 years ago,,0,"Cheers Dr Brad, this is exactly why I never jumped on the band wagon and will continue to do what I've been doing for a very long time which is great diet, exercise, etc"
15,3 years ago,authority_trust,0,"Dr. Brad, thank you so very much for informing us of all these new developments related to NMN. I am beginning to have doubts in the genuineness of Dr. Sinclair. I think we all need to dig much deeper into these issues and find out what is really going on with Dr. Sinclair."
14,5 years ago,benefit_energy|benefit_sleep|benefit_skin_hair,0,It helped with my energy like the first week of taking it and helped with my sleep my skin started looking smoother about two months of taking it and I take reverstol with it
14,5 years ago,benefit_energy,0,I will say from my own experience that taking verso has super charged me to the point where it compares with the energy levels I get from fasting sometimes dare I say possibly eclipsing it but not always I'm 27 and this stuff is fantastic!
14,5 years ago,benefit_skin_hair,0,"it's so good! I already can see results after 2 months like stopped hair loss, glowing skin, mind clarity!  There so many sceptics but for me its working so I will keep taking it. I recommend NMN ANit Age and Dr Age best brands ( Australian)"
14,7 months ago (edited),tmg_methyl|storage_heat,0,"Personally, NMN seems to do something, with or without TMG. I was in reasonable shape at 50, but struggling  a bit after years of a chronic illness (and surgery for it) as well as a couple of doses of covid.  Now my 50s are shaping up to be my best decade health, contentment and fitness wise.  It and other supplements seem to act as some kind of cheat code to later middle age.  I still have bad days etc - but it feels the ratio has been flipped. Obvs won't last forever, but I'll take it."
14,7 months ago,benefit_energy,0,NMN definitely improved my energy levels
14,1 year ago,,0,"Whenever an expert praising a product is selling that same product, you’re looking at a commercial."
14,4 years ago,just_take_niacin|authority_trust,1,Isn't there is a conflict of interest for an Niacin supplier to provide information on a competing product?
14,1 year ago (edited),placebo|evidence_studies,0,This analysis is confusing and misses the point. Multiple controlled studies show that older adults who take NMN have statistically higher blood NAD levels than those who received a placebo.  All I'm trying to do is maintain my NAD levels at my youthful levels as I age. It's not that complicated. The only longevity study that matters to me is my lifespan.
13,4 years ago,,1,What was your experience AGAIN? I thought I tuned out but listened again and it just wasn't there.
13,4 years ago,nmn_vs_nr_nad,0,"I vaguely remember looking into the subject of NR and finding the food source for NR having something to do with blueberries or maybe some way blueberries were used assist and to enhance its effectiveness... sort of like the specialized resveratrol was with the nmn supplement. I thought that I'd post this because in many of your posts you usually mention the food source for a lot of the supplements and trace minerals and amino acids and I think that knowing the source can be so much mote helpful because at the user end it makes decision making over whether or not to take it and what to expect alot easier when it comes down to considering alaergies, or profound effects that may be good or bad rather than going on an uninformed trial and error basis or wasting money cause you already get enough in your diet.. Also being informed as to weather or not if the supplement is some type of synthetic substitute or if its a natural derivative of a plant or animal... is   very helpful information.. and I find myself watching your posts more often to find out about a lot of this type info.."
13,4 years ago,dose|price_value|authority_trust,1,"Hey Thomas, David Sinclair's dosage is 1000mg for both NMN and Reservatrol - these caspules are only 125mg each. This would mean one bottle would be about a one week supply. That's a pretty hefty price tag! Any thoughts on how to utilize his dosage with other cheaper brands. What should one look for in terms of quality? Thanks!"
13,3 months ago,timing_protocol|age_gate|benefit_energy|benefit_cognition|benefit_joints,0,"I'm in my 60's and fit. NMN had an instantaneous and profound effect;. Not only increased energy and mental clarity but also body suppleness and joint flexibility greatly improved , within one day ! I only take it in the morning because I was keeping me too awake in the evening.. Also I lost about 5 kg back to my youth weight and its stayed off. I am not able to put on weight , which is great at my age."
13,7 months ago,placebo,0,"I hear you loud and clear, and I am very aware that the placebo-effect is real, but I just cannot disregard how it feels to supplement with NMN. All my numbers on the Rogue ECHO and the Conecept ERG get better and it feels like my ""engine"" has gotten an upgrade 🤷‍♂️"
13,7 months ago,nmn_vs_nr_nad|dose|benefit_energy|benefit_skin_hair,0,"My experience with NR (Niagen) has been life changing. I am 61 and I started taking 300 mg in 2018 and felt the energy boost. I also had severe eczema on my hands that several dermatologists could NOT help even after 15 years of treatment. In 2020, I increased my Niagen to 600 mg daily and my eczema started to improve. In 2021, I went to 900 mg and the eczema was 100% GONE. Totally healed. That was almost 5 years ago. My energy is fantastic and I haven't had Covid or a cold in 8 years. I am a very happy user/customer and many of my family members now take it and like it. I am a believer in boosting NAD levels with NR."
13,7 months ago,,0,Your honesty is brutal! I like it!!
13,7 months ago (edited),nmn_vs_nr_nad|safety_side_fx|benefit_sleep,0,"Yeah, I bought into the NMN/NR hype 5-6 years ago in my early 60s and starting to face mortality. I spent so, so much money on those and other ""miracle"" supplements (e.g. Resveratrol) from Do Not Age and other reputable companies for a couple of years. But thankfully, I also altered my diet, cycling through paleo and Keto before ultimately settling on a  high-fiber (>70 g/day) Mediterranean diet. And even more crucially, I started exercising seriously. Now at 67, I do Norwegian 4x4 once per week, and 45 minutes of Zone 2/tempo training (~80% of max HR) on most days. I don't sleep properly unless I've worked up a sweat - ideally in the evening. And man, I feel so good. As good as I've ever felt, and my mind is sharp as a tack.. I also started taking Dr. Brad's Micro Vitamins. I think exercise and proper (high fiber) diet are by far the most important things one can do to promote health/longevity, but it's nice to know that I'm meeting my nutritional needs without increasing my liver enzymes or impair kidney function (as so many other supplements do to me)."
13,2 years ago,,1,How sad is it when i feel the need to applaud this man for unbiased content! Great stuff. Any plans to do an anti- aging theory of everything?
13,3 years ago,evidence_studies,0,"I've been taking NMN for almost 1 year. I am 57 and feel like 27. Studies are studies, my experience tells a different story!"
13,2 years ago (edited),just_take_niacin|dose|authority_trust,1,"I would take him more seriously if he didn't spend so much time bashing Sinclair. Also, isn't intracellular NAD levels the most important measure, not blood levels? Get that measured before and after. I experimented with just niacin and my NAD intracellular was 44. Then started taking 1g of nmn again and feel better. Need to redo my test now."
13,2 years ago,evidence_studies,0,Very well done. You did a lot of research and went through many studies when making this video. Keep up the good work👍
13,3 years ago,nmn_vs_nr_nad|tmg_methyl,1,"Thank you so much for summarizing this issue so concisely. I always appreciate your supplement news. Personally, I don't take NMN or NR because the quantities found in supplements were too high and put my body in a demethylized state. On a separate note, have what are your thoughts on a supplement called Epicathechin? Does it live up to the hype? Thanks again!"
12,4 months ago (edited),just_take_niacin|nmn_vs_nr_nad,0,"The problem with nicotinic acid is that it is spiking levels transiently - so it is not only about the flushing effects (beneficial occasionally), it is about the more continuous levels you get with NMN or NR. With nicotinic acid, with big doses you just lose most of it as nicotinuric acid. Constant low dosing during the day would work but not feasible. In any case we need a functioning NAMPT enzyme and a healthy gut bacteria. Or we are stuck with niacinamide once the NAD+ is consumed. For all that we need anti-inflammatory gut flora and a colorful fiber-rich diet, exercising and cycling good AMPK levels, all of which help NAMPT recycle niacinamide back to NAD+, and NADH back to NAD+."
12,4 months ago,purity_counterfeit|just_take_niacin|evidence_studies,0,"Testing has revealed that the majority of NMN supplements sold on Amazon are counterfeit or contain virtually no active ingredient. A 2021 study by ChromaDex testing 22 top-selling brands found that 64% contained less than 1% of the claimed NMN, while 14% contained zero NMN whatsoever.  Similarly, testing by ProHealth Longevity and Effepharm in 2020/2021 uncovered that more than half of the tested products had zero NMN, with some suppliers selling ordinary nicotinamide (vitamin B3) as NMN."
12,3 years ago,just_take_niacin,0,"I’ve been taking NMN for years now and I get it through a manufacturing company so I buy it by the kilogram.  They can not ban a natural B3 supplement, and it would literally be a crime if they tried."
12,2 years ago (edited),dose|form_absorption|benefit_skin_hair,1,I haven’t changed my diet or taken a high dose. But what is making my hair color change? I would say 80% of the gray/white is now brown. Started to notice after almost 3 months of 500 mg per day powder
12,2 years ago,dose|tmg_methyl|evidence_studies,0,I notice you left out the dosage for most of the studies. The first study was for 250mg which is nothing. Most people take 1g to 1.5g and also take TMG. You're turning out to be a real disappointment...
12,2 years ago (edited),dose|form_absorption|evidence_studies|benefit_energy|benefit_recovery,0,"The noticeable benefits I've experienced are in stamina and recovery. Those studies are not looking at recovery and little about stamina. I'm not a social media influencer. Nor do I follow any, so I'm not familiar with the hyperbole they're pushing. I've had good results in those two areas. I'm 56, I have been taking 1 gram of NMN sublingually for about five months, and I have experienced significant improvement in stamina during cardio activities, mostly running, and also in muscle recovery. The before and after difference is conspicuous. I am very in tune with my body. I exercise a lot for the majority of my adult life. In my twenties, I was a professional ballet dancer. I was hardcore 24/7. Now, I weight train and run regularly. Before taking NMN, I was constantly battling thigh and hamstring injuries (due to previous ballet injuries) which would lead to frequent periods in physical therapy. A hot spot on my thigh would always lead to PT, reduced or no activity, and a slow, monitored, methodical recovery, which happened regularly. That's how it was the five previous years. I was constantly in and out of PT. That's not the case any longer. Those hot spots that indicated or would lead to injury no longer do so. They last briefly and do not impede my running. Those acute hot spots no longer turn into injury and no longer linger. My increase in stamina enables me to run more miles, which would normally put me at greater risk of injury, but I haven't experienced an injury since starting NMN. The recovery from weight training workouts is not as easy to discern as many factors are involved, but I do push harder as I don't take as long of a recovery between workouts as I used to do because I assume that the recovery benefit I've experienced with running would be similar with weight training. The shorter periods in between workouts have not caused me any issues. I know my body well. My PTs know me well, and the difference is remarkable. These studies are not thorough. More research is needed."
12,2 years ago,benefit_energy,0,I take NMN daily and I tell people that it’s not a magic bullet. It makes me feel like I have energy and want to exercise. I worked out most of my life and started to lose that motivation and high I get from exercise. NMN allowed me to have that high feeling from exercising. I enjoy exercising now. Before NMN I’ve tried dieting and other supplements while still forcing myself to work out. I think now I have no issues So I do agree with Brad that NMN doesn’t have direct benefits but I think it give you a boost in motivation. All my friends also say the same thing. They feel younger and want to work out more. We are all in our 40s and have always exercised before.
12,4 years ago,safety_side_fx,0,"Amazon is also plagued by a common bait-and-switch tactic used by these sellers. Several times I've found quality skincare oils or supplements, stuck with the brand for a year or two, then suddenly the product changes to something inferior or completely ineffective. The customers who have used the product consistently notice and go away, but new customers don't know any different. They see only the good reviews that were left when the product was still genuine. These companies might break even for a year but then get to make a mint selling worthless products once good reviews have been garnered."
12,4 years ago (edited),price_value|authority_trust,0,"Would be great if you could organise some version of a viewer-funded testing of select supplements, Dr Stanfield. You'd know which lab(s) to contact to get quotes, and we can then chip in to cover the costs."
12,4 years ago,dose|authority_trust|benefit_sleep,0,"Dr. Stanfield, I am a chemist and worked in analytical chemistry most of my career. I know in the U.S., supplements are not regulated at all the way drugs are. And, just because a specific tablet tests for the label content of, in this case. 300 mg of NMN, there could be other adulterants in the tablet. Unless the independent lab ran HPLC / MassSpec on each sample, there is no way to know. I am one who favors regulation of the industry. To your closing points, I stick with a healthy diet, exercise, sleep, etc. I think a great contribution people like Dr. Davis Sinclair can make is to publicly stand up for regulation of this industry."
12,2 years ago,,0,"Thanks again. I do take NMN, periodically, but really haven't seen any, what I would call, noticeable difference."
12,2 years ago (edited),nmn_vs_nr_nad|timing_protocol|evidence_studies|benefit_joints,1,"The neurological benefits of raising NAD (such as with NR) will be what is important.  By the way, why did the sibling mice that were given NMN look so much younger than their sisters and brothers?  In my case, my mild psoriasis was cured, and I do not feel stiff in the mornings anymore, and I know people with lupus, and neuropathy who greatly benefit. A young person or mouse who eats well and exercises will not benefit from increasing NAD with supplements.  Their NAD levels would be high already, and cells would not seek an additional supplement."
12,3 years ago,,0,"Such great advice, Brad. And so sad/angering to watch the greed game being played by a respected scientist."
11,5 years ago,,0,"You didn’t actually say anything about your experience, though"
11,3 years ago,form_absorption|tmg_methyl,0,"I take NMN capsules, and TMG powder for almost 6 months. I feel great, of course with fresh extra virgin olive oil."
11,5 years ago,just_take_niacin|price_value,1,"I see that NMN is a derivative of B3, which I'm already using. I also see that NMN is completely beyond my budget, even with your 20% off code. Q1: Is there a chance that the B3 provides any of the benefits of NMN? (obviously not to the same degree but...) Q2: Is there any chance the price might come down, or is longevity only for the well-off?"
11,3 months ago,just_take_niacin|nmn_vs_nr_nad|evidence_studies|authority_trust,1,"This is interesting as I saw an interview a few years ago with dr. Sinclair and the interviewer asked him directly - can't you do the same thing with Niacin?  To my astonishment Dr. Sinclair admitted - yes.  The challenge is that you get a flush with high levels of Niacin.   I did see a positive  mouse study and I extrapolated out the amount to a 180 pound person.  The amount they gave those mice, you would have to take 2-2.5 grams of NR a day to get the same amount injected in those little animals.   In my own experiment,  I had a small cist on my knuckle for years - and after a month of taking lipo nmn, the cist was gone and has never come back.  Was it the NMN?  I can't say with certainty other than there was a direct correlation as nothing else changed."
11,4 months ago,,0,Thanks! That’s why I subscribed this channel couple years back
11,4 months ago,,0,"You are the ""James Bond"" of medicine. Love your investigation skills! Thank you for your passion and for sharing your knowledge with us."
11,4 months ago,just_take_niacin,0,It should also be said that nicotinamide and niacinamide are the same molecule. Same thing
11,6 months ago (edited),tmg_methyl|age_gate|benefit_cognition|benefit_sleep,0,"I am 33 years old doctor i worked in the ER which can be very stressful, toxic, no sleep with 24 hrs duty. when i  started taking NMn, TMG and revesterol its change my life, my mood, my face glows, my work ethics, no brain fog, very quick in thinking, i can say it works, i dont take it every day, i take it 4x a week, i always skip a  day,"
11,7 months ago,benefit_cognition,0,I've often wondered if 10g of creatine daily would help with the post-COVID brain fog issues.
11,2 years ago,dose|benefit_energy,0,"53 - tired and sleepy, take 500mg … Boom - 1 Hour later I‘m walking in the Woods for hours"
11,2 years ago,dose|tmg_methyl|price_value|evidence_studies|benefit_energy|benefit_recovery,0,"I have no clue why NMN is being studied against any metric other than DNA methylation. The primary purpose of supplementing NMN is to improve ageing, which has to me measured over months and years, and anyone looking to measure it against any time window <  24 weeks, with low dosages, is just not studying it properly. OF COURSE it is going to have a negligible effect on strength, stamina, LDL, HDL, and all of these markers. The primary use of NMN is to make sure NMN is used as part of DNA repair. Second point, DNA  repair is upregulated during fasting. In my mind, only studies that supplement NMN during fasted periods (or calorie restricted periods) will be expected to succeed. Specifically, humans are over fed, and the mechanisms NMN is designed to help with up regulate during a calorie or energy deficit. Again, these studies seem to leave this CRITICAL design factor out. To create a metaphor, NMN is like a salve, that helps injured tissue heal during protected rest. I have no clue why this ""DNA ointment"" is being tested for its ability to make you run faster, or lift more. Its also tested in a context where the body is not in repair mode. So, these findings all are strange, because none of them measure what we are looking to measure. However, I do understand -- Imagine running an NMN trial for 6 months, with people who dose when fasting, and then taking regular DNA methylation tests. This would be an insanely expensive trail, and would have very low compliance. So I get that the researchers decided to go with easy  to measure proxy metrics. However, nobody should expect these proxy metrics to relate much to the underlying variable we care about in the short term: DNA damage."
11,2 years ago,,0,"What's even more surprising than these results is that this video has had 100,000 views, yet only has 26 likes!"
11,2 years ago (edited),dose|form_absorption|authority_trust,0,"This guy used to be a fan of NMN.  Later on, for some reason he is pissing off Dr. David Sinclair and his NMN.  It appears now he is getting personal with Dr Sinclair.  The bottom line is that this guy publishes his videos for money.  So don’t take it seriously on what he is saying.  I myself have taken 1g NMN powders everyday.  I feel very good with it!  I will continue taking NMN and watch this guy with a smile.😂"
11,4 years ago,purity_counterfeit,1,"Wow and Yikes! You're at your finest when you help us like this. It was risky given the Chromdex, lab tests,. Have you submitted this to Amazon? Clearly Amazon is selling fake products!!!"
11,3 years ago,just_take_niacin|dose|timing_protocol|age_gate,0,"I'm over 60 and have been taking niacin for many years. I take one 250mg tablet, break it in half and take one half in morning and other before bed. Very mild to no flushing at all if you take it every day."
11,3 years ago,just_take_niacin|timing_protocol|form_absorption|price_value,0,"Update for NMN users - As we mentioned earlier, we had been experiencing embarrassing gas from our Toniiq NMN & Resveratrol powder. We attempted various approaches such as adding yogurt or not, blending it into a smoothie, dissolve in olive oil, or taking it directly under the tongue, but the issue persisted until we reduced the amount significantly. We suspect that the problem arises from one component being oil-soluble while the other is water-soluble, yet they are combined in Toniiq's formulation. It seems to be a clever solution, but it may not work for everyone. To resolve the issue, we have been experimenting with Niacin (FLUSH) and Resveratrol individually. We open the capsule and place it under the tongue, resulting in no more gas and being much less expensive. We hope this information is helpful."
11,3 years ago,just_take_niacin|dose,1,Thanks for the video. Could you tell us why you lowered your Niacin intake from 100mg to 50mg per day?
11,2 years ago,form_absorption,1,"I once heard a discussion about eating real food vs. eating the stuff we produce today that ""looks like food"" but has a lot of things removed.  The statement was something along the line of, ""we're eating something that LOOKS like a vegetable, but it's missing all these trace vitamins and minerals that exist for a million different reasons."" The point was, we don't know why vitamins, minerals, and antioxidants all exist in the miniscule quantities they exist in nature... and there's probably a damn good set of reasons why they exist that way (which is a roundabout way of saying we evolved alongside nature and this is just ""how it works""). So now days we offer these artificially created, ""singled out"" vitamins, minerals, antioxidants, and various other supplements ... but they aren't alongside the trace vitamins, minerals, and antioxidants that they are found alongside in NATURE. What does that mean?  How many TRILLIONS of chemical reactions happen in our bodies as we process these vitamins, minerals, and antioxidants?  How many pathways are unlocked by a trace amount of this chemical or that molecule when we consume a veggie that has a key vitamin we don't seem to ABSORB and UTILIZE when we take a supplement instead? TRILLIONS of reactions across the TRILLIONS of microbes and cells in our bodies every day. Literally not even possible to measure these accurately with a quantum computer.  It's THAT COMPLICATED. And yet, it's so simply if we eat organic foods that are as close to nature as possible.  Trillions of reactions every day and nature already has it all figured out (with OBVIOUS exceptions, nothing is perfect 100% of the time). All we know for sure... it's a hell of a lot more perfect when we stay close to nature than when we mess with it and try to artificially replicate it!!"
11,3 years ago (edited),nmn_vs_nr_nad,1,Thanks for the update Brad. What about NR supplements? Will they be affected by this decision?
10,5 years ago,authority_trust,0,"When its ""sponsored"", that means someone is getting free stuff, and that alone ruins the credibility of the person promoting it.  :("
10,4 months ago,price_value,0,Well.... That saves me about $60 per month!
10,1 month ago,,0,"Oh mate, you're getting so good. perfect pacing, good understanding, very palatable information, and you're only saying what's really necessary. Getting to the point quickly, but not too quick. Love your videos."
10,4 months ago,,0,"Great research Doc, as always. Love your honesty and transparency. We need more like you mate."
10,3 years ago (edited),dose|safety_side_fx,0,Nac totally fixed my liver enzymes as I am on 200mg of testosterone cypionate every 5 days injections and 100mg of primobolan my liver enzymes went back to normal after 2 months while I'm still on trt and primobolan it's amazing
10,7 months ago,placebo|authority_trust,0,Thanks Dr. Stanfield.  Videos that show something doesn't do better than placebo are very important.  They also boost your credibility.
10,7 months ago (edited),,0,"An alternative, and perhaps better pathway, is to suppress CD38 activity with apigenin and/or quercetin."
10,7 months ago,dose|form_absorption|benefit_energy,0,"NMN sublingual is amazing for my energy, stacked with A-GPC and a smaller dose caffeine it feels even better"
10,7 months ago,authority_trust,0,Sinclair is was already a known charlatan before NMN. Use the ample simplified resources you have to ignore these snakeoil salesmen BEFORE they rob you blind.
10,2 years ago,tmg_methyl|evidence_studies,1,Any studies on NMN AND TMG? This alone can make a huge difference in results.
10,1 year ago,benefit_energy,0,"I just tried NMN, and just two weeks later, I have walked hours shopping in the mall, and every where. My brother would think I'm doing too much work and that I need to stop doing too much. Well, at 52, I haven't gotten tired at all. I never been doing this much in years. I'm now convinced it's NMN that did the trick."
10,4 years ago,,0,"Thank you for this video, unfortunately, I used one of the brands which are reported to have no nmn in it. I feel a little ripped off..."
10,3 years ago (edited),stop_restart|benefit_recovery,0,Taking it for 2 years. When i stoped...i felt older...how can i explain...i was not the same at the gym....took it again and i feel like a beast. I take the lipo one from renew by sciense. So...i will keep taking it.
10,2 years ago,nmn_vs_nr_nad,1,"I’m off the NMN/NR train. But you said our NAD+ levels will be ""fine"" if we exercise and eat right; what if we want more than ""fine""? What if we want optimal? Have you looked at actual NAD+ injections? Or 5-Amino-1MQ?"
10,3 years ago,,0,Your channel is what the internet should be all about. Valuable knowledge accessible to the world. Thank you!
10,3 years ago (edited),,0,"I get the feeling they are afraid of the public having access to life extension supplements. We get NMN naturally in our food, so concentrating NMN is really no different no concentrating vitamin C."
10,3 years ago,nmn_vs_nr_nad,0,People can just take NR instead of NMN
9,5 years ago,,0,"As an Australian this is embarrassing, we have shonkys here too.."
9,4 years ago,,0,"Most of the sellers are Chinese, the supplement made in the USA because they want to sell them to China, and location of the company is usually located at a private house, that's interesting."
9,2 years ago,benefit_energy,0,I have taken it for 1 week now and from day 2 on I had loads loads more energy. I haven’t felt that fit in the last 10 years it’s actually insane
9,4 years ago,benefit_energy,1,"my grandma is 93 and gets called my moms sister and its her daughter,she looks in her 70s,but has energy of a 50 year old,,shes been in the British Colombia post 3-4 times for her active age,and ive watched her my whole life maintain a perfect weight throu proper eating,she has never taken medication but asprin,my grandpa took her off the medical cuz she never used it in 30 years lol never smoked,and never drank alc,or coffee ,she only uses glasses for reading,so combination of genetics,and her lifestyle contributed to her longevity im assuming?"
9,4 months ago,just_take_niacin,0,Supplement with Nicotinic Acid (Niacin).
9,4 months ago,,0,We really need a measure of epigenetic changes before closing the book on NAD precursors
9,4 months ago,,1,What's about NADH?
9,3 years ago,authority_trust,0,Thx Sinclair!! I used to be a fan. Greed is getting the best of him.
9,3 years ago,benefit_energy|benefit_sleep|benefit_recovery|benefit_skin_hair,0,"took nmn , effects where, 1. improved energy levels, 2.excellent deep sleep ,3. skin improved, had a few angry patches on my face which where sore , if i squeezed the spot sugary type liquid came out so i put it down to a spider bite. after nmn the patches would bleed  if i scratched them but now the skin came back normal  , no red spot., no more angry patches. now my skin is fine so put it down as an auto immune attack . 4. asthma. my lungs where chronic , to many cigarette's , to much brick and mortar dust.  i could climb the stairs but i could not talk and breath at the same time. i could not walk up a slight incline. at time's  i sounded like an asthmatic pit pony . 2 hours after taking nmn , lungs improved. next day asthma had gone , lungs ok.  . also taking vitamin d and k2 as well. really impressed by this stuff, went from death on legs to active again.."
9,3 years ago,tmg_methyl|fda_ban,0,"The journey from natural product to patentable cash cow is an inevitable consequence of our times. Usually the rentseekers tag on a methyl group somewhere ineffectual for 'appearance', then off to the FDA with a wink and a nod."
9,7 months ago (edited),evidence_studies,0,"It helps  knowing who financed the studies, how long was the study and how many participants including their ages. Many studies last only a few weeks with 50 or fewer individuals."
9,7 months ago (edited),evidence_studies,1,A study of 60 participants puts a nail in NMN’s coffin? 😂 “Love” how you always try to make money selling your own supplements by luring viewers by catchy headlines.
9,7 months ago,purity_counterfeit|evidence_studies,0,"The ""Replication Crisis"" is something most researchers do not want to discuss. Because it means pointing out either the laziness,  incompetence , clear bias, or even plain unethical behavior of other researchers. Which in turn might mean someone will go over their own work with equal vigor. So everyone is just keeping very busy looking the other way. We had a paper published on how to write a full disclosure , competent study in a particular field. One that could seriously help vulnerable people if done to a high standard, with no bias or vested interests. But the problem is, if the researcher is either completely incompetent ( a fake self-professed expert ) or has financial ties to a project, they simply just ignore the recommendations. And get peer-reviewed and published anyway. There needs to be consequences if recommendations are published to help tidy up the studies, so they can be reproduced. But are then not followed. Otherwise an endless sequence of rubbish papers that waste time and $$$$, is all we can expect."
9,7 months ago (edited),just_take_niacin|dose|price_value,1,"Considering you previously recommended nicotinamide as a cheaper precursor of NAD, would you still recommend taking it, perhaps for its other benefits? At what dose then? The last dose you talked about was 50 mg IIRC"
9,7 months ago,nmn_vs_nr_nad|tmg_methyl,1,Wasn't NAD supposed to not be very useful without TMG supplementation? I remember the boost from NR not lasting indefinitely... Perhaps due to TMG (methyl group) shortage.
9,2 years ago,benefit_energy,0,I think that the nmn in the brain give a bit more bit mental energy but it doesn't necessarily enhance mental performance. That's my experience as far as noticeable effects. Since all I wanted out of nmn was a mental boost I don't regret buying the supplement.
9,2 years ago,,0,"Awesome summary, thanks Brad. Creatine, taurine and omega-3s are my trinity"
9,2 years ago,authority_trust,0,"Brad has a personal dispute with David Sinclair, as we know,  and I wonder if this has not influenced his efforts to disprove NMN and resveratrol. 😂"
9,4 years ago,price_value|placebo,0,"Yet people claim success with these empty products too. Especially, youtube comments are full of praise for these products. Always amazes me how many people are so ignorant of the placebo effect. Expensive products have the strongest effect."
9,3 years ago,just_take_niacin|dose,0,"I think 100mg of Niacin is right for me as it gives me a slight flush but nothing too heavy. As far as the daily recommended amount, that is what you need just so you don't regress but not a value that will even give you the slightest flush. You are still very young though so you have nothing to worry about. I am 56 and I feel like I am in my 40s. I started counting my pushups in a row max a few weeks ago and my max was 50. Today I am up to 65. My goal is 83 as that was my limit when I graduated from Army boot camp and that was the 2nd or 3rd highest in my entire company."
9,2 years ago (edited),storage_heat|placebo,0,"Funny story re the placebo effect. Once I was walking through a park on a hot day, and I came across a woman who was nearly passed out in the middle of a path with a small crowd around her. In my experience people sometimes get lightheaded when they're out in the heat too long and haven't eaten enough, so I figured that maybe some sugar could help and gave her some mints that I had on me. She eats the mints and then gets up, says she's starting to feel better and leaves with some friends. A few minutes later something occurs to me, and I take a closer look at the the packaging that the mints came in. I then turn to my friend sort of surprised / sort of confused because those mints were sugarless..."
9,2 years ago,nmn_vs_nr_nad|dose|placebo|safety_side_fx|benefit_joints,0,"My experience is with NR (300 mg). NR supplement does appear to be most available to the liver. To that end, my very high NAFLD markers came back down to within the reference range. Additionally, I had been receiving cortisone shots in my knees like clockwork every 100 days for several years. Within weeks of starting NR, not only have I not needed a cortisone shot in over 3 years, I have not experienced one single pain in my knees! Not a placebo effect as I had zero expectation that NR would have any effect on my knees. NR was the only new thing introduced (Rx or supplement) during that time. Presumably this was due to possible anti-inflammatory effects."
9,3 years ago,authority_trust|benefit_cognition|benefit_sleep,0,"David Sinclair always focused on regular exercise, optimal diet, good quality sleep along with +-these supplements. Supplements are not mandatory"
9,3 years ago,nmn_vs_nr_nad|cancer_risk|evidence_studies,1,"Brad, thanks for this video.    What do you think of this brand new study regarding NR and cancer?  Maybe you can do a video on this paper:  Reference: “A bioluminescent-based probe for in vivo non-invasive monitoring of nicotinamide riboside uptake reveals a link between metastasis and NAD+ metabolism” by Tamara Maric, Arkadiy Bazhin, Pavlo Khodakivskyi, Georgy Mikhaylov, Ekaterina Solodnikova, Aleksey Yevtodiyenko, Greta Maria Paola Giordano Attianese, George Coukos, Melita Irving, Magali Joffraud, Carles Cantó and Elena Goun,  29 October 2022, Biosensors and Bioelectronics.       I saw an article on scitechdaily headline: ""Warning: Popular Vitamin Supplement Causes Cancer Risk and Brain Metastasis"""
9,3 years ago,authority_trust,1,And why does Sinclair's face look all shot up with filler? He's starting to look like he's from another planet.
9,3 years ago,,0,Thank you Brad. That’s why we subscribe to your YouTube channel and support you on Patreon. Not a good day for the longevity community.
9,3 years ago (edited),just_take_niacin|nmn_vs_nr_nad|dose|price_value,1,"Dr. Brad, what is your take on the efficacy of taking a high dose of (the cheaper) Niacin versus (the much more expensive) NR?"
8,4 years ago,age_gate,0,"I feel better when I take NMN, so maybe you are too young to take it."
8,5 years ago (edited),authority_trust,0,"So glad you went through this, put it together, and shared. Drs. Rhonda Patrick, David Sinclair, and Gabrielle Lyon have discussed different parts of this, but it hadn’t quite come together until just now. I knew it had to make sense in a practical way somehow. You rock. Your work and self experimentation are much appreciated. And thank you for sharing all the best recommended products and hacks every time."
8,4 months ago,safety_side_fx|benefit_energy,0,"I've been thinking lately, if only there was some balanced and unbiased research and analysis related to supplements. Well it seems like I might have found it. And delivered concisely and rapidly, no stupid fluff. I'm getting really tired of wading through half hour videos to find the nugget I'm looking for. YouTubers who practice this are watering down the beer, not a long term strategy."
8,4 months ago,price_value,0,"Well done, Dr Happy I never invested in those expensive supplements"
8,4 months ago,just_take_niacin,1,Would B3-fortified nutritional yeast do the work?
8,3 years ago,fda_ban,0,Since it works they want it banned..Makes sense
8,3 years ago,,1,This is my first time watching one of your videos - thank  you. I am confused about NMN vs NAC. Which one is better to take? Do  you think they both will remain available? I am glad I found your channel and have subscribed.
8,6 months ago,,0,I'm 37 and a big believer in nmn. It has positively impacted every single system in my body.
8,3 months ago,dose|form_absorption|evidence_studies|benefit_joints|benefit_skin_hair,0,"I have atherosclerosis and angina. In 2019 the angina was unstable, I started taking nmn. I rarely ever take isosorbide mononitrate now whereas I could not get about without before. Within 20 minutes of taking nmn powder (100mg). My skin feel amazing, my walking speed is amazing. I am 64 and cannot wait to be 74! Clinical trials are often inadequate, using poorly thought out age groups, doses, and lengths of trial. The more I take nmn the better I get. I've been taking it for 7 years now."
8,7 months ago,,0,Thanks Brad! Happy Holidays!
8,7 months ago,,0,Good point is that exercise works :) ...and it is for free (I just went running outside)...
8,7 months ago,nmn_vs_nr_nad,0,"NMN or NR by itself isn’t a magic fix. Think of it like adding extra fuel to a car when the tank is already half full. Any potential benefits are more likely to show up when it’s paired with lifestyle changes such as diet, exercise, and overall healthy routines."
8,7 months ago,evidence_studies|benefit_sleep,0,"This constant vilifying of NAD supplements is getting tiring. You can nitpick studies for any supplement under the sun to find reports that don’t support the outcomes. I exercise heavily, have a balanced diet and watch my sleep. And I take a range of supplements including NMN. I don’t know for sure if it helps in the same way that I don’t know if any other supplements that I take do. I’ve read the science, and if all it ever does is raise blood NAD levels then I’m happy to live with that and report back in 30 years."
8,2 years ago,placebo|benefit_joints,0,"My experience from taking NMN is that, and I can say with 100% certainty, it is not a placebo effect. I don't buy into the hype of someone telling me about medications or supplements. What I know is I could barely function anymore and had no due to COPD, asthma, arthritis spine, hip, and neck problems. Now with combined NMN with my other medications, things are far better than they were.  There are some other good things that I've been experiencing.   Nothing has changed with my diet. NMN has also given me the ability to do a little home therapy. So, with those trials, I have no idea, and it almost seems unreal hearing about them."
8,2 years ago,nmn_vs_nr_nad|safety_side_fx|evidence_studies|benefit_skin_hair,1,Thank you for your study. I have been taking it about 3 years. For me it did two things within the first few months: My night vision came back (I’m 78) and my 10 year bout with gum disease stopped. My blood pressure also improved gradually over 2 years but that could be due to exercise. No help for skin wrinkles etc. why did I have some result while others did not? I don’t know but for me it worked at least somewhat. Perhaps the studies were so short. If it lengthens telomeres it may take a long time as cells reproduce. Prior to NMN I took NR for about 2 years with no result.
8,4 years ago (edited),dose|placebo,0,"Really need test results every 6 months to see if they stay consistent. I know brands and batches of melatonin are placebo levels of active melatonin even with high level of the product listed on the side of the bottle, while others knock me out at a fraction of dose. Fortunately, I can easily know when a brand or bottle batch of melatonin doesn't work.  It is not so easy with most supplements.   The batches and quality can change between years or less.   I say years, because I try to buy a year supply at once of most things like a supplement."
8,4 years ago (edited),purity_counterfeit,1,"If DoNotAge, AliveByScience, and ProHealth Longevity all get their NMN from the same source, it's a bit concerning how different the results of their heavy metal analyses were. Any idea why this would be the case?"
8,3 years ago,benefit_sleep|benefit_recovery,0,"Interesting video. I suppose you wouldn't expect an increase in NAD muscle levels for an old person that exercises regularly. His NAD levels as you pointed out are high already. So why look into NAD levels after supplementation unless you decide to test the old population with no exercise activity. There are organs that I am interested in that would be important to see. The eye, especially the retina may benefit from increased NAD levels. There are many age-related diseases that may benefit from supplementation. The assessment of retinal function and structure are now at impressive levels of detail. I suggest keeping the curiosity and interest in an area that has already shown some anti-aging effects and concentrating on tissues that have an unmet need for this recovery."
8,3 years ago (edited),just_take_niacin|stop_restart|safety_side_fx|authority_trust|benefit_cognition|benefit_sleep,0,"I have been taking it for about 8 months along with Multivitamins. Started getting bad rash on feet and hands, similar to what happens with overdose of Vitamin B. Terrible brain fog too. I wonder if your findings are right, and it is broken down prior to reaching blood stream, likely into Niacin. Stopped taking it and the rash is now receding. Slowly. The rash got really bad in the beginning, it hurt so very much. Thanks David Sinclair... Happy to discuss this with further. I’d be interested in finding the truth of this… Update - Turns out that the NMN gave me Gout, and the rash on the hands and feet is a rare presentation of the Gout (Uric Acid crystals). These can be formed by high doses of Niacin too. This makes it super clear that the NMN is broken down into Niacin in the body, and is overdosing the body in Niacin, which can cause Gout. The compounding issue was that I was not aware it was Gout for months, only when I had Anchovies the other day did I realize. Anchovies has a mega high percentage of Purine in them, which is a major cause of Gout in the body. So the Gout that was slowly receding, it immediately flared up, and got super bad again. My toe swelled up, and it hurts just like Gout symptoms. This also explains why I kept getting flare ups everytime I took multivitamins due to the B vitamins in them (Niacin). Considering I am healthy, never had Gout or other akin sicknesses, NMN is the almost 100% proven cause of the onset of this sickness. Tried to get a health boost, listened to Snake Oil salesmen on YouTube, and boom, now I could have ongoing issues with this sickness. Gee thanks... Lesson learned! I recommend not taking NMN and focusing on other longevity protocols. I feel it has become super clear now that David Sinclair is just another Snake Oil salesman. His authentic demeanor is just a good mask in my opinion."
8,3 years ago,dose|benefit_energy,0,Had NMN for a week. Energy and mood is amazing. Also face looks more youthful. Certainly has an EFFECT! Very strong effect. 1g NMN and 1g Resveratrol.
8,2 years ago,just_take_niacin|dose,0,"This video is interesting because he doesn’t lay out the actual facts and then proceeds to promote his vitamins.  That sounds like a pharmaceutical rep.  Taking 1000 mg of NMN is not the same as taking 1000 mg of niacin (Vitamin B3), and it does not equate to an extremely high dose of Vitamin B3 in the same way.  The body tightly regulates the conversion of NMN to nicotinamide. This regulation helps prevent the buildup of excessive nicotinamide, reducing the risk of potential toxicity associated with high levels of niacin."
8,2 years ago,,0,"thank you for these reviews. I used to be very enthusiastic about supplement recommendations, hoping for miraculous results. a thorough breakdown of research with emphasis on following the guidelines instead of the hype is very sobering for me."
8,3 years ago,authority_trust,0,This is on brand for David Sinclair. He’s now moving into endgame that ends up with him making bag and everyone else holding it.
8,3 years ago,,1,I wonder how this ban would affect products from other countries? I get my supplies mostly from Australia and England and I am not in the US.
8,3 years ago,nmn_vs_nr_nad,1,"Thanks for your clear and concise analysis!  This channel really is a fountain of up-to-date knowledge. I am curious whether this changes your view on NR?  As things stand today, would you still add it to your regimen at 45?"
8,3 years ago,fda_ban|authority_trust,0,"Dr Brad you would do anything for clickbait, and all your followers are totally misinformed by you, NMN has not been banned by the FDA the pharmaceutical drug that us MI26 is being developed as a drug therefore cannot be sold as a supplement just like any other drug like metformin. Also Sinclairs company are showing great results so far with this NAD booster and he is trying to make a difference in this world, stop the hating and state the fact"
8,3 years ago,,0,You are always against Dr David it’s a shame
7,5 years ago (edited),benefit_recovery,0,"Friend Mom in  Phoenix Arizona just turned 100 went to gym classes during her retirement life , thin eats healthy, and had no major problems when she got covid! Lol just started using a walker. Having  Longevity genes to start with and healthy life style go a long way to have a long healthy life."
7,5 years ago,,0,Would love to hear your take on C60 👊
7,4 years ago (edited),nmn_vs_nr_nad|dose|tmg_methyl,0,If you take MNM or Nr. You need to also take TMZ to protect your methyl groups 100mg per every 200mg of MNM or NR you can also take apigenin to reduce CP38 that causes NAD declines 1000mg when taking NMN orNr so you only need to take 500mg. Of NMN or NR
7,4 years ago,authority_trust,0,"I found this video above all others in terms of explaining, thank you for that. There is a ""but"" however. Verso's product is so underdosed that's it's not even funny - at least if you follow the guidelines that Dr. David Sinclair gives himself. I hope that this changes as NMN gains popularity."
7,4 years ago,,0,"My life has changed after taking NMN supplement... I was very sickly and weak years ago, but when I learned about this product, it gave me hope to progress all the things I stopped doing before, like gardening.. I feel so alive and well with vitruvin NMN and trans-resveratrol.."
7,4 years ago,price_value|cancer_risk|evidence_studies|authority_trust,0,"There needs to be more research into NMN as Dr Brad Stanfield said mainly because of the Tumours that were found in mice that had taken NMN. Also, Resveratrol stresses the cells too much and Dr. Brad thinks the research was faulty! This is all very serious now and some people are looking for more research before buying expensive supplements."
7,4 months ago,,0,You saved me so much money. Thank you.
7,4 months ago,evidence_studies,0,Most the studies are about oral administration. I didn’t feel any difference after oral admin. Injectable nad+is a game changer
7,4 months ago,just_take_niacin|nmn_vs_nr_nad,1,Then why don't I get a niacin flush from NMN or NR? Just small niacin doses give me an intense cherry red flush.
7,4 months ago,just_take_niacin|nmn_vs_nr_nad|dose|storage_heat|price_value|evidence_studies,0,"Nicotinamide (NAM) and nicotinic acid (NA) enter NAD+ synthesis through completely different routes. NAM goes through the salvage pathway via NAMPT, NA goes through the Preiss Handler pathway via NAPRT. These aren't interchangeable. The critical issue: NAMPT is the rate limiting enzyme in the entire NAD+ biosynthetic network. It has a low Vmax and is circadian regulated. If you take cheap B3 (nicotinamide), every molecule must pass through this bottleneck. NMN bypasses NAMPT entirely, that's the whole point of supplementing it. It gets worse. At high doses, free nicotinamide actually inhibits sirtuins through product feedback inhibition. NAM is what gets released when sirtuins consume NAD+, so flooding the system with it suppresses the very enzymes you're trying to fuel. NMN doesn't have this problem because it converts directly to NAD+ via NMNAT without existing as free nicotinamide until the NAD+ is actually used. And if you go the niacin (nicotinic acid) route instead, you hit flushing, hepatotoxicity risk, and insulin resistance at the doses needed to meaningfully elevate NAD+. For the NMN vs NR debate: NR is one enzymatic step behind NMN in the salvage pathway. NR must be phosphorylated by NRK1/NRK2 to become NMN, which then gets converted to NAD+ by NMNAT. So NR requires two enzymatic steps to reach NAD+ while NMN requires one. NRK expression is tissue variable, meaning NR conversion efficiency depends on which tissue you're looking at. More importantly, NR has a worse degradation profile. Purine nucleoside phosphorylase and other nucleosidases in the gut can cleave NR's glycosidic bond, liberating free nicotinamide plus ribose. That free nicotinamide now hits the NAMPT bottleneck we just discussed. NMN's degradation pathway is more graceful, the worst that happens is CD73 strips its phosphate group, converting it to NR. So NMN's degradation product is NR, while NR's degradation product is free nicotinamide. NMN fails up, NR fails down. At 1000mg oral NMN, you also saturate CD73 at the brush border, meaning excess NMN beyond what CD73 can process is available for intact absorption. The higher you dose, the more you overwhelm the dephosphorylation bottleneck and the more intact NMN gets through. Yes, some fraction of oral NMN gets degraded before absorption. But the Yoshino 2021 clinical trial at WashU showed significant NAD+ elevation and metabolic improvement with NMN specifically. That data doesn't exist for high dose niacin as an NAD+ repletion strategy. Saying ""it all becomes B3 anyway"" is like saying you don't need protein because amino acids get broken down and reassembled just eat nitrogen. The pathway matters, the rate limiters matter, and the clinical data exists for NMN, not niacin."
7,3 years ago,,0,"When evil businessmen dominate the health sectors, we can never have good progress."
7,3 years ago,price_value|authority_trust,0,It’s the most obvious cashgrab of all time.  It’s going to keep the poor weak while making expensive life extension. Sinclair is gonna make a ton of money from this.
7,3 years ago,,1,"Please remember, prescriptions are not always about Money, many times it's about control.  Ivermectin ring a bell?  Ambien; you can get it with your insurance blessings if your doctor can document why you need it!  Why, if your doctor prescribes it, no problem, right!  Not so fast."
7,3 years ago,benefit_energy,0,ever since starting NMN my stamina levels have dramatically increased. love the stuff
7,3 years ago,,0,"I’ve LUV’d the peanut NMN’s since I was a kid …and STILL DO!😋 …oh,wait. That was M&M’s. Never mind."
7,7 months ago,nmn_vs_nr_nad,0,No talk about NMN or NR is the fuel and Resveratrol is the accelerator.
7,7 months ago,nmn_vs_nr_nad|tmg_methyl,0,"I'm 67 and recently started taking NR (the TRU niagen brand). What a game changer. I feel like I'm getting my life back. Before it was hard to get myself to exercise. Now I do it happily. And no, I don't take TMG. Adding the TRU niagen was the only thing that changed."
7,7 months ago (edited),just_take_niacin|nmn_vs_nr_nad|price_value,0,NR and NMN are derivatives of niacin. Niacin is involved in the same pathways and is much cheaper. There are decent results showing niacin helps in a few key areas.
7,2 years ago,dose|form_absorption|evidence_studies,0,"I'm not a social influencer. I'm a life long physician athlete. I have been consuming a number of supplements for years. Nothing besides electrolytes and protein powders have had as profound an effect as NMN. So, somehow all the negative findings of the studies are exactly what I have experienced as positive findings(except for muscle levels I have not tested). I consume 250-400mg per day. How is it that the 50 year old plus athletes I associate with are experiencing the positive results that I am. We are not new to the supplement scene and have taken many a claim with little expectation. NMN has been different."
7,2 years ago,,0,"Maybe it depends, I feel like 10 yrs younger by only take it for two days"
7,2 years ago,,0,I still take NMN. It’s changed my life for the better
7,3 years ago,,0,When i take nmn i feel the Energie
7,3 years ago,,0,It would be great if you could look into AKG at some point.
7,3 years ago,just_take_niacin|price_value|authority_trust,0,"Excellent Vid Brad. I too was hugely excited after reading David Sinclair's book and rushed off to buy a bag full of NMN which is essentially how I came to your youtube channel. Unfortunately, after taking it for a month I tried to find out more about the company that supplied me and discovered that they were connected to a dubious business person and no further info was available on their product. Ho Hum I thought. Your chart, the one you showed earlier with the various versions of the Vit B became my guide and led me to the lovely cheap Niacin. I do worry that this subject hasn't gone away yet and we shall  be seeing a re-visit to this vid subject but for me I am happy not to be taking it."
7,3 years ago (edited),just_take_niacin|dose|safety_side_fx,0,"I take like 1g niacin quick-release each day (3g is liver toxic) and take LFT blood tests, so far so good. Not that I've noticed anything different"
7,2 years ago,,0,I appreciate these skeptical reviews.
7,2 years ago,evidence_studies,0,"One critical study you missed in this video, the NMN trial on amateur runners-  PMID: 34238308- ""NMN increases the aerobic capacity of humans during exercise training, and the improvement is likely the result of enhanced O2 utilization of the skeletal muscle."""
7,3 years ago,fda_ban,0,"Oh wow, this stuff must be really good then. I'm gonna try it now. Thanks FDA!"
7,3 years ago,fda_ban,1,"Is there a difference between B-NMN and NMN? Or are they the same? Maybe B-MNM is banned, but not NMN?"
7,3 years ago,,0,Wow! Can't say I am totally shocked but it is still absolutely outrageous.
6,1 year ago,,0,"In the 2 pictures of the same guy in the thumbnail, one guy is frowning before NMN and after NMN the same fellow is smiling. Thee are so many vitamin videos and testimonials I don’t know who to believe."
6,5 years ago,authority_trust,0,"As an Australian resident, I consider this a scam, just like David Sinclair declared."
6,2 years ago,tmg_methyl|no_effect|stop_restart,0,"It works the older you get the more noticeable. Im 52. Granted the healthier you are metabolically the more effective it is. Also if you are young you probably won't feel it.  I didn't feel it to be more potent with resveratrol but stacking it with TMG made a noticeable difference. Especially if i have coffee too. And I did notice a difference when I stopped taking it. While on it, you're more nimble and your gate is faster. You don't get up or sit down like an old man."
6,3 years ago,safety_side_fx|evidence_studies|authority_trust|benefit_skin_hair,0,"Dr Sinclair explains very well how they might have discovered how the ageing process works exactly. Thus, developed a method to both calculate the biological age and to reverse some group of damaged optic nerve cells into their younger healthy state; in mice. They discovered that ageing is produced because cells start to forget what some of their functions were, and start performing functions corresponding to other cells of the body. For example, some of your skin cells start to perform some liver functions, and so on. So as you age, you start having insufficiencies in every organ; Because cells are still there, and are still using up your resources, but just performing functions not required for the organ they are at. And those cells also mutate and new cells born, which are ass deficient as the originating cell."
6,5 years ago (edited),,0,"Thomas! As always, THANK YOU! Can't stop, won't stop and with your help, it's just a matter of time before my goals are realized!"
6,3 years ago,timing_protocol,0,I like my almond yogurt with blueberries. I love raw honey too.
6,4 years ago,,0,"As always Thomas takes a complex issue and breaks it down into simple and easy to understand concept - Always very impressed with the quality of your work,."
6,5 years ago,tmg_methyl,0,"I’ve been taking NMN, trans resveratrol & TMG as my longevity stack. In addition to other vitamins/minerals. It’s only been around 3 months. I feel really good, but looking to assess any changes properly at the 6 mth mark."
6,4 months ago (edited),just_take_niacin|nmn_vs_nr_nad,1,Why don't we get niacin flushes from taking NR and NMN then?
6,4 months ago,just_take_niacin|nmn_vs_nr_nad|form_absorption|price_value|safety_side_fx,0,"Niacin takes the similar pathway as NAAD, but NAAD will not survive the stomach acids and wont be absorbed as well as NMN/NR. Not only that, even if you just take B3(watch out the flush side effects), which is a lot cheaper, it takes a lot more ATP to go through the pathways to get to NAAD only to be reassembled as NAD+, refuting the whole point of efficiently producing more NAD+ which leads to more high quality ATP.  Not to mention the fact that too much B3 can inhibit sirtuin activation, again refuting the whole point of supplementing.  Provide more facts before making a judgment."
6,4 months ago (edited),,0,"7:16 That's adenosine monophosphate you are showing, not NMN."
6,4 months ago,just_take_niacin,0,So...all we have to do is take niacin
6,3 years ago,fda_ban,0,"Whenever I hear that the FDA are banning something, I rush straight out to buy some, because if they don’t want us to have it, then it must be good !"
6,3 years ago,fda_ban,1,What does FDA stands for is it “Fatal Drug Authority”? Is it operated by Pharmaceutical companies?
6,3 years ago,,0,Take the profit motive out of health and science. Simple. Human health and well being should NEVER be commodified.
6,3 years ago,form_absorption,1,"What do you think of liposomal NMN? I take it it would bypass the normal receptors on the cells membranes to enter the cells. Does this mean it would be able to enter cells with few receptors, meaning cells which are not normally intended to have lots of NMN? Could that be a problem?"
6,7 months ago (edited),authority_trust,0,Your master is still David Sinclair :)
6,7 months ago,evidence_studies,0,"thought this would mention  Pharmacologic reversal of advanced Alzheimer’s disease in mice and identification of potential therapeutic nodes in human brain (Chaubey, Kalyani et al.) as well"
6,7 months ago,nmn_vs_nr_nad|tmg_methyl|benefit_energy,0,"I have tried nmn +nr ( with tmg ). When I stp using nmn/nr, after few weeks i feel that I dont a lot energy while end of the day approaches.."
6,7 months ago,authority_trust,0,"Dr Sinclair is a fraud, my sixth sense was right all along."
6,2 years ago,evidence_studies|benefit_energy|benefit_skin_hair,0,"I think more studies should be done, like effects on energy levels, skin/hair and nail health."
6,2 years ago,form_absorption|evidence_studies,1,"Two questions: 1) I seem to recall a video from you awhile back which said that we simply cannot absorb NMN, and so it was utterly useless for us. Was that wrong? 2) What about the mouse studies? NAD plays a fundamental role in vertebrate metabolism (I'm quite sure). Among all things, one would think NAD metabolism would be conserved through mice and humans. Why such a difference? Could the original mouse studies have been wrong?"
6,2 years ago,just_take_niacin,1,Does this also pertain to niacin supplements?
6,2 years ago,nmn_vs_nr_nad|timing_protocol|benefit_energy|benefit_joints|benefit_skin_hair,0,"On my specific case (I am suffering from Still disease - a kind of systemic polyarthrite), what I have been able to notice after having tried both NR and NMN is that with NMN I would tend to feel slightly more fatigue and have slight red flares on my hands, which is a sign of inflammation in my condition and in the contrary when I take NR, I feel a bit better, no flares, my skin seems slightly better and above all, I almost systematically remember my dreams when I wake up in the morning. I wanted to share my experience as I think in my case and with my conditions, effects of drugs and supplements are exacerbated and easier to see and feel and that I clearly noticed a benefit with NR and the opposite with NMN."
6,2 years ago,authority_trust,0,"Always good to have contrasting opinions to keep us aware. I have noticed though, that Dr. Stanfield specializes in telling us about things that don't work, even when a significant number of folks have had success with it. I have seen reports that show that NMN has worked or has potential.  As always, we should each get the best info we can, including pro & con and especially safety considerations and make individual decisions for ourselves, along with the docs.    Personally,  if I hear testimonials from a large number of people who have had success, that carries weight for me."
6,2 years ago,just_take_niacin|evidence_studies,0,"Considering that NMN turns mostly into Niacin in the gut, all these studies should  ideally have an arm with  slow release or non flushing niacin."
6,2 years ago,,0,"However, Bryan Johnson said on his YT channel that he has experienced the benefits from NMN through his testing equipment. I don't know who to believe 🤷‍♂️ I remain neutral on this, but I don't think I'd supplement with it. We'll have to see."
6,2 years ago,dose|evidence_studies,0,"He is completely cherry-picking information and not giving the full picture at all!  Read the articles he refers to and see how far he goes in leaving out the whole picture, it’s shameful!  When referring to glucose levels going up from before the study during the second month, they then drop below the Pretrail range!  Same with body index and strength, he gives you the 6 week level which obviously won’t show much as the supplement is just beginning to be introduced!  He is obviously just denouncing NMN to promote his own products…absolutely sad and shameful!!!"
6,2 years ago,benefit_energy,0,"In my personal experience I have to say that I only took nmn for one month to test the product and I noticed significant changes in my energy level, concentration and period symptoms. I was surprised by the results and now I am looking forward to having my new order to start takink it  again,"
6,3 years ago,,0,"Yes your arguments are compelling, the other thing I worry about is boosting NAD through supplementation may lead to the body to adapt in producing less NAD naturally. If you don't remember to regularly supplement they could be perverse outcomes."
6,3 years ago,form_absorption|safety_side_fx,1,"What's your take on Liposomal NMN offered by RenueByScience? Liposomes are able to cross the gut barrier and reach systemic circulation, thus making it possible to target cells and tissues that are not in direct contact with the gut such as liver, spleen and lymph nodes."
6,3 years ago,just_take_niacin,0,Great info Dr. Brad on a confusing subject.  I wasted a lot of money on NMN.  Nicotinic acid it is.
6,3 years ago,dose|benefit_skin_hair,0,I take 1g of NMN every day and ive noticed that my gray hair is disapearing.
6,2 years ago,,0,Dr. Brad. Thank you for this great informative video.
6,2 years ago,,0,the big problem with supplements like yours is that they are very general and not made for one person specifically
6,2 years ago,benefit_sleep,0,"Can we all just agree that you will never find the answers inside a plastic bottle filled with sawdust. Train hard, eat  whole,healthy foods, sleep well, and stay hydrated."
6,2 years ago,form_absorption,1,"Do the safety concerns change when NMN is taken sublingually (thereby bypassing the gut microbiome, I believe)?"
6,3 years ago,,0,Have to say I have been taking NMN for over a year & noticed no change at all.
6,3 years ago,,0,I take NMN from Do Not Age and I think it’s helpful.
6,3 years ago (edited),nmn_vs_nr_nad|evidence_studies|authority_trust,0,"Thank you Dr Brad. Keep exposing that fraud. I do remember you comparing the number of clinical trials of NR vs NMN (the former vastly outnumbering the latter), and now it makes sense why Sinclair is shilling for NMN so much."
6,3 years ago (edited),authority_trust,0,"If this is indeed the case, this seems to be an appalling action by David Sinclair. If he has genuinely screwed the market for his own gain, everyone should boycott him."
6,3 years ago,just_take_niacin|evidence_studies,0,"Fasting also increases NAD+, and regular niacin probably works just as well as nmn, it just doesn't have anyone promoting it. There are studies of niacin improving grip strength in the elderly just as much as nmn does, which is a big indicator because they did not exercise and this is a big marker of aging."
6,3 years ago,nmn_vs_nr_nad|placebo,0,Even if NMN  has no health benefits  there is still the placebo effect that people think they're getting younger and now it's being taken away.  I personally will be taking more parsley flakes to lower my CD-38 and be taking in the future NR. Thanks for this  surprising information.
5,3 years ago,just_take_niacin|dose|tmg_methyl,0,"I prefer Niacin with flush over NMN. I take Niacin 2000-3000mg divived to 2-3 times a day. I take B50, Magnesium malat and TMG to not ger any sideaffect of the increass of metylation. Megadosing D3 is also good. I take D3 50000IU with K2 5mg to reduce calcium in the blood and 300mg magnesium malat 3-4 times a day because of the body's massive increase in using up magnesium. My third anti-aging is juiceing raw vegetables and fruit as breakfest."
5,4 years ago,nmn_vs_nr_nad|safety_side_fx,0,I'm 65 and I've been taking NR for a few years.  I'm considering switching to NMN.
5,4 years ago,,0,I'm convinced your short-term and long-term goals both revolve around bigger biceps
5,5 years ago,nmn_vs_nr_nad,0,You're already behind the curve Now its NMNH and NRH
5,5 years ago (edited),dose|form_absorption|safety_side_fx|authority_trust|age_gate|benefit_energy,1,"I also take NMN, 1-2 grams a day, with water . for about a year . Saw afew lectures from David Sinclair . Im 43, and feel like ....... 30 . For sports people this would be like GOLD . You need about 1 kilo of food every day, and atleast 1 liter of water . 1 gram of NMN is like eating 100 avocados . Avocado is very good food . You need a beer to get a certain feeling , and a smoke to get that other feeling . NMN gives another effect, energy, motivation, Id say you get positive in the brain too . Consume molecules to obtain an effect . No side effects (!) , a natural molecule in every bological organism . I also take Reservatrol a few times a week. 4-5 grams a week . I buy in generic powder from china . Not pills . Im shure I am the first in my country to test this out, maybe someone in Sweden or Denmark ? And all my friends, family , I recommend it and theyr like . ... no . And get comments like, who on earth would want to speak to you when your 200 years old ! For snack I eat canned sardines ."
5,5 years ago,,0,Would love a vid on optimising the NAD salvage pathway
5,5 years ago,benefit_cognition,0,NMN isn’t going to make you “feel” a certain way. The focus of NMN supplementation is to mitigate the risks of age related morbidity as the years tick away. Hopefully will help you be a healthier 85 year old compared to not taking. But won’t do anything now in terms of altering how you feel.
5,5 years ago,tmg_methyl|price_value,0,Frankly I haven’t seem results after taking this for a few months. Including Resveratrol and TMG to round it off. It’s overhyped. At least find a cheaper vendor.
5,4 years ago,nmn_vs_nr_nad|cancer_risk,0,"I took it for over 1 year, never felt anything.  Now I learn MNM/NR could increase your cancer risk.  I think if you want to improve your healthspan, look into fasting, but stay away from this crap."
5,1 month ago,just_take_niacin|nmn_vs_nr_nad,0,"Since day one of the whole NR/NMN interest, I simply asked where the comparative studied against B3 were. Crickets was the response. So, this is my shocked face..."
5,4 months ago,authority_trust,0,"Surprised Dr. Stanfield hasn't done an episode on Amarasate marketed as Calocurb which was formulated by the New Zealand government as a natural adjunct or alternative to GLP-1 agonists like Ozempic.  Good research behind it.  Stimulates our GI system to make more GLP-1, CCK, and PYY to naturally suppress appetite."
5,4 months ago,just_take_niacin|dose|price_value|placebo|stop_restart|safety_side_fx|evidence_studies|authority_trust|age_gate|benefit_cognition|benefit_sleep,0,"Dr. Stansfield makes some legitimate points that I take seriously — the gut bacteria conversion finding is real science, the Bergen study's 6-person sample is genuinely too small to draw conclusions from, and the meta-analysis showing no significant improvements in over-60s is data worth acknowledging honestly. I'm not dismissing his research. However his central conclusion that NMN is essentially overpriced niacin contains several significant logical gaps that I think fundamentally undermine his argument when applied to my specific situation. His most critical error in my view is extrapolating from elderly restoration studies to conclude supplementation is worthless for everyone. Every trial he cites was conducted in people over 60 trying to restore severely depleted NAD after decades of decline. That's not me. I started NMN at 18 with healthy NAD levels and the relevant question for my situation is whether continuous maintenance prevents the decline trajectory entirely — a population that has literally never been studied. Concluding prevention doesn't work based on restoration failure in elderly patients is like studying whether physical therapy helps sedentary 70-year-olds regain muscle and concluding exercise doesn't work for anyone. The studies he cites simply didn't study someone like me. His nicotinic acid conversion argument also cuts both ways in ways he doesn't fully address. Even if NMN converts to nicotinic acid via gut bacteria before being rebuilt into NAD, the end product is still elevated cellular NAD fueling sirtuins, PARPs, and mitochondrial function — the destination matters more than the route. His long COVID example actually proves the mechanism works perfectly since NAD tripled exactly as claimed, it simply wasn't the limiting factor in long COVID symptom resolution. Using that as evidence against NMN's core NAD-raising mechanism is a logical non sequitur that I don't find convincing. My personal experience of 6 years taking NMN starting at 18 directly contradicts his conclusion that raising NAD doesn't translate into anything you'd actually notice. I've experienced measurably better memory and sleep quality throughout this period — benefits that map precisely onto NAD's known neurological mechanisms including neuronal mitochondrial function, DNA repair, and circadian rhythm regulation through SIRT1. More compellingly, I ran my own controlled experiment by stopping NMN for several months and experienced consistent immune decline across multiple isolated periods that reversed predictably each time I restarted. That dose-response consistency is very difficult to explain away as placebo effect and represents more rigorous self-experimentation than most people conduct. Finally I think it's worth noting that Stansfield's recommendation to switch to cheap niacin is commercially convenient given he sells a supplement containing niacinamide — the financial conflict of interest runs in both directions, not just Sinclair's. His argument that exercise raises NAD actually strengthens my case rather than replacing it since exercise and NMN work through complementary mechanisms that stack rather than compete. Running pharmaceutical grade Uthever NMN, combining it with apigenin to block CD38 degradation, and stacking it with a consistent calisthenics program puts me in a category the clinical trials he references never examined. His conclusions simply don't apply to my protocol."
5,4 months ago (edited),just_take_niacin|tmg_methyl,0,"For B3 metabolites to work, they need to be administered in conjunction with TMG and Glycine"
5,4 months ago,just_take_niacin|dose|evidence_studies,1,"There was a study published in CELL(5 yrs ago?) that showed high dose Niacin improved muscle function and other health markers in older adults with mitochondrial myopathy. I think that muscle NAD increased in a dose dependent way, over months, tested through muscle biopsy and blood NAD. I like niacin and nicotinamide as ""NAD boosters"", and I think dampening CD38 as we age is probably important, too. Parsley anyone!"
5,4 months ago,nmn_vs_nr_nad,0,The point of taking NMN or NR is to boost NAD+ levels and that’s what it does. It does its job successfully
5,4 months ago,nmn_vs_nr_nad|evidence_studies|benefit_energy,0,"One more potentially relevant point.   NAD+ ""works its magic"" inside the mitochondria assisting the healthy production of energy/ATP.   These NR/NMN studies all report measuring increases to NAD+ in the blood.  I don't believe it has ever been established that increasing NAD+ blood levels correlates with increased NAD+ in the mitochondria.   As I understand it, and I may be wrong, but having more NAD+ coursing around our veins may mean absolutely nothing in terms of having more NAD+ doing its ""magic"" inside our mitochondria...."
5,4 months ago,purity_counterfeit|authority_trust,0,Just so you know. Dr Stanfields multivitamin recently failed a consumer lab test. They compared twenty multivitamins and his product failed. So maybe someone else from the supplement industry trying to con us
5,4 months ago,just_take_niacin|safety_side_fx,0,Worth noting niacin isn’t always benign. I developed a sudden rash and itch after taking niacin.  Very unpleasant.
5,4 months ago,nmn_vs_nr_nad|benefit_energy,0,NR boosts my energy big time.  NMN didn’t ever do much for me.
5,7 months ago,nmn_vs_nr_nad|dose|price_value|placebo|stop_restart|benefit_energy|benefit_cognition|benefit_sleep|benefit_recovery,0,"Been taking NR for over 6 years now, every time I stopped taking it I felt like crap, tired, can't sleep, brain fog ...etc once I restart taking it, I am back to normal and happy. Recently I started NAD+ injection 50mg a day for 20 days and it was amazing! I can see so much clearer, energy all day.  Play pickleball 4 hours then gym for 2 hours every day. I am turning 50 in 3 months. If this is called placebo can make me feel this good then so be it. The NAD+ and oral NR are very expensive but I am willing to pay for this placebo to feel like I am in my 20s."
5,7 months ago (edited),dose|benefit_energy,0,"I've taken NMN since I was 35 and now I'm 39. My entire life I'd suffered from chronic fatigue and in the years leading up to my 35th I stared having worsening body odor and bad breath. These issues were simply gone virtually overnight. I felt much better. I wouldn't recommend taking more than 250 mg/day of NMN long term. So,  clearly, not everyone will benefit from taking NMN, but if you have anything relating to chronic fatigue, I highly recommend trying to see if it helps!"
5,7 months ago,just_take_niacin|price_value|evidence_studies,0,I have just seen someone posting that NAD boosters in mice reverse dementia. Its very subjective. B3 is very cheap but it depends if you are deficient in the first place.
5,7 months ago,,0,Sticking with NAC
5,7 months ago (edited),nmn_vs_nr_nad|timing_protocol|benefit_cognition|benefit_joints,0,"Mt experience with NR is amazingly good.  No colds in 7 years, beyond a hint of one, after which I took extra NR and all symptoms went away.  My muscle stiffness in the morning vanished, as did my excess. I also got rid of the shots of neuropathy on the bottom of my feet. My nephew got rid of his carpal tunnel syndrome and his restless legs syndrome.  I know 5 additional people who got rid of their restless legs syndrome.  And two who get very substantial relief from peripheral neuropathy. Another gets some benefits from lupus, and the wives of two friends tell me there are some noticeable benefits regarding their age-related cognitive diseases. NMN is too big a molecule to enter a cell. NR has its own kinase to enter cells.  I don't know about either NR or NMN extending human life, but NR is something I will take as long as I live.  We should know more about NR efficacy when we see the large Long Covid trial and the Parkinson's disease trials that have been completed in Norway, but have not yet been published."
5,2 years ago,fda_ban,1,Why is the FDA trying ban it and plan to make it prescription only?
5,2 years ago,,1,Why is muscle NAD level important vs. blood NAD levels? What is the mechanism to raise muscle NAD? And why doesn't something that increases blood NAD also increase muscle NAD?
5,4 years ago,,0,"Thank you for this. I ordered NMN a couple days ago, and it was the GeneX brand, so good to see it's pretty decent."
5,4 years ago,,0,This is incredibly valuable work. Thanks for sharing this!
5,4 years ago,purity_counterfeit,0,"Thank you for Sharing their results! We should all take some time out to report every single fake seller out there to amazon, the more people report fake amazon sellers the more chance they will have their pages taken down."
5,4 years ago,placebo|fda_ban,0,"I contacted Amazon and sent them the PDF I was able to get a refund for my product based on this data.  BUT, they still haven't taken them down. I also send each seller a message telling them this.  I also sent a message to the FDA.   Perhaps, if we all contact Amazon and send them this FDF maybe they will do something. Perhaps, a call to the FDA also wouldn't hurt the more people that complain the more likely they will do something.   Unfortunately, the placebo effect is strong.  With all the reviews being mostly good on these supplements.  I agree Amazon needs to test."
5,4 years ago,nmn_vs_nr_nad|storage_heat,1,"I don't see anyone talking about the fact that this test was conducted by TruNiagen, who have a complete lock on the NR market, which is the major competitor to NMN.  Is no one questioning their objectivity?  Note they did not test any of the highly reputable brands/sellers, like AliveByScience and DoNotAge.  Also IIUC NMN is not very stable at room temperature;  they don't mention taking any precautions."
5,3 years ago,just_take_niacin|price_value,0,🤔 Would be interesting to find out if after all this time we've just been paying ULTRA-PREMIUM PRICE for what amounts to some extra B3
5,3 years ago,just_take_niacin|dose,0,"There's a variety of B3 that hasn't been mentioned: inositol hexanicotinate It's a slow-release form of B3 which works better than flush B3. It's been used for years by doctors like Abram Hoffer. ~500 mg seems to be a sweet spot, but 250 mg also seems to work. N.B. Using only 100 mg (a B-complex tablet) seems too little to get all the benefits Hoffer regularly used higher amounts of 3 g or more, but the desirable dose probably depends on the problem you are trying to address: Your blood tests should help you titrate the dose to optimise the benefits."
5,3 years ago,,0,"Good man - appreciate this. The hype was concerning given the excellent and proven properties of niacinamide. There's some very interesting research rabbit holes to dive down when you consider optimising glucose availability, niacinamide and generally strong thyroid performance and anti-aging. All very interlinked in the Krebs and in cell/tissue repair. Baffling to me why more research $ aren't spent on this kind of ""energetics"" research."
5,3 years ago,form_absorption|safety_side_fx,0,"Hello Doctor, congratulations on the superb work you do on your channel, can you please explain if the Renue by science NMN supplement does bypass the digestive system and goes directly to the blood stream as it claims, they specifically say ""LIPO NMN features our proprietary, powder-based liposomes that protect NMN from digestive enzymes & carry it into the bloodstream for targeted systemic delivery"". Please comment on this"
5,3 years ago,just_take_niacin|tmg_methyl,1,"Normally according to some, TMG is recommended when taking NMN so is that applicable with Niacin supplementation as well ??"
5,3 years ago (edited),just_take_niacin|dose|evidence_studies,1,"I've got a question about taking nicotinamide (aka niacinamide). Although it's a bit different from niacin, which you're taking 50 mg of a day, most nicotinamide products on Amazon have a dose of 500mg. Do you think it's far too high a dose to take every day? Also, there are large-scale clinical trials going on in the UK and Australia that give glaucoma patients 1.5g to 3g per day of nicotinamide. If these high does nicotinamide trials were to turn out to be effective against glaucoma, would it be okay to take such high doses of nicotinamide?"
5,2 years ago,evidence_studies,0,My mice are living longer than ever and opening bank accounts.  Mickey is doing very well.  NMN has given me a new love of Disney. 😀
5,2 years ago,authority_trust,0,Sinclair has unashamedly used his position to promote products and services that almost always are related to a personal business interest
5,2 years ago,authority_trust,0,"Whenever I discover a new channel about nutrition on YouTube, even when it appears to be serious and reliable, I immediately give up on it if they mention Dr. Sinclair as a reference."
5,2 years ago,,0,Everyone seems to agree you feel good when you start it and you feel low when you stop it…
5,1 year ago,cancer_risk,0,"Please before you take it, everyone Google NMN and cancer."
5,2 years ago,evidence_studies,0,Can you talk about the new fish oil study. A lot of news stations are telling people not to take it if you don’t already have heart problems
5,3 years ago,,0,Well in Europe NMN is considered a chemical for research purposes only and you are still able to buy it without issues.
5,3 years ago,,0,"Yes, like some others I saw this coming. Thanks for everything you are doing."
5,3 years ago,fda_ban,0,The FDA considers that the NMN is not just a dietary supplement but an active molecule currently investigated as a pharmaceutical drug. I see this as a positive for the NMN. It does work well enough to be considered a drug.
5,3 years ago,authority_trust,0,"this is pretty damning evidence against david sinclair IMO. Even if NMN works, what he’s doing is greedy and inexcusable. If he really cared about helping people live longer and be healthier he wouldn’t have wanted this to happen, because all this does is make it harder for people to get the supplement. It’s pretty sad too see."
5,3 years ago,nmn_vs_nr_nad,1,What about Nicotinamide Riboside NR?
5,3 years ago,nmn_vs_nr_nad|cancer_risk|evidence_studies|authority_trust,1,"There's a study published in Neuroscience News for Nov. 11 2022 suggesting that NR has been implicated in higher rates of brain cancer and metastasis. Dr. Stanfield, what do you think of this study and it's conclusions? I enjoy how you review recent studies and comment on their  relative merits. Thank you!"
4,3 years ago,purity_counterfeit|dose|form_absorption|tmg_methyl|storage_heat|evidence_studies|benefit_energy|benefit_sleep|benefit_recovery|benefit_skin_hair,0,"You really wouldn't. His video here is nothing more than an ad click bait. To have his pictures showing the kind of results and differences it shows, in just two weeks of using NMN is impossible! And misleading! For anyone to have the kind of results he is claiming in the before and after pictures one would have to have taken NMN for at least a year or two and, that is also in addition to eating good and exercising daily. Another important aspect to consider here, too, is this guy was taking 250 mg the first week and increased to 500 mg the second week. With a low dose like that he would not have the benefits of NMN that fast. Even in clinical trial those doses didn't show results until well over 8 weeks later and then those were somewhat minimal. He does mention he is now taking 1000 mg daily, yet it appears he is not going to continue because he really isn't noticing any changes, which very well could be the product he is promoting/using is not good. There are many companies promoting NMN that may not even contain the amount of NMN and/or even a ""true"" NMN ingredient. The brand he is talking about can very well be the case. NMN is best taken in powder form as opposed to capsule as there may be added fillers in capsules. Bottom line is, he for sure did not give the NMN enough time and, he is taking in capsule form. A good NMN needs to be refrigerated as it can be unstable at warm temps, light and air. I think the company picked him to try out their NMN and shipped him a couple of free bottles for him to promote. There are many YouTubers doing this and it's pretty easy to spot the ones promoting those NMN products. When I first started taking NMN I had encountered a couple ""fake"" or very low dose NMN ingredient in powdered form ( I never took capsules) that I know did not have NMN in it at the dose stated on the label. After a couple trials with bad batches, I did find a reputable brand, in powder form and I noticed and increase in energy after about a week into taking it. Then my sleep improved by  me falling asleep faster, sleeping more sound and feeling really refreshed and energized the next morning. After about a month I started feeling this secure, alive feeling. A more confident, healthy, strong feeling within myself. I also noticed the small body aches I would have maybe from inflammation of some kind were also gone. I also was able to exercise longer without muscle fatigue and tiredness. I just had the energy and stamina to workout no matter what it was and how long it was and my recovery time was almost instant. After about 6 weeks I noticed my skin being more subtle and soft and holding more water giving me a more plump kind of look. My hair become more healthy and less oily even though I never had oily hair it appears more shiny and less brittle. Same with my nails. Any changes will come on gradually as NMN works pretty quiet in the background, yet in time you will notice there are changes in your body and self. I also take Resveratrol and TMG as well as Astaxanthin and Quercetin. To find out how and why these work together with NMN and longevity/anti aging you can find a lot of info from David Singlair and other reputable Doctors here on Youtube explaining why and they really don't promote a brand for free products in return."
4,4 years ago,dose|timing_protocol|benefit_energy|benefit_sleep,0,"With so many bad things going on, people are down these days and have lost interest in a lot of things about life. This made me having sleep trouble, which also makes me very weak and tired in the morning. Ever since I'm taking NMN supplement (vitruvin 500mg/day) I get better sleep at night, and I immediately notice a boost in my energy plus I felt more mentally alert. NMN gave so much impact in my life."
4,3 years ago,,0,"Sirtuins are proteins, not genes. Sirtuins are a family of signaling proteins involved in metabolic regulation."
4,5 years ago,safety_side_fx,1,"Changing the topic...What's your thoughts on Black Seed Oil as well as Sea Moss? I apologize if you have already covered these two As always, I will continue to support you & your channel. Btw, have you tried the Chiptle Lime Mayo from Primal Kitchen....🔥🔥"
4,3 years ago (edited),timing_protocol|benefit_sleep,0,I'm 53 and been using NMN for 2 years along with berberine. I also take NAC every now and then. I take Vit D and K before bed...i find it helps me sleep better !! I also work our 4 days a week. my first meal of the day is after 11.am.
4,4 years ago,dose,0,"NMN supplement is perfect for older people like me. I’m already 65 and has been taking NMN-vitruvin (250mg) for almost half a year. Before this, I couldn’t dare to walk long hours in the mall while shopping with my granddaughters.  It’s awful. But with NMN-vitruvin, it helps me do things like play tennis, participate water aerobics, and yoga. I’ve tried several brands of NMN but Vitruvin suits me the best. My friends noticed the results in the first 3 months and they started taking this supplement. With regular exercise and healthy eating habits, I believe we can increase our lifespan."
4,5 years ago,,0,Looks like 10 minute filler (to maximize YouTube ads) and then plugging a product in the end
4,4 years ago (edited),nmn_vs_nr_nad|dose|form_absorption|tmg_methyl|price_value,1,"Interesting information Thomas - thank you. I'd like to know your thoughts on the following: Instead of taking the expensive NMN and/or NR, why not take the NAD+ supplement directly. I saw that a company by the name of Corllia makes a Liposomal NAD+ supplement in a 500 mg dose, combined with 250 mg TMG. The container explicitly says ""Actual NAD+, NOT Precursor"".  Is the body not able to absorb NAD+ directly?"
4,5 years ago,,0,Let us know your TRT regimen too while you’re at it.
4,5 years ago,just_take_niacin,1,Doesn’t niacin (B3) convert to NAD? Great episode!
4,5 years ago,,1,So... did you live longer??
4,5 years ago,,1,Is this for old people? Im a young beast
4,1 month ago,,0,You just saved me a lot of money. Thank you.
4,2 months ago,nmn_vs_nr_nad,0,"He is just selling what he can. He doesn’t produce NR so he says that it’s a crap, just buy what he sells 😂"
4,4 months ago,,0,I'm glad you can admit that you're wrong/mistaken. Very few Physicians can do that.
4,4 months ago,just_take_niacin|nmn_vs_nr_nad|dose|price_value|no_effect|placebo|benefit_skin_hair,0,"Take 1000mg  NR daily for a week.  See if you experience life changing effect (I won't state what it is, to avoid placebo).   If you feel nothing, then either you are young or you are a non-responder. Move on.    OTOH, you may have found a new page of your life. You can find out if NR changes your life or not for $20.  Don't let learned experts rule your life. I have taken 500mg to 1000mg of Nicotinic acid daily and it changed my grey hair black.  But it doesn't produce the other life changing effects I get from 1000mg NR daily.   Nicotinic acid has been proven to increase NAD.  It is an effective and economic route to boost your NAD.  A tip, to avoid the unpleasant flushing effect, take the Nicotinic acid pills AFTER your meal."
4,4 months ago,just_take_niacin|nmn_vs_nr_nad,0,In a 2026 randomized trial with 65 healthy adults (1 g/day for 14 days): NR and NMN both roughly doubled whole-blood NAD+ levels at baseline (chronic effect). Nicotinamide (NAM) only caused an acute spike a few hours after dosing — no significant rise in baseline levels after 2 weeks.
4,4 months ago,,0,Gotta say I don't love the AI slop B roll 😟
4,4 months ago,just_take_niacin|nmn_vs_nr_nad|dose|price_value,1,"B3 (Niacin) in Tuna, Salmon, Peanuts, Shittake Mushrooms, Avocados. 🥗 Niacin Content in Common Foods. RDA  Men 16 MG Women 14mg Foods I eat… Approximate niacin per typical serving: * Tuna (3 oz cooked): ~11–13 mg * Salmon (3 oz cooked): ~7–9 mg * Peanuts (1 oz / ~28 g): ~3.5–4 mg * Shiitake mushrooms (1 cup cooked): ~3–4 mg * Avocado (1 whole): ~3–3.5 mg Tuna alone can nearly meet a full day’s requirement. Other high sources:  Chicken Breast, Turkey, Beef, Pork, Brown Rice. So I won’t be supplementing any time soon.  But if you are a Vegetarian or Vegan or have known deficiency maybe you should?  What I learned from this Video is that NR and NMN are a waste of money."
4,4 months ago,nmn_vs_nr_nad,0,NR reduces my neuroinflammation so I wonder if that counts for anything
4,4 months ago,dose|form_absorption,0,"Low-dose sublingual NMN is making a noticeable difference for me.  Multi vitamins yeah, not so much"
4,4 months ago (edited),just_take_niacin,1,Niacin is same nicotinic acid?  B3
4,3 years ago,fda_ban,0,It's the fda need we say more they have banned or keep from The market drugs that have treated or cured diseases
4,3 years ago,nmn_vs_nr_nad|cancer_risk,1,But how about that article mentioning that NR may help spread cancer methastasis in the brains of women with breast cancer?
4,3 years ago,,0,杨医生一个节目做两次，用两种语言，认真态度太令人惊讶了，我作为中文频道的订阅粉丝钦佩杨医生的学识，智商，羡慕这语言能力，有一半都够了，可惜学不进了…
4,3 years ago,,0,"Thank you Dr, for the valuable information"
4,3 years ago,,1,You mentioned that you created your own NMN. Do you sell it??
4,3 years ago,authority_trust,0,"When Dr Sinclair was playing in kiddie school, he learned the concept of putting “Dibbs” on an item, after he got older and somewhat in student debt( another form of “Dibbs”)  he decided he could weasel the government into putting “Dibbs”on a natural element provided by nature, what a great idea!"
4,3 years ago,,0,Bought 3 brands of NMN of Amazon and they didn't do squat! All filler no doubt!
4,3 years ago,just_take_niacin|safety_side_fx|benefit_skin_hair,0,I bought 2 bottles before it's ban. It has been very strong suppliment  after l consumed it for a few months l stopped it because l got my periods back and a flushes that causes me breaking out some skin rashes. I am an elderly woman of 73yrs of age.
4,3 months ago,benefit_sleep,0,"I agree with Dr. Joanette on the fundamentals—whole foods, exercise, and especially sleep. That said, NMN hasn’t been a miss across the board. For some of us, it’s made a noticeable difference. One thing often overlooked is that as we age, CD38 activity ramps up and can drain NAD⁺ levels, so simply adding NMN can feel like filling a leaky bucket. Pairing it with compounds like apigenin, luteolin, or quercetin to help manage that turnover seems to make more sense."
4,3 months ago,,1,"So this got you more clicks after what's great about NMN died down ? I'm seeing many health advisers doing this, Oh it's great, then this is why I stopped. Happens a lot, and we aren't supposed to notice ?"
4,7 months ago,,0,I have been taking NMN and having a carnivore diet/lifestyle for a few years now and it is an absolute game changer. Just those two alone makes me feel years younger.
4,7 months ago,nmn_vs_nr_nad|dose|benefit_energy|benefit_recovery,0,"Years ago I began supplementing NR Within days I noticed having much more stamina in vigorous sports and improved recovery. A year later, after greatly increased workout loads, I doubled my dose. Within days, my recovery once again improved even more long term. Increasing NAD+ profoundly works for me without any doubts."
4,7 months ago,evidence_studies|benefit_energy|benefit_sleep|benefit_recovery|benefit_joints,0,"I asked AI for the latest research on this topic. I currently take NMN daily i have seen benefits over the years and have no reason to ever quit it. i have gone off it for 2 weeks and have noticed that i feel a run down feeling. For me it works and have no reason to ever quit. Key Findings on Anti-Aging Benefits (2024–2025) Studies on middle-aged and older adults suggest several potential anti-aging benefits: Physical Performance: Recent trials show improved muscle strength, gait speed, and grip strength in healthy older men. Some studies also report enhanced aerobic capacity and endurance in middle-aged adults and runners. Cellular Longevity: Research in 2025 indicates that 90 days of NMN treatment significantly extended telomeres (protective caps on DNA) in men aged 45–60. Metabolic Health: NMN supplementation has been shown to improve insulin sensitivity, particularly in prediabetic, postmenopausal women. It also helps manage cholesterol and may reduce arterial stiffness. Sleep and Fatigue: Recent 2024–2025 studies found that NMN intake improved sleep quality and reduced daytime fatigue in older adults."
4,7 months ago,,1,How bout injectible NAD+? Does this change things?
4,7 months ago,authority_trust,0,"Calorie restriction is mimicked by protein restriction. Protein restriction is mimicked by methionine restriction. Glycine supplementation has the same effect as methionine restriction. It's all just Glycine deficency. Modern diets has much less collagen than traditional diets. We lack about 10 g of glycine a day. Vegetarian proteins has less methionine than animal protein, so they get some of the effects. Sirt2 isn't involved. That was a Dr Sinclair fantasy."
4,7 months ago,nmn_vs_nr_nad|evidence_studies|age_gate|benefit_joints,0,"Nice clickbait, but your logic is flawed. You’re conflating 'lifespan' with 'healthspan.' Even if NR didn't make mice live to 200, the data on improved insulin sensitivity and arterial stiffness in humans is solid. ​The 'Long Covid' study you mentioned is a classic example of moving the goalposts—using a specific, acute disease state to debunk a general metabolic foundation. If you're going to wait for a 40-year gold-standard trial before taking a safe, DNA-repairing molecule, you'll be too old for it to matter by the time the results are in. Some of us prefer to follow the mechanistic probability rather than waiting for a perfect consensus that’ll never come."
4,7 months ago,nmn_vs_nr_nad|placebo|evidence_studies|authority_trust|benefit_energy|benefit_cognition|benefit_sleep,1,"I think Dr. Stanfield's conclusions are inconsistent to those reached by the authors of the study on Long COVID that he references. This is what the authors of the study write: ""While we did not find differences between the intervention and placebo in cognition, sleep, fatigue, or mood, post hoc exploratory analysis combining everyone taking 10 weeks of NR showed improvements in executive functioning, fatigue, sleep disturbances, and depression symptoms."" Besides, Isn't it a stretch to make the broad claim that because NMN and NR supplementation did not completely reverse the highly unusual condition we call Long COVID that the supplements lack all merit in more normal aging contexts?"
4,7 months ago,authority_trust,0,We can now add Dr. Brad Stanfield to the list of charlatans pushing his own product
4,2 years ago,nmn_vs_nr_nad|form_absorption,0,Its important to buy enteric coated or liposomal NMN or NR. Because as you said most gets broken down before it can reach the small intenstine. Massive difference in effects between pure powder and enteric coated tablets for me.
4,2 years ago,just_take_niacin|evidence_studies,0,A idea for your next video should be Niacin. Google scholar has studies showing Niacin has potential for treating NAFLD but other studies show it has hepatoxicity.
4,2 years ago,placebo,0,NMN has definitely worked for me and i know its not placebo
4,2 years ago,evidence_studies,0,"I'd definitely love to see larger studies and for much longer, like over a year or at least 6 months, but also with an equal amount of time viewing the levels of the people involved prior to see how it may effect anything that is going downhill in the people studied. I had heard somewhere about it not reaching far past just being in your blood prior, though."
4,2 years ago,just_take_niacin|nmn_vs_nr_nad|evidence_studies,0,"Appreciate the thorough detail, as always. Would love to see a similar study review of niacin supplementation to see how its results differ or are similar to NMN and NR."
4,2 years ago,authority_trust,0,I want to see what Sinclair will say about this……
4,2 years ago,nmn_vs_nr_nad|dose,0,Muscles are not the only organ.   From what I recall NMN does raise levels of NAD in several organs but not in all organs.  Also high 1g or more doses are needed.   NMNH is said to be a superior version that raises NAD in more organs and to greater extent.
4,2 years ago,authority_trust,0,Hi Brad thanks so much for doing this for us.....its so confusing out there. What makes it worse is when eminent people such as David Sinclair say they take these supplements and that they are helpful...same as resveratrol
4,2 years ago,benefit_energy,1,Hi Brad. Good work. Be aware that the company you promote in Do Not Age currently advertises its NMN as ‘Improving Strength and Stamina” as it main selling point. False advertising or misguided?
4,2 years ago (edited),benefit_cognition,0,"I’ve been taking NMN and resveratrol and have not felt any big changes.  And I’ve noticed that even those who have taken NMN for years look about the same, no change. But, this is true for virtually every supplement I have taken over the last 40 years.  I am still exercising and feel good but I was doing that before starting NMN. NMN appears safe and does provide some benefit so for now I plan on continuing to supplement with it while focusing on exercise and diet.  Hoping a real longevity supplement will come along before I’m dead."
4,2 years ago,authority_trust,1,Is this video and others meant to inform or just trying to knock down dr Sinclair’s work? If this is the case all your videos are biased and worthless.
4,4 years ago,,0,The brands that fall short are disappointing and the ones that fall well short are criminal. Kudos to ProHealth Longevity for their quality. Thanks for sharing this!
4,4 years ago,,0,"I did the same test in China, Reinvigorator result can not match to their lable too 182.0 vs. 225"
4,4 years ago,,1,Which lab did the testing?  That seems important to know.
4,1 year ago,dose|evidence_studies|benefit_cognition|benefit_recovery,0,"My 58 old Mother health dropped dramatically since she's got injected in 2020, especially her memory .. almost lost all hopes she will ever recover. After giving her NMN at 175 mg a day for just over a month now, she is literally BACK TO HER FORMER SELF. I don't care about studies and yadayada that you say, I look at FACTS my eyes can see, this stuff WORK! I ordered more today and plan to start using it my self as well."
4,3 years ago,just_take_niacin|form_absorption|safety_side_fx|cancer_risk|evidence_studies|benefit_energy|benefit_cognition,1,"As they age, each mitochondrion accumulates nadh to the point where it seems to bog down energy production. That is a part of mitochondria aging and nmn or any b3 seems to rescure this process. But it's not the only thing that ages mitochondria, and mitochondrial aging is only one aspect of aging. Fasting will help a greta deal more with aging but even with extreme fasting I doubt anyone is going to find they live to 130 because of their lifestyle and diet, it's just not realistic. But it will keep you from dying off as early from chronic disease. Some of the many benefits of doing occasional extended fasting: Blood clotting is reduced and blood clots and arterial plaque are reabsorbed into the body. Blood pressure is quickly and dramatically lowered. Fribrosis/scarring is reversed over time and telomeres are lengthened, which also helps with lung fibrosis. Reflexes and short term memory are increased. Fasting increases nitric oxide. Fasting stimulates phagocytosis, the ingestion of bacteria, plaques and viruses by the immune system. Vitamin D plasma levels are increased, and vitamin D in turn increases autophagy! Fasts from 36-96 h actually INCREASE metabolic rate due to norepinephrine release! Weight loss from fasting only loses10% lean tissue and 90% fat compared to the typical 25% lean tissue and 75% fat lost when calorically restricting for long periods. The hunger hormone ghrelin lowers with extended fasting and rises from dieting. Blood sugar and insulin are lowered, allowing white blood cells to move more freely throughout the body and do their job. Ideal blood sugar is around 80. Some viruses activate glycolosis (the release of sugar in the body) and clinically it has been shown that decreasing glucose metabolism in the body weakens the influenza virus. Thymus is regenerated, which suppresses aging and renews the immune system. When you move out of MTOR your body shuts down the building blocks of the cell which are used to produce organelles and proteins. This means the mechanisms needed by viruses to replicate are by and large unavailable when you are in a deeply fasted state. What breaks a fast? Anything with protein or carbohydrates in it will break a fast, though if the amount is tiny you will go back into ketosis very quickly. Most teas and herbs are OK. Most supplements and meds will either break ketosis directly or contain a filler that will. Many medications are dangerous to take while fasting so you may have to talk to your dr. about discontinuing them during a fast. When you fast, this stimulates apoptosis in senescent or genetically damaged cells. This kills these cells off completely. Senescent cells are responsible for the effects of aging and are the root cause of the development of cancer. If it were possible to destroy them all it would completely stop aging and cancer. That is not possible but fasting can help limit these effects by killing off many of the affected cells and limiting the future effects of aging. Fasts of several days will not affect short term female fertility and may increase long term fertility, especially in women with PCOS. Does fasting lower testosterone? No, it raises it when the fast is broken by increasing lutenizing hormone and helps build muscle by increasing insulin sensitivity! The hormone Leptin is an immunomodulator that keeps the body from attacking itself and obesity causes leptin resistance. Fasting very quickly reduces leptin resistance and leptin levels and one day of fasting can cut your leptin levels in half and gets your immune system working properly again! Does the body preferentially prefer glucose as a fuel? No, your body always runs mainly on fat except for brief periods of very intense exercise. Your brain also prefers to burn ketones at a rate of around 2.5 to 1 when they are available in equal quantity to glucose. Fasting stimulates the AMPK complex and activates autophagy. Autophagy (literally self eating) will cause cells to recycle foreign matter such as viruses and kill cancerous and senescent cells. AMPK does many helpful things in the body including activating the body's antioxidant defenses. Deep ketosis virtually eliminates chronic inflammation in the body. This can offset the life threatening symptoms of viral pneumonia which effectively kills you through inflammation. This also creates BHB ketones in your body, which also help your immune system and anti-oxidative system, especially in the brain. Ketones also provide an additional energy source during infection, which is critical when trying to fight off a bug. In fact you can have as much as three times the total energy available in your blood when you are in deep ketosis, or even more. It increases mitochondrial function and repairs mitichondrial DNA, leading to improved ATP production and oxygen efficiency and thereby making cells better able to fight off infection. Increased mitochondrial function also has the added benefit of increasing your metabolism and cancer prevention! Fasting also releases BDNF and NGF in the blood which stimulates new nerve and brain cell growth, helping a great deal with diseases like MS, peripheral neuropathy and Alzheimers. In fact, the biochemical regulator of BDNF production is beta-hydroxybutyrate, which is the same ketone the body produces to nourish the brain while fasting. Fasting also increases telomere length, negating some of the effects of aging at a cellular level. A fasting mimicking diet for 3-5 days in a row also provides many of the same benefits as water fasting. FMD usually has 200-800 calories, under 18 g of protein and under 18 g of carb. Exogenous ketones can aid with fasting, making it easier in healthy people and allowing some people with specific issues to fast in spite of them without worrying as much about hypoglycemia. Children, pregnant or nursing women should not fast for periods longer than 16 hours. People with pancreatic tumors or certain forms of hypoglycemia generally cannot fast at all. Type 1 diabetics can also fast but it is more complicated and should be approached with caution as it could lead to ketoacidosis. Those with Addison's disease may also be unable to fast without liberal use of exogenous ketones, depending on severity. If you experience extreme symptoms of some kind, especially dizziness then simply break the fast and seek advice. Resources: https://pubmed.ncbi.nlm.nih.gov/20102774/ https://pubmed.ncbi.nlm.nih.gov/31877297/ https://pubmed.ncbi.nlm.nih.gov/23707514/ https://www.clinicaltrials.gov/ct2/show/NCT04375657 https://pubmed.ncbi.nlm.nih.gov/7714088/ https://pubmed.ncbi.nlm.nih.gov/6859089/ https://www.ncbi.nlm.nih.gov/pubmed/23876457 https://repository.upenn.edu/cgi/viewcontent.cgi?article=1537&context=edissertations https://www.cell.com/cell/fulltext/S0092-8674(19)30849-9 https://www.ncbi.nlm.nih.gov/pubmed/25686106 https://www.health.harvard.edu/heart-health/abundance-of-fructose-not-good-for-the-liver-heart https://clinical.diabetesjournals.org/content/36/3/217 https://europepmc.org/article/MED/22402737?javascript_support=no https://onlinelibrary.wiley.com/doi/full/10.1111/j.1365-2265.2005.02288.x https://www.collective-evolution.com/2017/05/16/study-shows-how-fasting-for-3-days-can-regenerate-your-entire-immune-system/ https://pubmed.ncbi.nlm.nih.gov/29727683/ https://www.nejm.org/doi/full/10.1056/NEJMc2001176 https://pubmed.ncbi.nlm.nih.gov/23408502/ https://pubmed.ncbi.nlm.nih.gov/27569118/ https://pubmed.ncbi.nlm.nih.gov/21410865/ https://www.ncbi.nlm.nih.gov/pubmed/24905167 https://www.ncbi.nlm.nih.gov/pubmed/10859646 http://www.sciencedirect.com/science/article/pii/S0005272806000223 https://www.ncbi.nlm.nih.gov/pmc/articles/PMC1413655/ https://www.ncbi.nlm.nih.gov/pmc/articles/PMC2815756/ http://www.cell.com/cell-metabolism/abstract/S1550-4131(15)00224-7 https://www.ncbi.nlm.nih.gov/gene/25712 https://www.ncbi.nlm.nih.gov/pmc/articles/PMC1779438/ https://www.ncbi.nlm.nih.gov/pubmed/10232622 https://academic.oup.com/ajcn/article/81/1/69/4607679 https://pubmed.ncbi.nlm.nih.gov/25909219/ https://www.nejm.org/doi/full/10.1056/NEJMoa012908 https://pubmed.ncbi.nlm.nih.gov/15522942/ https://www.ncbi.nlm.nih.gov/pmc/articles/PMC3017674/ https://www.sciencedirect.com/science/article/pii/S1931312809002832 https://www.ncbi.nlm.nih.gov/pmc/articles/PMC5895342/ https://www.ncbi.nlm.nih.gov/pmc/articles/PMC6526871/ https://www.ncbi.nlm.nih.gov/pmc/articles/PMC6407435/ https://www.arcjournals.org/pdfs/ijrsb/v3-i11/7.pdf https://www.amjmedsci.org/article/S0002-9629%2815%2900027-0/fulltext https://www.nia.nih.gov/news/research-intermittent-fasting-shows-health-benefits https://medicalxpress.com/news/2022-10-treatment-pulmonary-fibrosis-focus-telomeres.html https://pubmed.ncbi.nlm.nih.gov/20921964/ https://www.ncbi.nlm.nih.gov/pmc/articles/PMC6141719/ https://faseb.onlinelibrary.wiley.com/doi/abs/10.1096/fasebj.2019.33.1_supplement.819.10 https://www.biorxiv.org/node/93305.full https://www.ncbi.nlm.nih.gov/pmc/articles/PMC7093158/ https://n.neurology.org/content/88/16_Supplement/P3.090 This list compiled over years of research by the user known as Pottenger's Human on youtube but feel free to copy and paste this anywhere you like, no accreditation needed! My channel which will always contain an updated version of this list of fasting benefits on the community tab. I also have playlists on fasting and health topics."
4,3 years ago,just_take_niacin|safety_side_fx,1,"What about elevated liver enzymes, ALK, etc. from niacin and possibly NMN? Megadosing B3 doesn't seem wise without regular monitoring."
4,3 years ago,nmn_vs_nr_nad|benefit_cognition,0,"I have used both NMN and NR. I can't tell if NMN does anything for me. NR definitely improves my mental clarity a good amount, I'm impressed with the effect it gives me."
4,3 years ago,evidence_studies,0,Please do one on NADH. None of the NAD researchers or commentators say anything about it. Yet it has a following. One small study found it effective for me/cfs..which I have.
4,3 years ago,just_take_niacin|benefit_skin_hair,1,I noticed that a couple of the nicotinamide trials you mentioned were topically-applied forms that improved the condition of the skin.  Is it fair to conclude these benefits can be derived from ingesting it as a supplement?  Thanks for your work....
4,3 years ago,form_absorption|safety_side_fx,1,What about liposomal NMN? I take it with no side effect and I feel more energetic.
4,3 years ago,nmn_vs_nr_nad|authority_trust,1,"Dr. Stanfield, SARM1 is increased with NMN supplementation but not with NR.  SARM1 promotes axon death and is associated with neurodegeneration.    I have been taking NMN for 10 months.  I now have peripheral neuropathy which is a sign of axon impairment (death). I’m horrified by this realization and stunned that NMNs increasing SARM1 and subsequent axon death is not in more literature but I did find it in multiple papers.  Please, Dr. Stanfield, your thoughts on SARM1 ?  Im a long time subscriber.  Thank you"
4,2 years ago,just_take_niacin|nmn_vs_nr_nad|evidence_studies,1,"A study published in Nature Medicine, February 2024, a strong correlation was shown between niacin metabolites (esp. PY-4) and cardiovascular disease. This raises concern about using niacin, nicotinamide, NR, and NMN supplements. The study was done by a noted cardiologist at the Cleveland Clinic. Comments?"
4,2 years ago,evidence_studies|benefit_energy,0,There are two kinds of people who might benefit from NMN: 1) those with suboptimal NAD from any number of reasons 2) any sort of athlete who might potentially get better energy performance Studies testing a vitamin in people with optimal levels makes no sense.
4,2 years ago,nmn_vs_nr_nad|benefit_cognition,1,Please DR. Brad. help me here so I don't het confused. You made a video which showed that NR and NAC (and a few other supplements) improved cognitive decline by 29%. NR is not NMN but they both boost NMN. Is your take the same on NR?
4,2 years ago,,0,Thanks for keeping it real doc.
4,2 years ago,,0,It seems you are selling your own products
4,2 years ago,,0,Nac and Glycine amazing thanks alote Dr.
4,2 years ago,nmn_vs_nr_nad|tmg_methyl|evidence_studies|authority_trust,0,"Thank you, Dr. Stanfield for this meta-analysis of the current NMN research. This video was concise and argues against excessive doses of NMN. I wonder if anyone is looking into the demethylation effects of NMN and NR, which may be cause for additional concern."
4,2 years ago (edited),price_value|benefit_energy|benefit_recovery,1,"I tried NMN and it often gave me diarrhea and didn't really make me feel any better (possibly worse?). I think because it's bitter it makes you feel like you're getting an energy boost. Having said that, I am a person that can often get diarrhea if I drink too much coffee and bad foods, so it could be just me. The thing that has made me feel the best is running everyday. Exercise is king. Don't run out and buy supplements when you start feeling sick and tired. Just maintain your health with eating well and exercising, it's way cheaper in the long run."
4,2 years ago,,0,"Even if NMN improves only the quality of life, It's still a huge win!"
4,2 years ago,,0,"Dude, you are making up your own results/interpretations. When you see something good about NMN, you call it trickery….when there is something bad, you highlight it. That’s no way to look at research"
4,3 years ago,,0,"As I am not in US, I hope, europe wont be affected"
4,3 years ago,,0,What a shame... I bought so much of it for my parents. Thank you dr.Brad.. respect 🙏
4,3 years ago,fda_ban,1,But doesn’t the FDA only effect the United States? Most NMN is made in China.
4,3 years ago,,0,Love how you mentioned Do Not Age because they sell NMN
4,3 years ago (edited),just_take_niacin|authority_trust,1,How do the Sinclair worshipers feel now?   Turns out Sinclair just likes money and doesnt really care about your longevity & healthspan.   That's okay is live in Canada my NMN comes from the DoNotAge company in the UK. Seems to me that vit B3 no matter what its called is still a vitamin.   Anyhow I will continue to get my NMN from the UK.
3,1 year ago,dose|tmg_methyl,0,On it for a year - nothing substantial - just ok - my vision got slightly better - I did notice.  I take TMG also - and meh!  I tried all kinds of dosage - meh!
3,4 years ago,safety_side_fx|benefit_energy,0,"Maybe you have adequate levels of nmn already. I don't feel anything from Q10 for an example (different forms and brands), while PQQ makes me feel quite much better. My favorite supplements is berberine, pycnogenol and pomegranate extract (or juice). Berberine is suitable for driven anxiety prone individuals, since it's a quite calming (and energy giving at the same time since it increases insulin sensitivity and fat burning)."
3,4 years ago,,0,Epithalon 👍
3,3 years ago (edited),age_gate,1,"You are not actually old! If your NAD+ isn't low, how would taking nmn improve anything ???? Wait until you are 50 or 60 years old then try again!"
3,5 years ago,,1,Has anyone actually verified this tweet from David exists? I checked and couldn't find it anywhere. Seems like another embarrassing attempt by Vince to talk badly of any other company that he isn't directly affiliated with. Not a good look.
3,3 years ago,,0,You never did tell us your experience with it and I had to watch 3 commercials. Thanks Tom.
3,4 years ago,nmn_vs_nr_nad|storage_heat,1,Doesn’t NMN have to be degraded to NR before even getting into cells after the gut?  I thought that NMN was too big and needed to be processed to NR to pass through and then be modified back to NMN to be able to produce NAD+
3,5 years ago,,0,Very interesting take on NMN
3,4 years ago,,1,"So what was your experience? You did a great job explaining what it is, but you didn’t say specifically your take on it after consuming for some time…"
3,5 years ago,,0,Fresher for longer🤣
3,4 years ago,,0,Thank you!!  I just started taking this supplement today.  Looking forward to the added longevity benefits.
3,5 years ago,,0,About time you did this. Been taking it for years
3,4 years ago,,0,"Just placed my order! Thanks Thomas, don’t listen to the nonsense comments…. You are providing enough knowledge about the product that i was able to conclude on my own it was worth a try. Cheers 🍻"
3,1 year ago,,0,9 minutes in and nothing about his experience 😒
3,5 years ago,storage_heat,1,"Thank you, Tom. I appreciate your info. You've always checked out when I look for myself. I'm looking for a product. This is a controversial subject. I've been following since spring 2019. Haven't made the plunge because I'm still wanting to do as much as possible ""for free"" via fasting and eating clean. I've come a long way. No point spending this $$ if eating junk,  right? And this is a long term commitment to take. I'm slowly building my vitamin / supplement stack & soon I want to make NMN with resveritol a go. Cold storage is super important."
3,5 years ago (edited),authority_trust,1,Could you please shill me another 50 products a week Thomas? That'd be great.
3,4 years ago,storage_heat,0,Just Ordered 12 months worth - That's one hell of a discount.  I have a liquid refrigerated resveratrol supplement already but now I can try it with NMN as the next stage on my health journey. Thank YOU!
3,4 years ago (edited),timing_protocol|price_value|evidence_studies|authority_trust,0,AAGGGHHHH I hate the fact its sponsored but love the discussion. Been taking pure Resveratrol with yogurt since around 2010 and will occasionally pop on the internet to check out what people are discussing around nmn and Resveratrol. Great to see it discussed. Wish Sinclair would just make a supplement cocktail thats addable to protein shakes. If youre not intaking protein on a daily basis you're missing out on ALOT. Its easy to throw in bulk supplements  too Ps edit I land on the higher end of these molecules. More the merrier. Used to be so expensive back in the day for Resveratrol. Had to go through chemistry departments to order in bulk. Thomas Id recommend either getting ahold of Sinclair or a member of his team and privately discuss with them the amounts of which theyre taking these molecules. Lol these are the smartest guys in the world and it could shock you a little. It is not something they take lightly and you need to go see the mice.
3,5 years ago,,0,We need a follow up to know what this did for you.
3,5 years ago,safety_side_fx,0,"Personal story: I never had worse headaches than when I took NMN.  It was the only supplement I added.  Any time my heart rate spiked (working out) I had the WORST tension headaches.  Taking it out, they went away after a week."
3,3 years ago,just_take_niacin|timing_protocol|form_absorption|price_value,0,"Update for NMN users - As we mentioned earlier, we had been experiencing embarrassing gas from our Toniiq NMN & Resveratrol powder. We attempted various approaches such as adding yogurt or not, blending it into a smoothie, dissolve in olive oil, or taking it directly under the tongue, but the issue persisted until we reduced the amount significantly. We suspect that the problem arises from one component being oil-soluble while the other is water-soluble, yet they are combined in Toniiq's formulation. It seems to be a clever solution, but it may not work for everyone. To resolve the issue, we have been experimenting with Niacin (FLUSH) and Resveratrol individually. We open the capsule and place it under the tongue, resulting in no more gas and being much less expensive. We hope this information is helpful."
3,5 years ago,,1,Didn’t hear anything about your experience.....just what you’d researched. ??? 🤷🏼‍♂️
3,4 months ago,just_take_niacin|nmn_vs_nr_nad|safety_side_fx,1,"dear Doc! the question arises - if the microflora regulates the metabolism of NR and NMN, it is obviously safer for the body than taking high doses of niacin for a long time. I think taking precursors helps to reduce side effects of taking niacin, absorption occurs smoothly over time, without sudden jumps. What is your opinion about it?"
3,4 months ago,just_take_niacin|price_value,0,Nicotinic acid (niacin) is cheaper and beats them both.
3,4 months ago,,0,I about spit out my coffee at 5:15 lollol
3,4 months ago,,0,"The majority of links to papers in the video description appear to be unrelated to the content of this video - for example, multiple entries about astaxanthin."
3,4 months ago (edited),,0,Superb explanation of a confusing topic.   Thank you!
3,4 months ago,,0,"Dr Brad, you're Awesome! Thanks for this!"
3,2 months ago,,0,"I can tell you my intraocular pressure in my eyes have decreased.  My pressures were elevated almost to the point of having to use the drops.  I started NAD+ and now 2 appointments later, my pressures were down at the normal levels at 2 office visits.  I know that 2 data points is not enough to be significant but it is to me since every single appointment prior my pressures were always on the high end.  It will be interesting to see what happens at the next appointment."
3,4 months ago,just_take_niacin|nmn_vs_nr_nad,1,So why does niacin hardly raise blood NAD then? NMN and NR both double it easily. 🤔
3,4 months ago,just_take_niacin,0,9:55 it says niacin as niacinamide  on the bottle but these are two different forms of B3 and are metabolized differently
3,3 months ago,nmn_vs_nr_nad,0,"Great video. I think it’s worth mentioning that there might be other perceivable benefits to jacking up NAD levels that aren’t detected in those markers.  In particular, and speaking from personal experience, doing seven consecutive daily NAD infusions drastically reduced withdrawal symptoms associated with a chronic opioid habit. I wonder if you’re aware of this application and if you have any thoughts on it."
3,4 months ago,just_take_niacin,0,"Nicotinamide does not show the same NAD+ increases that Nicotinic acid does. I agree with everything you said, except for including nicotinamide in your supplement. It makes no sense after going through all that research and landing on that as the answer."
3,4 months ago,just_take_niacin,1,"If its converted to nicotinic acid, why it doesnt give the flush like nicotinic acid?"
3,4 months ago,dose,0,"Thank you Brad. A few years ago, I took NMN (at the recommended dose) from a very reputable brand (Do Not Age) for a 12-month period. It did absolutely nothing that it claimed to do. I can certainly agree with these findings. Good video."
3,4 months ago,just_take_niacin,1,"Excellent! However, I am getting a benefit from a supplement that I never got from nicotinamide: my eye floaters have declined 50% from using NAD+ nasal spray. It's remarkable, and many years of taking B3 and B complex, as well as ongoing regular exercise, have not eliminated floaters. Can anyone tell me if there is any other way to get this benefit without using NAD+?"
3,3 years ago,fda_ban,0,The FDA should be banned.
3,3 years ago,,0,So much corruption.
3,3 years ago,,0,I wish you were my biology teacher. Everything’s so easy to understand when you present it.
3,3 years ago,fda_ban,0,"Hello Dr. Yang, this is the first time that I watch a video of yours... and I must say... thank you for a clear structured and well spoken Recording! :) Lets hope that this federal crime wont take action... Wouldnt be the first time that the FDA is  borderline Criminal..."
3,3 years ago,fda_ban,1,"Come on, NMN is NOT banned. It is just that NMN can no longer be sold as supplements. It means more profit for the drug company which sole produce it. Capice?"
3,3 years ago,tmg_methyl,0,They say you should take it with TMG for best results.
3,1 month ago,,0,Maybe because you got paid to do this.
3,7 months ago,no_effect|stop_restart|benefit_energy,0,Taken many supplements over the years and stopped them due to Sid effects or no effects. NMN/is the only one I take consistently because it gives me energy. When I stop and re start I get the same effect as I did the first time - a surge in well being and better vision.
3,7 months ago,dose|tmg_methyl,0,"My personal - ""anecdotal"" - experience:  5 years ago I overcame Co--d by only taking TMG+Ascorbic acid 5 times/24h. Symptoms would disappear after each dose of TMG+Vit-C and reapear after ~4 h. When Co--d was over I was physically powerless for ~2 weeks. Then my first NMN supplement arrived and changed the game for better. Within days I turned back to normal performance (for instance on bicycle) At this time I did not take TMG any longer because back then I knew it only as an ""Antiviral""."
3,7 months ago,,0,Great video Doc. It would be great if you addressed the current fad of taking in a supplementation via IV drip.
3,7 months ago,nmn_vs_nr_nad|tmg_methyl|price_value|evidence_studies,0,"We know NAD supplements work in that they raise NAD. Whether that does or doesn't improve some kind of outcome we simply don't know. These studies are looking at very specific things and can only inform on those specifics. Further, there is certainly no indication NAD supplements cause any harm in those wishing to take them so at worst they are just wasting a small amount of money. However, it is important to remember that absence of evidence is not evidence of absence. Studies are still thin on NAD and we need more done. Personally I take it (NR) because we know it works (in that it raises NAD) and it isn't prohibitively expensive. And as you point out I'm getting TMG at the same time. Whether the NR is doing anything worthwhile in terms of outcome or not if it is I'm benefiting from it and if it isn't I'm just paying a little more for TMG than I need to."
3,7 months ago,authority_trust,0,"You are an excellent speaker Dr. Stanfield, I really appreciate your content."
3,7 months ago (edited),nmn_vs_nr_nad|evidence_studies,0,"NAD IV was started in Italy in 1948 for morphine addiction .  It’s passed as a drug in South Africa for drug detox for many decades.  Sorry bro, the animal and human studies have been done. They are in a basement in a library at a university in South Africa.  And an multi Tesla coil MRI at the university of Minnesota has measured the number of molecules in the brain of NAD after IV.  It’s substantial.  Stop pretending you know everything about NAD. You don’t."
3,7 months ago,nmn_vs_nr_nad|form_absorption|tmg_methyl|price_value|placebo|safety_side_fx|authority_trust|age_gate|benefit_energy|benefit_skin_hair,0,"I've been taking boosters for 4+ years now. (NR then now enteric NMN) I'm generally a skeptical person, especially given the price, but n of 1 I see a consistent energy/mood boost. Placebo is of course a possibiity ...I've also been taking apigenin at bed time for about 2 years now as well. One odd potential side effect is my grey hair stopped. I had started with a small patch on my chin ...which has not changed in 4+ years. Both older bothers greyed significantly by my age no at 51. This proves nothing but ... Admittedly my exercise levels have been low. Perhaps it is an exercise memetic of sorts for lower active folks. I have always felt Sinclair is misleading at best ...but I have kept up with the nmn. I did try TMG briefly but had some off side effects after a few days and stopped. This was couple years ago. I may retry."
3,7 months ago,just_take_niacin,1,Thanks again Dr ! I intuited this was the case. And I do enjoy various forms of niacin occasionally flushing the body. Have you reviewed any research on such benefits for niacin?
3,7 months ago,storage_heat|evidence_studies|authority_trust,0,"As usual, Brad comes out with another selected research study to attack Sinclair - who he virulently hates, but fails to conceal - and as usual he attempts to degrade Sinclair’s contributions to the field of longevity. He has also pulled in a few other well known faces to side with him in some videos. However, there’s no denying the efficacy of NMN , as demonstrated by many research papers and comments here. I’ve been taking the stuff for a decade now and would never stop… go figure…"
3,7 months ago,nmn_vs_nr_nad|safety_side_fx|evidence_studies|benefit_joints,0,"AI says this about Nicotinamide riboside: Cardiovascular Health: Some studies suggest potential for reducing systolic blood pressure and arterial stiffness, especially in those with elevated levels. Inflammation: NR may lower circulating inflammatory markers. Muscle Health: It can increase NAD+ in skeletal muscle and affect muscle metabolism. Peripheral Artery Disease (PAD): A recent trial showed improvement in walking distance for PAD patients, warranting more research."
3,7 months ago,evidence_studies,0,"I swear this one darned mouse study has haunted longevity science longer anyone working in the field have been alive, people simply seem unable to let go of this study! I, personal opinion, consider this to be a false lead due to the following factors: A: Mouse study B: The (more than likely) reason the ad libidum fed mice died way faster than the calorie restricted mice isn't because fewer calories is automatically better assuming same level of fatmass is maintained. The reason is the mice who had access to more calories also had the ability to eat basically all the time, just like many modern diets in fact. No 2 seconds would pass without something in their mouth. This deprived their bodies entirely of a single point in time where insulin levels could drop or any ampk could build up or their bodies could do any sort of repair."
3,7 months ago,cancer_risk,1,Have you seen Physionics video on Glycine and cancer?
3,7 months ago (edited),,0,"Please refrain from language like 'dirty little secret' when referring to fundamental components of the scientific method.  Science is facing a very dangerous trend in growing opposition based on a combination of declining literacy and deliberate anti-science propaganda and incidental (though arguably intentional) mass misinformation spread by influencers who are simply too ignorant to be addressing complex issues like health. By using language like 'dirty little secret' you feed that paranoia and propaganda. Reproducibility is not in any way dirty or a secret.  It is a fundamental component of the scientific method. It is neither secret (it's written right into every description of the scientific method) nor dirty ... it works to ensure clean science, to reinforce science, to identify rabbit holes that should be abandoned, and to identify or to strengthen pathways worth pursuing."
3,7 months ago,benefit_recovery,0,"I'm convinced only machine learning will shine light on a truly useful molecules, anti-aging molecules may not even be the only answer in the long run also"
3,7 months ago,authority_trust,0,Nmn..another Sinclair hype drug
3,7 months ago,,1,"What if ""Long COVID' is actually vaccine injury?"
3,2 years ago,,0,I use NMN for less than a year with resveratrol and I feel strong and can careless of this report
3,2 years ago,stop_restart|authority_trust,0,"* Someone discovers something with anti aging feature * Dr Brad Stanfield: CRITICAL FINDINGS, STOP TAKING, CONSIDER, PROBLEM, NOT WORKING"
3,2 years ago,evidence_studies,0,"Interesting, but I thought NMM mostly should affect aging. Which again is less of an issue on younger people, therefore won't help younger people. NMN levels are more likely lower in older people. I would like to see a study with different age groups and less on sports."
3,2 years ago (edited),authority_trust,0,this guy likes to ‘disprove’ any of David Sinclair’s research. He can usually be found debunking someone else’s theories.
3,2 years ago,evidence_studies,0,As a NMN consumer my self. He is cherry picking studies. I’m impressed by how hard he is trying to make NMN look useless.
3,2 years ago,authority_trust,0,Your content reflects a well researched independent voice always. Love it. Thank you Dr. Stanfield.❤
3,2 years ago,price_value,0,$2.00 Thanks!
3,2 years ago (edited),nmn_vs_nr_nad|authority_trust,1,"​ @DrBradStanfield  do you think DONOTAGE should remove items such as NMN, NR, and Resveratrol now that you have shown that they don't work, before they start getting accused of being a snake oil sales company?"
3,2 years ago,form_absorption|evidence_studies,0,I wonder if any of these studies used enteric-coated tablets to get the NMN past the stomach. I wonder if that may change the results. regardless this is very disappointing news haha. another exciting supplement is possibly useless.
3,2 years ago,authority_trust,1,is david sinclair a bs artist?
3,2 years ago,evidence_studies,1,What were the time frames of the studies? Was it for the duration of the study or as suggested by the suppliers over a minimum of 3mths?
3,2 years ago,dose|evidence_studies,1,How many of these studies were across a matrix of dosages? My observation is that most of the youtubers out there with positive stories take far more than 300mg. That may or may not explain things but it seems like it should be part of any study.
3,2 years ago,authority_trust,0,"Thanks for the truth.  I stocked up before it went away on Amazon. I could have bought some bar bells. David Sinclair is going to have to find a new ‘snake oil’ to push. First Resveratrol, now NMN."
3,2 years ago (edited),nmn_vs_nr_nad,1,Can you do one on NR as well? Because it supports brain health.
3,2 years ago,,0,Find you to be a little bit too obsessed with proving NMN’s usefulness as wrong. 😂
3,4 years ago,just_take_niacin|tmg_methyl,0,I just use niacin and tmg.
3,1 year ago,,0,1:41 when a Dr uses the phrase “it’s a MIND field out there” I start to worry about his credentials 😂
3,4 years ago,,1,My question is why didn't the testers also put the photos of the products they bought and tested to show people?
3,4 years ago,just_take_niacin|dose|benefit_energy|benefit_sleep,0,"Thanks for being the FBI for these important products. I had a bad experience with Sam's Club acidophilous. After first using Spring Valley acidophilous from Walmart for a year, I became sold on the benefits of a probiotic. Then one day I was in Sam's and I spotted Sam's brand acidophilous. Subsequent use of the Sam's product proved that it was totally ineffective. That opened my eyes. I also think that Natrol has good vitamins because their melatonin is effective. Nature's Way Nicotinic Acid (100mg) pops all of my capillaries open at bedtime, and after a few minute's flush, I feel cool and tired and go right to sleep."
3,3 years ago (edited),,0,"Text in the report: Furthermore, the same distributor was listed on the product packaging from 10 of the 22 product brands. The distributor was SerumLab S&C International LLC, 5305 River Rd N STE B, Keizer, OR 97303. Packaging components, lot coding format, and label design for these samples were also similar on all ten products. In addition, the results from these products revealed NMN potency below the method reporting limit or not detected. Further, the HPLC chromatograms for these ten products were very similar and all contained a prominent unknown peak, suggesting that the formulation and contents of the ten products were equivalent and they contained an unknown substance. These products are notated with an asterisk in Table 1."
3,4 years ago,purity_counterfeit|form_absorption|authority_trust,0,"I am also a doctor in Spain and I do not know if you are unaware that most of the active ingredients of drugs (at least here in Europe) are manufactured in China. By the way, I don't know what you have against Alivebyscience, but I have analyzed their NMN powder in my faculty by mass spectrometry comparing it with a Sigma Aldrich sample and its purity is more than 99%. I invite you too to do the analysis yourself (and not referring to any external laboratory like the one you quote from Labdoor) and demonstrate to your followers the purity or not of the active ingredient of the brands you quote. Of course, I have no conflict of interest with that brand or any other brand. I am just a consumer. Best regards."
3,4 years ago,purity_counterfeit|nmn_vs_nr_nad,1,TRU Niagen ordered the test? interesting. now how do i find out how their NMN compares? who third party tested them?
3,4 years ago (edited),,1,Double Wood looked ok didn't it in comparison? I use Double Wood for my Serine and Magnesium Taurate supplementation so I hope they are at least a B and close enough to being trustworthy. Thanks Doc!
3,3 years ago,fda_ban,0,"If it wouldn’t work, they wouldn’t have banned it…"
3,3 years ago,nmn_vs_nr_nad,0,"NR being broken down by the gut is probably why Elysium uses crystalline NR , also called NR-E because crystalline NR maintains it's structure. Elysium is the only company that sells NR-E, they even have a patent pending."
3,3 years ago,evidence_studies,1,"Rather than just looking at studies have you ever tested your own prior bloodwork and then taking NMN and compared it? eg  hs-CRP /Triglycerides, AST/ ALT, epigenetic age test etc"
3,3 years ago,just_take_niacin,0,"i use niacin/B3 in high doses, because it helps me feel better and i like the feeling of the niacin flush. It works wonders against hangovers! However take it after drinking, if you do it before drinking, you get sober to fast and need more alcohol!"
3,3 years ago,,0,Hope everyone is doing good! God bless you all! Please make sure you know Jesus Christ as your Lord and Saviour everyone! He is coming soon! Don't be left behind! Please watch Watchman on the Wall 88 and Watchman River on YouTube to learn about Salvation and how we are living in the last days
3,2 years ago,,0,Very interesting. Thank you.
3,2 years ago,just_take_niacin|dose|evidence_studies,1,"Hi Brad, thank you for this summary of those 18 studies. Taking your advice about NAC and Glycine has made a huge difference to my respiratory system so I have been seriously thinking of getting your MicroVitamin to further enhance my wellbeing. Given these findings how do you feel about the 50mg of Vitamin B3 in your formula? Still within a safe range for our cardiovascular system? Best Wishes 😃"
3,2 years ago,safety_side_fx|cancer_risk,0,"I developed a benign tumor in my kidney after taking NAD booster which was not there before in scans a year before, so I'm afraid of them now . Such concerns always existed"
3,2 years ago,evidence_studies|benefit_joints,0,Glad you mentioned the glucosamine and chondroitin study. I was debating picking it up and giving it a try for my knees.
3,2 years ago,safety_side_fx,0,"I have been taking nmn for a year... I felt more energetic overall, but I have been taking other supplements like spermidine, taurine, fisetin, and so on. I eat one meal a day. Every week I stop eating for 48 hours once. Every month I do not eat for 72 hours once. I do all this because I drive long haul trucks and I sit for about 10 hours a day do not have the time to exercise. I have not had any side effects until recently I had nerve pain as if someone was pushing needles on my leg, left arm and middle chest. It happens rarely but it does last an hour pain comes and goes."
3,1 year ago,authority_trust|benefit_cognition,0,"Dr. Stanfield is a doctor of medicine and is trained to diagnose and treat diseases.  I’m sure he’s great in his profession but he’s not a Doctor of Human Biology and his opinion is no different than the regular Joe.  It’s two completely different fields.  Find a  Doctor of human biology who focus on the underlying biology and chemistry of the human body without the clinical focus on disease management. This makes them well-suited to guide discussions on how supplements and nutrients can support general health, wellness, and performance, focused on the intricate workings of the human body, from a molecular, cellular, and systemic perspective."
3,2 years ago,,0,A Rogan promotion is enough to convince me to steer clear.
3,3 years ago,authority_trust,0,David Sinclair wants to corner the market
3,3 years ago,price_value,0,"i stopped NMN. It's just too expensive. Instead, I gave up alcohol and cones, completely. Figured if I wanted a magic anti-ageing pill then I'd start at the number one killa ageing cause in my life. And wow, no pill can induce this feeling."
3,3 years ago,,0,Shocking.  Gov't health care is a racket.
3,3 years ago,evidence_studies,0,I get my NMN from a US based supplier they still list it on their website no changes. Many new studies have demonstrated benefits to NMN lately.
3,3 years ago,nmn_vs_nr_nad,0,I take NR rather than NMN anyway
3,3 years ago,,0,"So he wants the market all to himself with a ""proprietary"" version. I always thought that he was a bit shady, which is not based on his research or any specific facts about his work, but his kinda squeamish behaviour and body language in interviews, it's like he's checking if he can get away with a statement, it's hard to describe, but it always bugged me. Thank you for clarifying this, it helps a lot."
3,3 years ago,,1,"But at the moment, the companies that sell NMN in the U.S. are still selling it. Is there going to be a time in the next few months when they will have to stop new production and only sell off their existing stock?"
3,3 years ago,authority_trust,0,Thank you David Sinclair.
3,3 years ago,,0,"Must be of benefit...and drug companies  want to monetize it. Or... maybe it has tremendous efficacy to some illness, and as usual... pharma wants to corner the market on treatment."
3,3 years ago,just_take_niacin|nmn_vs_nr_nad,1,I have seen you leave a comment on seeky science show's recent podcast on NMN and NR with Charles Brenner. Does that interview change your position on importance of NMN/NR relative to niacin? Any update on your current take on NMN/NR would be great.
3,3 years ago,,0,I can't find any online source that has stopped selling NMN yet. I guess we should load up.
3,3 years ago,fda_ban|authority_trust,0,"Well, thanks for that Dr. Sinclair. You convince me to jump on the NMN bandwagon and now your self serving interests (at least the co. you co founded) may stop me from purchasing NMN. I'll have to see if it will be also banned here in Canada."
3,3 years ago,,1,What?! Amazon still has NMN available on their app/website.
3,3 years ago,,0,NMN will Potentially be approved as a drug instead of a supplement. Wait and see.
3,3 years ago,authority_trust,0,Both Brad and Sinclair cannot be trusted. No one can be trusted on such issues.
3,3 years ago,authority_trust,0,I was warning of Sinclair since 2006!  Newbies in this industry only hyped him who are unaware of his past when he was written off by experts
2,4 years ago,,0,I would love to see how this works out for you. I wanted to purchase NMN for a while now.
2,3 years ago,,1,How would you know after only 2 weeks?
2,3 years ago,benefit_energy,0,"Here is the thing - I scientifically analyized NMN and hence my title. I have tried it because I was told it can quickly boost your energy levels and improves mood (which didn't happen), but of course, as I said in the video, it may work better with older people and if you take it for longer. :)"
2,3 years ago,purity_counterfeit|dose|form_absorption|no_effect|evidence_studies|benefit_energy,0,"@yourinception  It's unfortunate you were told it can quickly increase mood and energy. It is quite known not to show results in a 2 week time span and even the studies completed on NMN show there are no notifiable results in the first 2 weeks, except in blood marker tests. A small marker in studies have shown a ""slight"" increase in energy and that was at taking NMN at a dose of 600 mg daily for 2 weeks. The other important aspect to keep in mind is the NMN given was not by some private company, it was pure unaltered NMN from the study labs. Studies show those taking NMN at 250 mg had no effect on increased energy even after 4 weeks, mostly due to the low dose. Taking NMN for 2 weeks and reviewing it as not effective is premature. Not because you are younger and already have high energy. There are many people in their late 20's into 30's who have had great success with NMN after 2 months and beyond and those people are still taking it. NMN works in the background and is very slow to come to the surface to where we notice results. I would hate to see anyone quit because it didn't meet their expectations in the time frame they hoped or were told it would work. As I stated in my last comment, the source and brand is very important. The purity is not really there in a capsule unless the company is very reputable, such as do not age and renue by science, which are two main suppliers of NMN with purity tests proving this. I personally have had both brands tested and they are 99.9% pure."
2,3 years ago,,0,It's only 10 days you have to give it more time
2,3 years ago,,0,"@ClearMindMeditations739  is it a pill 🤔, and this pill can solve my problem"
2,3 years ago,,0,@ClearMindMeditations739  can u mention the correct name or pic or something i didnt get it
2,5 years ago,,0,"Yet another brilliant website review. Really good work, you are so thorough, awesome job. Aboslutely love your supplier / website reviews. Rob"
2,,,0,5 years ago dear Vince you are an angel. really doing a holly work. there is not enough words to explain' how importent work you are doing. be blessed and many thanks. sorry if i wrote with spelling mistakes as english is not my language.zipi ezer from israel
2,5 years ago,,0,Great review....I'm probably not going to do business with Eternum!
2,5 years ago,storage_heat,1,I just ordered from these guys before seeing this video. Can anyone recommend a supplier in Australia? I'm concerned about ordering from overseas due to shipping times etc.
2,5 years ago (edited),form_absorption,1,"Perhaps the website owner is a supplier in China or a Chinese student living in Australia? Incorrectly publishing information about the company 'Head Quarters' being in 'Queenland': this is a sign of inexperience and lack of judgement. It is cut-and-paste, without any local understanding or commonsense to check spelling and context. To cut and paste content from a competitor's website, including the graphics, is theft. However, the lack of attention to detail is laziness from the designer and the client. It's as if this is a mock-up pretend website made by an international student, in their spare time. Importing the product like a reverse of the people who exported milk powder from Australia to China. A huge personal import loophole in China."
2,4 years ago,safety_side_fx,0,Had to discontinue NMN because it gave me heart palpitations
2,3 years ago,form_absorption,0,Is it any good. I just ordered 100gm of NMN powder from RBS
2,7 months ago,benefit_energy|benefit_recovery,0,NMN knocked off a minute from my mile run. I Crossfit and I don't run the mile very often but after two weeks I went from 9:15 to 8:15. My workouts have been better as well. Some strength gains but mostly energy gains. Im 61.
2,3 years ago,,0,"I'm still looking for a review video that doesn't promote a promo , because it makes me think that the video is bias"
2,1 year ago,,0,The real secret to longevity is mental state. Most centenarians lived care free lives and didn't worry about all this. Poor mental health means poor physical health. Cultivate a calm mind. These interventions are free and will improve both physical and mental health more than any supplement ever will. The Full Breath by James Francis.
2,5 years ago,nmn_vs_nr_nad,1,So if I’m trying to lose that last 5 lbs should I not take the NAD injections via IV therapy ??
2,3 years ago,dose,0,I would like to know how much NMN are you taking per day. Thanks.
2,5 years ago,,1,"How long did tou take NMN for, you seem to gloss over the facts?"
2,3 years ago,,1,What about liposimal NAD?
2,5 years ago,,1,So what WAS your experience?
2,3 years ago,,0,This helped me a lot. I ordered it and then got cold feet. Your explanations are always thorough and trustworthy. And I love the way you rattle off complicated words (NMN) like you're saying 'sugar'. LOL Thanks Thomas!
2,5 years ago,authority_trust,0,"Thank you for this information, I follow David Sinclairs work and didn't know which is the best brand of NMN to take so I appreciate and trust your research 😊"
2,4 years ago,benefit_sleep,0,"I can't believe I watched this WHOLE LONG video, only to find out that you NEVER talked about what NMN did for you ! ! ! ! !     Oh my gosh, I watched a long treatise on chemistry -- but never got any recommendation based on YOUR personal experience with the supplement of interest.   You owe an apology ""and"" a follow-up video to your viewers which will INCLUDE the missing info (unless you have no noticeable results to report).  And if that's the case, then I'm not interested in watching this video to begin with.  I wanted to hear about YOUR personal experience with this supplement."
2,5 years ago,,0,Take a drink every time Tom says longevity
2,2 years ago,benefit_energy|benefit_sleep|benefit_recovery,0,I’ve been getting off meds and even felt tired just walking. It’s been HELL. I just started taking NMN+ and I actually had energy to walk my dogs today and feel like I can run a mile! I’m not sure how long this will last but I’m taking advantage of it. I got a months worth and will keep taking it. Even if it only works today just having the energy is a godsend. And want to be clear it’s not a jittery kinda energy like coffee or any drug. It’s a very calm energy where I can sleep if I really wanted to or go out and not be dragging. It’s very nice to feel energetic again.
2,4 years ago,dose|form_absorption|age_gate,0,"Hi Thomas, I ordered VERSO on your recommendation. Can you pls clarify what dosage I should take. VERSO recommends 2 capsules a day. That’s only 250mg of NMN & Resveratrol. I’m a woman, over 50, weighing 55 kgs. Many thanks 🙏🏻"
2,1 year ago,nmn_vs_nr_nad|age_gate|benefit_energy|benefit_recovery,0,"I've been taking NMN & NMNH (sometimes the -H isnt in stock) since summer 2024. I just turned 45 & lift 4 times a week & do some type of cardio 2-3x a week. I don't feel my age, I go 17-18 hours a day with work & raising my daughter alone & have plenty of energy to play with her & do homework etc. (she's 8)."
2,4 years ago,just_take_niacin|nmn_vs_nr_nad|price_value,0,"The main reason you hear about NMN is because there's money to be made selling it. Niacin and Nicotinamide are also NAD precursors which straight up nobody talks about because it's super cheap to make. No profit there. Nicotinamide Riboside is only stable in a patented chloride formula of which Niagen holds the patent.  So only one company makes money there. NMN on the other hand has no patent on it and it sells for a high price. But truth is by the time it gets to you, it's mostly nicotinamide anyways."
2,4 years ago,cancer_risk,0,My dad got nad drips and it really helped his brain.  My son took 2 drips when he was detoxing off drugs and it made his detox way better. But our friend took it and must of had cancer in colon and I think it increased it. So don't take if you have cancer or think. It will increase.
2,5 years ago,price_value,0,It's also $70 a bottle
2,5 years ago,evidence_studies|benefit_recovery,1,"I wish you'd talk about the results for you. Also, have any double blind experiments been run on this compound?"
2,5 years ago,,0,TAKE ANY OF THESE W RED WINE.....
2,5 years ago,,1,"Ok, you've been taking Verso...how do you feel and/or what results are you getting physiologically?"
2,4 years ago,stop_restart|safety_side_fx|fda_ban|benefit_energy|benefit_sleep,1,"I ordered good quality NMN and Resveratrol from longevity box in the UK. Thought I’d give it a go. Only took 0.5 of each early morning 6.30am. After 3 days, my energy levels were way too high! Left me with serious insomnia! Which I’m not down with at all!!…. I’m only 40? Maybe it’s best as you get older?…So Iv stopped taking it, and maybe give it another try once I’m 50!! That’s if it hasn’t been banned by then!"
2,5 years ago,storage_heat,1,Does it get ruined once it's not refrigerated while being shipped in the hot summer weather?
2,4 years ago,timing_protocol|price_value|placebo|authority_trust,0,Bought a bottle to try as fitness guy Thomas Delauer was backing product on YouTube.  He is sponsored by company by the way. Results were same as placebo. Nothing gained by taking this product as directed with fats. I did lose about $50 though. I fell for the marketing campaign as I Thomas explains you into submission as he does everything. I am not able to trust Thomas going forward or this company.
2,3 years ago,,0,I learned nothing here. Dude speaks in circles.
2,5 years ago,,1,And the results are in????
2,3 years ago,,1,"I currently take NAD+ and have a couple of questions:  1. If Resveratrol is beneficial, would you add this to NMN?  2.  Can you take NAD+ NMN together?  3.  What Results Did you Have on this product?"
2,5 years ago,just_take_niacin,1,thomas can we still take niacin with this supplement?
2,4 months ago,just_take_niacin|nmn_vs_nr_nad|dose|safety_side_fx|benefit_skin_hair,1,"1. The gut bacteria is converting it into Nicotinic acid or nicotinamide?  There is a difference. If Niacin then why are 1 gram per day NR users not reporting flushing symptoms? 2. Why is blood NAD considered the only important measurement? You need to be accessing cells with throughout the body with high turnover that are most susceptible to aging or other vital cells, so skin cells, fibroblasts, stem cells, intestinal cells, kidney cells etc, and checking the NAD levels in those cells, not only blood."
2,3 months ago,,1,"Thank you so much for that clarifying video!! I have a follow-up question: Since raising blood NAD levels didn't help improve actual health parameters, do we know at all if the NAD gets into the cells where it is needed?"
2,4 months ago,,0,"Cool, happy to have closure on this finally."
2,4 months ago,,0,Love it. Thanks. /Former Biochemist
2,4 months ago,,0,Highly valuable information
2,4 months ago,,0,This is misinformation. The press handler pathway is not the primary or dominant pathway. It doesn't all convert or even mostly convert to nicotine acid first wtf this guy I quit
2,4 months ago,benefit_energy,0,Subcutaneous NAD+ you will feel like Superman. At least you feel energy for subq
2,3 months ago,nmn_vs_nr_nad|form_absorption|evidence_studies|benefit_energy,0,"Well, I don't know who they got for those studies but, I have a STARK improvement to my symptoms by taking both NR & enteric NMN every morning. I experience less pain, better mood, more energy, and an overall sense of wellbeing that is noticeably absent on the days I don't take them. So they're absolutely doing something positive"
2,4 months ago,benefit_energy,0,"I started taking NMN a couple of years ago, Within a couple of weeks I noticed a big difference in my energy levels and generally felt much more energetic. I'm over 70 now and I will continue to take it. It's the only supplement that ever made any difference that I felt."
2,4 months ago,benefit_cognition|benefit_sleep,0,"I’m gonna keep taking NMN to keep my NAD+ levels high. I’ve taken it since about 2020 in May and over these 6 years I’ve never even gotten a cold or any sickness while taking NMN, even when around my family who can be sick. NAD+ precursors are incredible and have improved my sleep and memory as well"
2,4 months ago,just_take_niacin|dose|age_gate,0,"This is good info, human research has also shown that nicotinic acid strongly increases NAD+ in bloodstream even in healthy people. The other B3 form nicotinamide does NOT increase NAD+ levels nearly as much as nicotinic acid. I think niacinamide is about 10-40% increase, while nicotinic acid can be over 500% in a  few months, when taking 1000 mg per day."
2,4 months ago,,0,The salvage pathway has made me skeptical of this entire approach.
2,4 months ago,,0,This guy's supplements are beyond my budget.
2,4 months ago,,0,Just take a B complex vitamin supplement
2,3 months ago,nmn_vs_nr_nad|timing_protocol|stop_restart,0,"My experience has been very different - I have long covid with severe neuropathy and within a few days of taking NR my legs stopped cramping at night and when I ran out and stopped the NR for a few days the cramping came back.  The cramps again stopped when I took NR and this has occurred twice. I have found NR very helpful. This may be because I am in the NAD⁺ deficit phenotype, and the scientific consensus is that while overall there may seem to  be no net benefit, there can be huge benefits for some people.  Research is ongoing.  I've tried many supplements and dropped the ones that didn't help."
2,4 months ago,just_take_niacin|nmn_vs_nr_nad|stop_restart|safety_side_fx|benefit_sleep,0,"I had to stop taking NMN and NR because they both (separately) give me insomnia, where I can get to sleep OK but I wake up around 4am and don't fully get back to sleep. When I don't take them I sleep fine. I really wanted to take them. I'm still taking Niacin and it doesn't have that problem. I still can't be sure, but this suggests to me that NR and NMN do something different than Niacin."
2,4 months ago,just_take_niacin|nmn_vs_nr_nad|dose|safety_side_fx,1,If you have sub optimal NAD levels then boosting will make you feel better. (I had massive results but not everyone does) If your NAD levels were good enough (for you) before you start then boosting them even higher won't improve how you feel. Everyone is different and results are individual to you. If you don't try it then you'll never know if it works for you or not. NMN and NR have good safety data. I would imagine that if you were to take enough niacin to mimic the NAD boost that a typical 1 gram dose of NMN would give you then you would be well into red flush and side effect territory. ? Dave.
2,4 months ago,,1,What about Trigonelline???
2,4 months ago (edited),,1,"Brad, it seems like all the data at Pubmed is in favour of NMN, how do you respond to that?"
2,4 months ago,,1,"and, what is Brenner's response?"
2,4 months ago,just_take_niacin|nmn_vs_nr_nad|dose|price_value|benefit_skin_hair,0,"I have been taking 100 mg nicotinamide since 1970, and now at 77 I have few gray hairs, and am the Hyrox Americas Champion for 2026. Thanks you Linus Pauling and colleagues from so long ago. Yes I have been buying the inexpensive B complex including 100 mg B3 (niacinamide) at the local pharmacy for the past 56 years. No need for expensive NMN and NR. Thank you for speaking the truth on this."
2,4 months ago,just_take_niacin|nmn_vs_nr_nad,0,and yet NR/NMN doesn't cause the niacin flush
2,4 months ago,just_take_niacin,0,In the bottle it says Niacin as niacinamide but that doesn’t make any sense. These are two different molecules. Niacin is converted into NAD via the Press Handler pathway and Niacinamide via the salvage pathway
2,4 months ago,no_effect|evidence_studies|benefit_energy,0,"I wouldn’t trust any study that says no effect.  lol after Covid I’ll try the product first and see for myself.  I noticed a significant energy improvement with NMN, so I’ll stick to my own results and assume the pharmaceutical companies are funding the negative research."
2,4 months ago,just_take_niacin|nmn_vs_nr_nad|authority_trust,1,"Dr Stanfield's statements are misleading or at least incomplete because he is confusing the two different forms of vitamin B3: nicotinic acid (niacin) and niacinamide, which are metabolized differently. When he references nicotinic acid (at 4:56, which is niacin that causes flushing) that is converted to NAAD by the Preiss-Handler pathway, this part is correct. But the figure at 7:17 shows NMN and NR metabolizing to niacinamide, wait what happened to the NAAD explanation? I think he skipped the step where niacinamide eventually is converted back into NMN through the salvage pathway, not the Preiss-Handler pathway. Then at 9:56 he says he put nicotinamide in his Micro Vitamin product, not nicotinic acid. He had two lines of reasoning going on and I think it was some messy logic. I hope he can clarify these differences."
2,4 months ago,evidence_studies|authority_trust,0,"What you newbies probably don’t know is “Dr. Brad’s” history with David Sinclair. Ever since Dr. Sinclair pooh-poohed his post with a  💩 emoji, “Dr. Brad” has spent countless hours trying to get back at him. To the medically literate, the shortcuts that he takes are quite obvious - his one goal in life is to show Dr. Sinclair as a charlatan. Only problem is, much of this stuff is above his pay grade. He is a medical doctor - used to memorizing results of scientific research, not doing and interpreting the results himself. Dr. Sinclair is a highly respected professor running a famous genetics lab at Harvard, with many PhDs doing the research under him. I have been taking NMN for the last 8 years. The effects are much subtler than in mice, BECAUSE humans are taking far lower doses by body weight, for safety. But it has kept my HbA1c constant over the eight years, and has even improved it a bit lately, WITHOUT any dieting or exercise. Used to be 6.4 in 2017. Today it is 5.9. Same body weight. Zero exercise or dieting. Don’t listen to this guy."
2,4 months ago,just_take_niacin|safety_side_fx,0,You're going to have to delete this video because you are going to have a whole bunch of people going out and buying nicotinic acid and the FLUSHING side effect is going to make them think they are dying.
2,3 years ago,benefit_skin_hair,0,This have actually turn my mum's white hair to black.
2,2 years ago,,0,Tried it myself and it is actually greatest thing i took
2,3 years ago,,0,Only people with money will have access to it
2,3 years ago,authority_trust,1,This shouldn’t stand on a trial in a free country. After years promoting it on his podcasts and blogs David Sinclair now wants to ban it?
2,3 years ago,fda_ban,0,anything that prolongs life FDA wants it stopped eg: NAC
2,3 years ago,,0,We have the best government money can buy
2,3 years ago,fda_ban,1,How do we send a protest to the FDA?
2,3 years ago,,0,"Thankfully as a European I can ignore FDAs decisions. They also didnt gave permission for probably the most accepted, secure and well studied sun blocker, named Bemotrizinol. For whatever reason. Just import that stuff from any european country."
2,2 years ago,,0,It’s not dangerous
2,3 years ago,fda_ban,0,FDA typical criminal behavior. So in bed with big farma makes me sick.
2,3 years ago,,0,No it's not dangerous. As usual its because of the GREED
2,3 years ago,,0,gov doesn't want you to live longer.
2,3 years ago,fda_ban,1,Why FDA never ban coke and McDonald’s????
2,3 years ago,evidence_studies|authority_trust,0,"I think we do not have enough visibility on the impact of NMN. It sounds good and all, but I feel it should be more complicated in its effects than it seems. I ll wait and see 10 years until we get human trial data showing no harm. And I don’t trust Sinclair."
2,3 years ago,safety_side_fx|fda_ban|authority_trust,1,Why FDA ban NMN? Is there a conflict of interest since the supplement has no potential risk or side effects.
2,3 years ago,,1,Can you take NAD instead if they ban it?
2,3 years ago,cancer_risk,0,"NMN  ,  ah yes, food for the Cancer Gods. It opens the pathways for cells to grow, good cells or bad (Cancer). No one is talking about the elephant in the room"
2,3 years ago,,0,你的重要受众是华人，你就不要在这里卖弄你的普通话英语了
2,3 weeks ago,cancer_risk|benefit_recovery,0,"I have noticed that the American Health System and current Doctors keep telling people that "" Its Your Age, Your getting Older, As we age, Age Age Age blah blah blah "" they have made us believe that Age is a factor, I turned 50 In April and I am stronger, Faster and in much better health than I was in my 20s, I can run around 20 year olds, if anything I am getting Stronger as I age, PLEASE PEOPLE DO NOT LISTEN TO DOCTORS and people around you, I have learned that people will always blame and use Age as an excuse for pain and other issues its all BS!! I had two Chemically Induced Heart Attacks from the Moderna Covid Vaccines and they told me I would never be able to repair my heart tissue WRONG! They told me too take it easy don't run or exercise like you used to, WRONG, I have had a Mild Case of Myocarditis from Long Covid and I stopped exercising for 3 years I said no more and I went back HARDER than ever I have now broken the Age barrier and I feel stronger than ever I am able to run like before my two heart attacks, cardiologists can't see any fibrous tissue in my heart they can't believe I healed my heart, you can reverse any damage to your heart and other organs, I inject Glutathione and Coq10 and I eat home food no more junk food, you can cure Cancer, HIV, Long Covid, Heart Failure, Diabetes YES you can. NMN DOES WORK, NAD + does work, I cured my cancer when I had it naturally by Juicing No Chemo, No Drugs, good luck guys!"
2,9 days ago (edited),dose|tmg_methyl|storage_heat|authority_trust,0,"questions: what was the dosage you used did you take it with TMG, if so what was the dosage did you take it with resveratrol; if you did, what was the dosage what was the brand you used. what was the color of the nmn you used what was the color of resveratrol, if you used it did you refrigerate the nmn did you refrigerate the resveratrol, if you used it I'm sure you are aware of David Sinclair and his advice about selecting and using nmn and what he recommended and why he made his recommendations. They are not arbitrary, especially concerning verified quality of ingredients and efficacy in his experience. To be clear, sinclair made no recommendations as to brand, but related the results of his experience with ingredients that consistently worked over the ten year plus time period he has been conducting research on nmn."
2,4 months ago,placebo|benefit_energy,0,NMN is not placebo effect for me at least as I have taken alot of different supplements and definitely feel a big energy boost from it. I only take it once a week or so.
2,7 months ago,,0,And there's the punch line  @ 8:20
2,5 months ago (edited),benefit_energy,0,"I've been taking nmn for a couple years. Scleroderma runs in my family on my dad side, all the males get it in their 30s. It started on my knuckles and slowly disappeared weeks after starting nmn. It definitely has made a difference in energy levels for me, I've yet to find an upper limit to my stamina thru the day when it comes to any kind of work."
2,7 months ago (edited),,0,Wow - it's almost like bosting NAD is only one part of a more complicated process or something. Go figure.
2,7 months ago,nmn_vs_nr_nad|placebo,0,"I don’t know if it’s placebo effect or not but after I’ve been taking NR for a few weeks straight, I do better in my runs. It feels like I don’t have to push as hard while at the same time, running further distances. If it is simply placebo effect, then placebo effect is more impactful than I imagined."
2,7 months ago,nmn_vs_nr_nad|safety_side_fx|authority_trust|benefit_cognition,0,"Appreciate the breakdown Dr Stanfield. One thing worth noting is that oral NAD⁺ has poor absorption, and NR works better but still varies a lot between people. Feels like delivery method is becoming just as important as the molecule itself.  Some clinicians outside traditional supplement frameworks (e.g. Trevor Bachmeyer) have focused more on delivery methods and cellular uptake rather than oral precursors alone — an interesting contrast in approach."
2,7 months ago,,1,Can this lack of replication be replicated?  We don't know until someone tries to replicate the replication.
2,7 months ago,evidence_studies,1,Can you take a look at the human clinical trials of erinacine A for Alzheimer and hearing loss?
2,7 months ago (edited),evidence_studies|benefit_energy|benefit_recovery,0,"Looking at supplements in isolation ignores the greater system in which they operate. Like dumping a bunch of fuel into a car and wondering why it didn't make it run when ignoring that the engine is broken. Whilst this would make for a rather complicated study, the metabolic pathways are an important consideration in coordinating positive effects. I personally found that NAD+ supplements have provided a notable boost when paired with AKG, Adenosylcobalamin, and Magnesium Malate; supporting the Krebs cycle. You can then add B2, R-ala and L-carnatine to support complex II; this has significantly increased my stamina albeit anecdotally. You could go on to support other pathways too... As briefly alluded to. However, you might want to start by repairing the mitochondrial membrane."
2,7 months ago,nmn_vs_nr_nad|evidence_studies,0,"This study shows that elevating NAD with NR did not thwart the causal mechanisms of long-Covid, which may therefore not be NAD related. It seems somewhat like using the wrong tool for a job to infer therefrom that NR/ MNM won't thwart the causal mechanisms of aging given that aging =/= long-Covid, even if they share many features. That said, the history of life-extension research & marketing is a parade of exciting new supplements that prove, one after another, to've just been false hope. Just on that, NR/NMN will probably prove to be just another noisy band in that parade."
2,7 months ago,no_effect|placebo|evidence_studies,0,"I took NMN for a while, but stopped when human trials came up with no benefit. Here's my hypothesis: Humans have multiple molecules, of which NAD is just one, that are all necessary for good health and longevity. If there are ten (say) such molecules, your health will depend on the one that is most deficient. If you increase the body's supply of that molecule, your health will improve but only to the point at which your body is limited by the next-most-deficient molecule.  What's more, in the process of gaining this boost in health, your body will use up stores of all of these essential compounds at a higher rate, at least until you reach a new equilibrium. I think this would somewhat answer why NAD levels decline (in some people) as they age; the body has no reason to maintain youthful levels of NAD if it cannot also maintain youthful levels of other important molecules. The apparent placebo effect might be very strong under this hypothesis:  Some people might feel a temporary boost after supplementing with one of these compounds, but long-term impacts would not show up in clinical trials if the other key compounds aren't also supplemented."
2,7 months ago,cancer_risk|evidence_studies,1,"Hey Doc, thanks so much for all that you share it’s such important information! I have read that NMN can potentially increase cancer risk, did you find any information on this during your NAD/NMN studies? Thank you!"
2,7 months ago,placebo|authority_trust,0,NMN is not placebo. Placebo does not improve eyesight both on subjective level and clinical data. Even my optometrist was shocked that my eyesight continues to improve in the last year that I've been taking NMN. Just because Dr. Sinclair snubbed you doesn't mean you should be this butthurt.
2,7 months ago,tmg_methyl|evidence_studies,1,"So lemme get this straight. There were limited studies in humans and mice showing positive results, and your advice was not to jump to conclusions -- which I agree with. Now we have limited studies in humans and mice showing no positive results, and your message is we can jump to conclusions? Plus an ad for your product... That doesn't make you sound very trustworthy, sorry. We still don't have enough data to draw any solid conclusions. There's way too many factors and it'll take many years to determine how exactly, if at all, NAD levels can be used to influence lifespan or overall health. And the same for TMG. My advice to people is if you're taking either and feeling better, then proceed. At least we're pretty confident there's no negative effects at normal doses."
2,7 months ago,dose|tmg_methyl,0,I have been on and off with small dosages of Niacinamide (200-300 mg/day) and Noctonic Acid (200 mg) and balancing it with TMG and I don't believe in the marketing of NMN and others.
2,7 months ago,,0,Fantastic video to really clear things up.. Hearing about NAD years ago got me so excited but as new research came out I was less and less excited!
2,7 months ago,,0,Your use of AI for your channel is alarming and off-putting. It makes me trust this channel less
2,7 months ago (edited),dose|tmg_methyl|cancer_risk|evidence_studies,0,"39 months of 1 gram NMN, 2 grams TMG per day. My own personal study. The results are staggering. The problem with mice studies is that they die from cancer, not old age."
2,7 months ago,tmg_methyl|evidence_studies,1,"The hypocrisy here is insane. You dismiss NAD precursors because they don't 'extend lifespan' in one specific mouse study, but then you promote TMG based on 'muscle performance' metrics? Talk about a double standard. You're intentionally moving the goalposts to make your own product look superior. Using Long COVID patients—who have massive systemic inflammation—to 'prove' NMN doesn't work for general aging is scientifically illiterate. You’re not educating your audience; you’re manipulating them to boost your Micro Vitamin sales."
2,7 months ago,authority_trust,0,Don't trust david sinclair
2,7 months ago,price_value|placebo,0,NMN is a very expensive supplement for a placebo effect!
2,7 months ago,nmn_vs_nr_nad,0,I’ve been using TruNiagen for 12 years. This is a very disingenuous video. Dr. Brad is cherry picking what he’s covering. Of course he did throw a picture of his own product in there.
2,7 months ago (edited),placebo|safety_side_fx|evidence_studies,1,I love a great placebo. NMN has been the best placebo for me and so many people around me. My meaningless study regarding nmn includes people surviving terminal liver failure. A postmenopausal friend started taking NMN.  She was 4 years post menopausal and got her period Back. It is not toxic. Why the hard push back? What is the incentive?
2,7 months ago,,0,"NMN did nothing for me when I tried it for a month, and I don't take it. My belief is it does help the performance of some people with below average cardiovascular fitness levels, but that it does nothing for someone with a high cardiovascular fitness level. And just because it helps their performance does not mean it is anti aging for them."
2,7 months ago,authority_trust|benefit_energy,0,"The Problem here is not NMN, or any of the other NAD Supplements, the Problem is this unnatural hatred Brad has for David Sinclair.  Like most of the commenters below I also take NMN and my energy levels greatly benefit from it."
2,7 months ago,evidence_studies,0,"It does look like NAD and NMN are a waste of time, however I don't think the ""long COVID"" study is of any use. Simply because it seems mostly likely that ""long COVID"" is a psychosomatic condition that only ever seems to affect those who were COVID-hysterics to begin with."
2,7 months ago,,0,"We all age and die, deal with it"
2,7 months ago,authority_trust,0,Sinclair  is a joke. Looks like his book is a junk.
2,7 months ago,authority_trust,1,"You lost me at ""Long Covid"" ? what a scam, seriously, if you still believe that scam, you have no business offering advice to anyone about anything"
2,7 months ago (edited),evidence_studies,1,"Long Covid = poisoned by vaccine. How many in study were vaccinated, including influenza vaccine? Another bs gamed study."
2,2 years ago,benefit_sleep,0,Taking 1-2 grams of NMN daily for 1-2 months fixed my sleep schedule and quality
2,2 years ago,benefit_joints,0,"""Slow walking speed, so I'm just going to exclude this"" = cherry picking"
2,2 years ago,nmn_vs_nr_nad,0,New research is out with NMN Vs NR and NR seem to have a slight edge
2,1 year ago,,0,Our guy sold out😅
2,1 year ago,,0,The real secret to longevity is mental state. Most centenarians lived care free lives and didn't worry about all this. Poor mental health promotes poor physical health. Cultivate a calm mind. These interventions are free and will improve both physical and mental health and anyone can do them. The Full Breath by James Francis.
2,2 years ago,benefit_sleep,0,"I will save my money for nutritious food.  Exercise, sleep and creatine. Thk"
2,2 years ago (edited),dose|safety_side_fx|benefit_energy|benefit_sleep,0,I have tinnitus from antibiotic treatment and regular headaches from being an IT and staying on the pc all day which NMN helps with. Also don't sleep good because of a young child. I take about 600mg of nmn a day and it gives me a lot of energy. If I stop it for few days everything starts going back to normal(it is surviveable but not pleasant). Not seeing any anti-aging benefits - my beard continues going white :D but I feel better overall.
2,2 years ago,nmn_vs_nr_nad,0,I have found NR to be extremely helpful as an anti-inflammatory.
2,2 years ago,nmn_vs_nr_nad|price_value,0,"This video echoes my own n=1 experience: no significant changes when taking NR.  I’ve not taken NMN directly, and since I’ve given NR several months of use, I don’t see a reason to try it.  When my NR runs out, that will be it.  Im also taking Mitopure (urolithin A) and can report nothing significant in terms of changes. It’s expensive as well so I expect big results.  I’ll most likely be dumping it after my current supply runs out. So far, no magic pill."
2,2 years ago,fda_ban,0,You must be paid by the big pharma
2,2 years ago,safety_side_fx|evidence_studies,0,Higher nad in the blood seems like a good thing to me. You really did a disservice to the topic by emitting the amount of nmn and the delivery method being used in the studies and by youtube influencers. I took nmn and feel like it had profound effects but not consistent. that tells me we have more to learn about how it is best taken in and used by our bodys.
2,2 years ago,benefit_sleep|benefit_skin_hair,0,"I’m a 40yo very active male…after taking nmn, my sleep quality noticeably improved and my nails/hair grew faster. 6 mos later, I feel that it does not provide me the same effect it used to."
2,2 years ago,placebo|benefit_energy,0,"I've taken nmn for 6monhs and felt that overall it may be a placebo effect, the rise in blood serum may be helpful in the brain energy department, but it doesn't do much for muscle or lungs, I find things like beta ecdysterone, rhodiola and epicatechin induce greater gain"
2,2 years ago,nmn_vs_nr_nad|no_effect,0,I've taken NR for about a year now and have felt no benefits from it.  I feel that I have given it a fair test but this will be the last bottle I purchase.
2,2 years ago,,0,8:05 the disappointment was so big Brad turned SSJ
2,2 years ago,evidence_studies|authority_trust|age_gate|benefit_energy|benefit_recovery,1,"Dr. Stanfield,  I have not watched your entire video, but did notice a study on muscle strength?  I have been consistently working out with weights in the gym for 40 years, I am now 59.  I have been taking NMN for approximately 8 months.  I have definitely noticed an increase in strength while lifting weights in the gym, nothing crazy, but no question, increased energy and strength while lifting weights.  I personally think I know my body best and its limits when it comes to lifting weights.  I feel some of these studies are not representative enough when performed.  I think if you took 100 men that have been working out with weights consistently over 5 years, and are all over 50 years  of age, you would get 100 men that know  their  bodies and limits when it involves weight lifting and strength.  These are the people that can give you a more objective response to NMN increasing strength.  I have no ""Dog"" in the fight for NMN, just my two cents."
2,2 years ago,,0,My personal experience NMN has been life changing. For the positive of course
2,2 years ago,nmn_vs_nr_nad,0,"You've suggested following Charles Brenner, but he's just another social media influencer with a financial incentive to push NR despite any evidence to its benefit"
2,2 years ago,just_take_niacin|nmn_vs_nr_nad,1,How does niacin and niacinamide compare to taking NR/NMN in these regards? You had previous videos saying niacin supplementation has benefit and it does included in your supplement stack.
2,2 years ago,nmn_vs_nr_nad,0,Applying the same metrics Brad uses for NNM/NR to all other supplements he promotes ... and he should close the channel altogether!
2,1 year ago,,0,I think he had decided on the outcome before beginning 🤔
2,2 years ago,,0,Thank you so much for all the work you do to help us understand the complexity of it all. It makes a difference.
2,10 months ago,purity_counterfeit,0,"Amazon has been busted for selling fake supplements many times. Also, many Chinese sellers do the same. Worse, their products are often contaminated,  sometimes with dangerous pharmaceuticals.  There's no real consequences for them though, only the consumer. NEVER buy supplements on Amazon if you value your health."
2,4 years ago,purity_counterfeit,0,"Holy most are fake, thank you for this video."
2,4 years ago,,0,I'm glad I found this video. I was about to buy more NMN from Amazon.
2,4 years ago,just_take_niacin|nmn_vs_nr_nad,1,nicotinamide mononucleotide is different to Nicotinamide Riboside?  I used to take the latter until watching your video from a few months back.  I wondered if the first one had anything to be wary of too?
2,4 years ago,,0,"Dr Brad, did you see Professor Shin Imani’s comment at the NIA organized NAD conference that only beta-NMN is biologically active and what is sold is mostly alpha-NMN. He also said his lab had tested extensively and all commercially sold NMN is contaminated with LPS due to the production process."
2,4 years ago (edited),form_absorption|evidence_studies|benefit_cognition|benefit_sleep,0,"Thank goodness! I've been taking Alive By Science NMN for years now.  First the sublingual tablets and now their liposomal NAD+. But as you've said I prioritize sleep, exercise and diet over supplementation.  Also in regards to diet I pay particular focus to when I'm NOT eating, which is as important as what I'm eating as shown by Dr. Satchin Panda's work out of the Salk institute. On a different topic I'm really looking forward to more clinical trials of AKG."
2,4 years ago,price_value,0,So which one is best in term of quality/ price ratio
2,4 years ago,nmn_vs_nr_nad,1,1% gain with these supplements at best? Are you kidding me? What is the point even talking about them let alone making videos on them if that is the case? And why would it even matter if it contained some or none (nmn / nr)?
2,4 years ago,,0,This guy talks about following a great diet yet is following a plant based diet despite so much evidence showing that humans are not supposed to plant eaters.
2,3 years ago,,0,This video is making me crave M&Ms 😆
2,3 years ago,benefit_recovery,1,I take two MNM’s before every workout. That that count?
2,3 years ago,evidence_studies,1,What about NMN for extending the fertility window? There are studies on mice and anegdotal reports of women getting a period after entering menopause.
2,3 years ago,just_take_niacin|dose,0,Niacin flush rules - min 500mg nicotinic acid for me - i love it
2,3 years ago,evidence_studies|benefit_sleep,0,"Re: your Rapamycin trial. Check out part 2 of the Modern Healthspan interview with Aubrey de Grey.  Sounds like he’s likewise interested in Rapamycin and planning a study, possible this fall and likewise looking for funding. Time stamp 4:40."
2,3 years ago (edited),,1,"Damn, Brad, can't science just stay static so I don't have to keep updating so many articles I've written about stuff like NMN and metformin? You sure are creating a lot of work for me.  Nonetheless, I'm glad that you're keeping the lighthouse lit. There's a lot of fog out there."
2,3 years ago (edited),just_take_niacin|form_absorption|evidence_studies,0,"There's been a few human studies which have not only shown increased NAD+ blood levels but also better muscle endurance in humans.   i don't think that came out in this video.  Also, if multiple studies show that blood NAD+ levels are increased, then repeating the conclusion over and over as you did, that NMN is probably absorbed and converted into other forms of B3 anyways is not supported by the data."
2,3 years ago (edited),benefit_cognition,1,"I tried NMN with some skepticism. I felt great, stopped for a while, felt much worse. Started again, feel great again. Not 100% sure it's the NMN of course but it does seem to work for me so far. Not sure what the mechanism is then. Especially since I'm young. My senses just seem heightened or something? I feel like my eyesight is sharper or something, smell is more sensitive. Brad have you ever taken NMN, just to see if it has some effect on you?"
2,3 years ago,just_take_niacin|dose|tmg_methyl,0,"I have been taking NMN from DoNotAge with TMG started with 500 mg then raised to 1000mg. 500 had no affects at all. 1000mg actually made me feel worse. I stopped and gone back to niacin. I have been execrecsing regularly, I am on a super clean healthy diet, maybe NMN only works on certain combination no idea. Did nothing for me."
2,3 years ago,just_take_niacin,1,"Hi Dr, great video, very informative. Would you recommend Niacin over a simple Vit B 3 supplement? If so what is the reasoning behind this?"
2,2 years ago,,0,thank you so much for this mind clearing summary of the state for NMN! ❤
2,3 years ago (edited),just_take_niacin|nmn_vs_nr_nad|dose|tmg_methyl|authority_trust|age_gate,1,"Hi Dr Stanfield, I hope you don't mind a question today: does it appear safe to take a combination of NR, NMN and Niacin together? I am 48 years old with high cholesterol. I currently take 100mg Niacin (any more than that triggers migraine), with NR and NMN. This is taken with  TMG. I have found conflicting ideas about combining - some say that different forms of B3 may be helpful as different tissues might 'prefer' NR or NMN pathways - others say that combining is a waste of time. Do you have any thoughts or have you come across any research? Thank you mate!"
2,3 years ago,,0,Hands down greatest channel on YouTube
2,3 years ago,,0,"Brilliant as always Dr Brad, thank you."
2,3 years ago (edited),placebo|evidence_studies,1,"""compared to placebo""!? In the mouse study they give the mouse PLACEBO??! I did not know mice are effected by placebo!"
2,3 years ago,benefit_energy|benefit_cognition,1,"I've been taking nmn for about 2 months now. Personally the greatest benefit is the energy boost both physically and mentally. However I'm not getting the same boost in this second month that I did in the first. Any thoughts on cycling nmn. One month on , one month off. Also a similar but unrelated question? Fisetin. I took 1gr for 3 consecutive days last month as per a suggested protocol to clean out senescent cells. First day I got an amazing energy spike and best ever mental clarity. Second and third days were flat. Thoughts on cycling fisetin too. 1gram, 1 day a week? Would love any opinions or feedback."
2,3 years ago,just_take_niacin,1,"Wouldn't it be best then to take NIACIN instead of NMN? Niacin seems to be the most interactive form of them, right? Why bother with NMN..."
2,3 years ago,just_take_niacin|nmn_vs_nr_nad|price_value|authority_trust,0,"It would be nice if the two researchers recommending NR (Brenner) and NMN (Sinclair) wouldn't be compromised by their commercial interests in resp. supplement. It would also be nice if all research with those forms of viamin B3 also compared them with Nicotinamide (NA) and Niacin. It seems to me that NA should work as well as NR and NMN. It also have the advantage that it isn't idiotically expensive. Actually, you can get it in a multivitamin!"
2,3 years ago,benefit_skin_hair,0,"I have been on nmn now for 3 weeks and already my thinning hair has thickened, darkened and there is new growth all through my hair including growing new growth on my bald spots"
2,3 years ago,just_take_niacin|no_effect,0,"Surprised you didn't mention the vast literature on vitamin b3 and cardiovascular disease. Niacin has a strong effect on almost all blood markers of cardiovascular health, it reduces triglycerides and LDL and raises HDL, so it was natural to expect great benefits from it. Unfortunately after many trials using niacin in conjunction with statins, there seem to be no benefits. Some benefits may be there using niacin alone, but there is no definitive conclusion."
2,3 years ago,just_take_niacin|benefit_energy,0,"NMN (nicotinamide mononucleotide) and B3 (niacin) are different compounds with different properties and uses. NMN is a molecule that is involved in cellular energy metabolism, while B3 (niacin) is a B-vitamin that acts as a coenzyme in various metabolic processes. NMN has shown potential in increasing NAD+ levels and impacting aging and metabolism, while B3 has been shown to improve cholesterol levels and prevent niacin deficiency-related diseases. It is not appropriate to compare NMN and B3 as ""better"" or ""worse"" as they serve different functions and may be used for different purposes."
2,3 years ago,form_absorption|safety_side_fx,1,"Hi Dr. Brad, do you have any comment on these 'liposomal' NAD+ supplements?   (Their key selling point /advantage seems to be that liposomal 'wrapper' is a better delivery mechanism for the NAD+ molecule which would otherwise not be digested into the bloodstream so easily due to its size...)    Thx."
2,3 years ago,just_take_niacin|safety_side_fx,0,Thanks to you resveratrol is now in my closet My nmn is near reorder status which I won't do . Was thinking to switch to niacin which I will now do . I'm a healthy 67 feeling like 50 so I never see a benefit taking supplements But I'm treating it like a car front end alignment where your tires wear out faster  if alignment isn't checked
2,3 years ago,,1,What about the greater need for NAD for cellular repair which does increase with age due to accumulated damage?
2,3 years ago,benefit_cognition,0,"There has been a lot of focus(hype) on NAD+. I hope cardiovascular health and endothelian function will get more attention the coming year. After all, cardiovascular diseases are the major killers and there are a lot of direct approaches that need to be scrutinized. Nitric oxide and related Arginine, citruline, sildenafil, cialis, beet juice and more."
2,3 years ago,just_take_niacin|nmn_vs_nr_nad,1,Does Niacin also increase NAD levels in the blood? It would seem that if NR and NMN is broken down by the gut microbiome before it reaches the bloodstream then supplementing with Niacin as opposed to NMN should result in increased NAD in the blood congruent with what NMN does.
2,3 years ago (edited),nmn_vs_nr_nad|dose|evidence_studies,0,"He said NMN definitively boost blood NAD. And we don’t know if that results in increased muscle NAD. But later he concludes that muscle NAD is not increased (from the NR study, not NMN). I think our good doctor here may be a bit too pessimistic on NMN. I personally have taken NMN for 4+ years at 1g per day, and it’s very evident to me that it works"
2,3 years ago,placebo,0,I buy a 30g of NMN three-four times per year and the effect is intense. It can no longer be ascribed to placebo-effect. Something is obviously happening.
2,3 years ago,,1,"Dr. Brad, you didn’t discuss Lipo-NMN which supposedly bypasses the breakdown in the stomach. Thoughts?"
2,3 years ago,authority_trust,1,"😐Just recently found Sinclair's videos and was so happy to find a solution to aging (along with Bryan Johnson's Blueprint) but now your videos are saying resveratrol, NMN, quercetin, spermindine and basically everything he said is bull, and it's bumming me out. None of these work? 😢😢"
2,3 years ago,,0,My doctor told me last summer to add nutritional yeast to my evening salads and soups. I like this a bit better for me with B vitamins because it lowers the amount of pills to take.
2,3 years ago (edited),just_take_niacin,1,"Dr Brad, could you please clarify whether you are taking Niacin 50gm three times a day or just one time a day? Thanks"
2,3 years ago (edited),price_value|benefit_recovery,0,"There are cheaper, easier ways to restore NAD metabolism than NMN. I'm actually worried about the impact of reductive stresses from supplementing it. If you don't fix the salvage pathways, and don't fix the excess of electron donors and Aryl Hydrocarbon receptor activation, that lead to rapid depletion of NAD to NADH, NMN may be detrimental in the long run. Too many questions needing to be answered, and I can restore mitochondrial complex function and restore cellular nad+ levels via another cheap method, if it comes to it."
2,9 months ago,age_gate,0,this video is 2 years old would love an update!
2,1 year ago,,1,What is nmn? That's a very good question. LOL
2,2 years ago,,1,Anything about pregnenolone?
2,1 year ago,evidence_studies,1,Why does it work so well in mice?
2,2 years ago,evidence_studies,0,"Love the forensic examination of the studies, Brad! We need more of thag in science communications. On that note, you should try and find an AI tool that specializes in academics and see if it can oull these inconsistencies out. Would be interesting to see just how many studies actually pass the test."
2,2 years ago,evidence_studies,0,"### Four Main Takeaways 1. **Short-Term Safety**: NMN supplements appear safe for short-term use based on the available studies. 2. **Limited Muscle and Performance Benefits**: NMN increases blood NAD but does not significantly improve muscle NAD or performance. 3. **Minimal Metabolic Health Benefits**: Most metabolic health markers, such as insulin sensitivity and cholesterol levels, show no significant improvement with NMN supplements. 4. **Long-Term Safety Concerns**: High doses of NMN might increase harmful metabolites and inflammation, potentially raising long-term health risks."
2,2 years ago,price_value,0,Only beneficial for the people who sell this. This is a costly supplement and proven to have no bioavaibility for the consumer.
2,2 years ago (edited),fda_ban,0,"If you want nad precursors to work you need to fix nad salvage and other pathways of nad dysfunction. If the NAD you supply rapidly converts to NADh then it could be adding fuel to metabolic disorder fire. A long post like this will probably be shadowbanned but.. My controversial analysis shows that excessive NAD donors dysregulated certain forms of catecholamines. That plasma norepinephrine, epineprine, normetanephrine levels become dysregulated with excess NAD precursor supplementation. Some of which can be good or bad. Its a weird melting pot of data that is hard to decipher."
2,2 years ago,evidence_studies,0,This is going to end up just like the other 'longevity' supplements...like metformin...a LOT of excitement and then ...much later come the risks/dangers studies. Very good  work Brad... Thank you! A lot of hard work.
2,2 years ago,placebo,1,Are there any randomized placebo-control trials that show that the microvitamin pills that you sell actually make a differene to biomarkers or behavior?
2,2 years ago,evidence_studies|age_gate,1,Can you do a research study on the which sport is the best for over all longevity/Health. (I am 68 yrs old and swim 70 laps +30-50  chin ups  daily+ hiking 3 times a week  is this the best choice for me?) I eat a healthy diet and live in a low stress situation. )
2,2 years ago,,1,Michael Lustgarten's data do suggest that blood nad goes down with age. And he cannot be suspected to not have a healthy diet or skip exercise. What do you make of it?
2,2 years ago,evidence_studies,1,Are there any meta studies about m&ms??
2,2 years ago,placebo,1,"Not sure I understand why you are so dismissive of the placebo effect Dr Brad? Surely, if an individual can improve their quality of life through placebo, isn't that a welcome effect?"
2,2 years ago,,0,"Excuse me...but NMN has more physiological benefits...merely that muscle function.  Furthermore....you yourself said NMN improved blood NAD levels....well....right there.  NMA improves health.  And sure... If you exercise  that incresses NAD levels too.  Ok..!!  But has no bearing, on if NMN will increase NAD levels. Sure....go exercise!!  But for people with kids...demanding jobs....older people...etc..etc!!  Have difficulty finding consistent time to exercise. So.maybe the can exetvise only 1 day a week...so at least...the can SUPPLEMENT THEIR LIFE....with an NMN supplements on those other days. Hmmm....sorry...but not thought out reasonings..."
2,3 years ago,,0,It's a crucial supplement for heart disease
2,3 years ago,no_effect|stop_restart,0,"I stopped taking NMN and a host of other ""anti-aging"" supplements, when I saw/felt no difference after 3 months. If anything, I felt worse. Now stick to quality diet, exercice, high quality Multivitamins, fish oil, olive oil & lemon juice."
2,3 years ago (edited),just_take_niacin,0,Vitamin B13 orotic acid and vitamin B3 could make the change due to there action to the NAD+ Pathway . Keep going !
2,3 years ago,,0,"sirt1 is activated by LIGHT fluorescent light, maybee we should give light as a medicine to people to extend lifespan ;)"
2,3 years ago,fda_ban,0,If the FDA is against it.... is good for you!!! ....AND VICE-VERSA.
2,3 years ago,authority_trust,0,Totally agree. I'd just call it a scam.
2,3 years ago,,1,How is NMN and niacinamide different?
2,3 years ago,just_take_niacin|dose,0,Im using Niacin via the Enduracin wax release formula for both cholesterol effects and juicing the NAD+ cycle.  I take 1000mg a day (sometimes 2000mg).
2,3 years ago,,0,Thank you for the timely update and for pointing out the connection between the resveratrol debacle and NMN.
2,3 years ago,,0,Defund Dr.Sinclar
2,3 years ago,authority_trust,0,I really despise David Sinclair for being a liar and scammer ;(
2,3 years ago,,0,Thank you for your research. I would never have known this.
2,3 years ago,,0,Woa. This was sudden. I believe nmn has helped me. FS
2,3 years ago,price_value|fda_ban,0,METRO is in Stage II FDA trials with 626. The company plans to bring a number of longevity molecules to market - David sold his company for about $700M He’s got his tenured professorship speaking engagements and METRO I vote him most financially successful YouTube longevity dude . PS AMAZON as of NOV hasn’t removed any NMN products (yet )
2,3 years ago,,0,Thank You for this honest info! So much appreciated always!
2,3 years ago,,0,"Appreciate the heads up, thanks Brad!"
2,3 years ago,,0,I appreciate you sharing this.
2,3 years ago,,0,That's why I'm jab free
2,3 years ago,,1,What are your guys experience with NMN?
2,3 years ago,,0,Thank you for the info Dr Brad. Great advices everyone should follow.
2,3 years ago,,0,Great advice
2,3 years ago,,0,"gee bill, usa is a terrible place to be right now..."
2,3 years ago (edited),,0,Yet America lets trans fats and HFCS go on.....
2,3 years ago,authority_trust,0,Sinclair = snake oil seller
2,3 years ago,nmn_vs_nr_nad,0,"It was done on a technicality, but NR is better any way."
2,3 years ago,authority_trust,0,He's mad because Dr Sinclair blocked him on Twitter
1,1 year ago,,0,"D3 + K2 , Taurine , Omega-3 fish oil , Ca-AKG , NAC ,Co-Q10 , NMN  . Those are my pills for long live i have been taking them for 2 years now and i have laboratory tests that they work and imrove my results. In sort i had very high LDL cholesterol and high Blood presure after a year everything is back to normal and even lower than normal. And so many more results that are incredible but not for comment serction :)"
1,3 years ago,,0,"Probably, yes :) That's interesting.."
1,3 years ago,,0,"People who think you can ""feel"" nmn or ubiquinone..."
1,3 years ago,safety_side_fx|benefit_energy|benefit_sleep,0,Coq10 has a profound effect on my energy levels. It does cause insomnia if I have it late in the day though
1,4 years ago,,0,@yourinception  To be honest the effects have not been dramatic.  I'm eager to try out NMN.
1,3 years ago,,0,"I am not an expert, but based on the available data, I'm we're still too early to say whether it helps or not."
1,3 years ago,,0,Will do :)
1,3 years ago (edited),dose|age_gate,0,"@Candeerose3  I am 53 and noticed effects only after 2 months, 750-1000 mg a day. So, yeah, this needs time and you need to actually by over the peak- over 40 years old."
1,4 years ago,dose|benefit_energy,0,I am 82 and have taken 500 mg with 500 mg resvertrol for 10 days... no extra energy...as I walk 2 hrs every day in hills....
1,3 years ago,,0,"you need at least a month, better two."
1,3 years ago,,0,i am a introvert is it possible of any supplyment to make me extrovert 🤔plzz suggest
1,3 years ago,,0,@ClearMindMeditations739  i didnt get it in amazon 🤔 plzz tell me the rate
1,4 years ago,authority_trust,1,If David Sinclair deleted his tweet scam alert dated last October 15 2020 regarding Eternum labs then the question is why did he deleted it? It wouldn't be fair to quote  David Sinclair as there are no evidence to show as such claims exists. For the purpose of argument if it did exist on that date then should the one responsible for this channel made an effort to email or contact David Sinclair to clarify the issue as responsible journalism.
1,4 years ago,,0,"Thank you for the informative review, you have done me, and, no doubt,  many others, a service."
1,5 years ago,,0,Wonderful assessment Vince. Great job to create awareness 👏🏼
1,5 years ago,,0,I really like your approach to analyzing a website. Well done in a professional manner!
1,5 years ago,,0,"I've seen that empty office photo on a Chinese lab website, Vince."
1,5 years ago,,0,"Thank you for the review it was very informative, I certainly won't be shopping there. 👍👍👍"
1,4 years ago (edited),,0,"Those lids are on all the Chinese supplements, and (Chinese owned) Aussie tourism shops here in Perth West Aus. I guarantee its a Chinese ""company. They sell everything imaginable, Inc "" placenta"". They've been around for over 10yrs. I find those bottles with the exact lids selling emu oil, herbal junk, ginseng, magnesium, you name it. Avail in Asian supermarkets to health food shops."
1,5 years ago,,1,"Hey Vince, do you know of a supplier who buys/sources NMN in the UK? I have been doing lots of googling and can’t seem to find anyone who does this."
1,5 years ago,,0,Well done. Very Meticulous!
1,5 years ago,,0,"I purchased from the site, watching your review has made me feel a little cranky and duped."
1,3 years ago,,1,"Hi Vince, thanks for your review on Eternum Labs, great work!  I am wondering if you might know of a reputable supplier in Australia for ""Tongkat Ali""?  I fell for Eternum Labs marketing and now don't know where to find a trust-worthy source. Any advice would be much appreciated.  Kind regards, John.S"
1,3 years ago,,1,Is aeternum the same as Eturnum have they changed their name?
1,5 years ago,,1,I've just received my shipment. When I decided to look for reviews. I notice that the offending tweet is gone?
1,5 years ago,price_value,0,Please do one for Hansens Supplements. They seem extremely legit but suspiciously cheap. Thank you for spectacular content :)
1,5 years ago,,1,"Where should we buy from then, if we live in Australia?"
1,4 years ago (edited),price_value,0,"Hi Vince - Found your video while trying to assess whether Eternum are for real.  I live in Australia and because they were ""local"" did place an order in January 2022 and did not receive product though my credit card was charged but I received no confirmation by email or otherwise.  To be fair, the charge was refunded a couple of weeks later which I discovered today after I contacted them and  they did reply, by email.  I am not convinced this is not just a way to hook me for a bigger purchase down the track and I am grateful my credit card expires shortly.  I have been disappointed with cheaper products so I did wonder whether I was not paying too little, and it is very helpful that you have compared the prices so that I now know what is a reasonable price to pay.  Thanks for your video Sue"
1,4 years ago,form_absorption|storage_heat|authority_trust,0,Enjoyed the analysis. Sarah Heath....you are blowing smoke to divert attention from the analysis and points raised...you have addressed nothing. In Australia we have the Therapeutic Goods Act and theses products have no registration. So yes an Australian company is doing something wrong to reply one of your puffs...it is importing powder for commercial sale and more importantly human consumption without the normal business requirements for such an enterprise. I'd also like to add to Vince's critique. It would not matter if the world's best lab analysed the chemical components as demonstrated on the website as statistically it is meaningless. The 'lab' has presented a bag of powder for testing. This bears no scientific correlation to the product being imported. There is no certification of quality control in the manufacturing process nor of the manufacturing laboratory itself. Thats why it is illegal to sell these products without TGA approval.  Look for yourself at the cases of prosecution. For all you know this stuff could be brewed in old fuel drums all over China. Scams always seem to resurface with a new cloak for a new market. A generation ago it was diet pills.
1,5 years ago,authority_trust,0,"If you're putting all this effort into creating an entire website to scam people, the least you could do is google how to properly spell the name of the location of your headquarters.🤔😂☺️🤔😂☺️"
1,4 years ago,dose,0,"As people age, our NAD levels will also drop. It is important to regain NAD levels to repair our DNA. I am very particular of fashion and beauty. This is why I take NMN supplements daily to sustain my health and fitness. NMN is natural, safe, and proven anti-aging supplement which can be a solution to our aging problem. Been taking NMN vitruvin 500mg/day and I am enjoying the results."
1,4 years ago,dose|form_absorption|benefit_sleep,0,"In my half year experience taking this supplement, not only it helped me to have a good sleep but also it improved my health. I Before, I was very skeptical of taking anti-aging capsules because I am not even devoted in taking my vitamins.. But after learning about this NMN, I couldn't believe I am very healthy and alert now... And if people will tryna' ask me what specific brand I'm taking, well it is Vitruvin 500mg.. People just have to see the result before they believe it's true.."
1,3 years ago,,1,Are there any current codes? They all come up as expired and wanted to try either spray. Thanks!
1,1 year ago (edited),,0,"I like M&M’s too but the more I take, the worse I feel"
1,2 years ago,,0,"“It might be, that NaD, could be, the key, to longevity, it might be…” ~ Thomas DeLauer (Poet)."
1,3 years ago,,0,Watching this after ordering nad3 is heartbreaking  guess I got to open up the pocket book again
1,4 years ago,authority_trust,0,Thank you Verso for sponsoring this video Testimonial.
1,11 months ago,,0,I'd have a difficult time convincing someone else to take this.
1,3 years ago (edited),,0,Ohh I learned this one in school 2:33
1,3 years ago,,0,YouTube created more biology scientists then any university.
1,6 months ago,,1,Why not take resveratrol with vitamin C for better absorption then???🤷🏿‍♂️
1,2 years ago,,1,Is there an update on this video Thomas please?
1,1 year ago,,0,"I just came from reddit and was reading some horror stories on some of the side-effects people were experiencing with different brands. My fave supplement brand doesn't seem to sell them so I'm actually nervous about trying this out - I greatly appreciate this guy being as forthright as he is: paid advertising, great explanation, hot commodity."
1,4 years ago,,0,NAD sounds exactly like ubiquinol as far as what it does in the cells.
1,5 years ago,,0,"Valter Longo, a ""non profit"" biogerontologist and cell biologist has studied the role of fasting and nutrient response genes on the cellular protection of aging and diseases for the last 30 years, his book The Fasting Mimicking Diet, which again, he makes no money from is incredible, plain and simple advice to a long and healthy life and the '5 pillers of longevity'."
1,1 year ago,,0,"Keep up the good work, sir!"
1,5 years ago (edited),benefit_skin_hair,0,I just took NAC+ today for the first time. I hope this helps me. I had a hair analysis done and it said I was adenine deficient.
1,5 years ago,just_take_niacin,0,I still think that nothing replaces niacin and resveratrol together.
1,3 years ago,authority_trust,0,Thanks for the website Thomas! I really like Sinclair & have been researching his work & I had to buy these supplements you recommended because I live that lifestyle & anything that will improve our lifespan making age healthier is what I am all about. Thanks for you code!
1,4 years ago,,0,Greatly increased HSVII outbreaks....
1,4 years ago,,0,I read on another video about resveritrol that this guy stated his wife who had thyroid issues went into afib both times she attempted resveritrol. I guess he had to go to ER both times but he didn’t say why it caused it. Now I’m concerned to take it because i had a high  thyroid result so I’m wondering what happened inside the heart
1,5 years ago,,1,Um... Did I miss the part where you described your experience?
1,4 years ago (edited),benefit_energy|benefit_cognition,0,"I have depression for almost 15 years .I always feel super tire and sleeping a lot during day times and hard to focus, after taking nmn for a few months, I feel awesome, less tire full of energy and I can focus well. Seriously I’m not sure is it really good for long term consuming nmn."
1,5 years ago,,0,What are your thoughts on the effects on testosterone and muscle loss
1,3 years ago,,0,"Funny that you didn't relate your own personal experience with the effects of NMN in the video. I see that you have added this in the comments. Thank you. Most of us are not science freaks and we seek out testimonials for reports of what it actually FEELS LIKE when you take something. Maybe that's the place to start in a video and then follow up with the educational details. You are obviously a fit, energetic, motivated person, so your subjective experience has some cred."
1,3 years ago,,0,Nicely done.
1,5 years ago,,0,Excellent Information. Thank You Thomas.
1,2 years ago,,0,Boil it down to bullet points
1,3 years ago,dose|form_absorption|price_value,1,"just a comment from my research.  Verso provides 250 mg NMN per (2?) capsules (from their website).  According to the research I have seen, an optimal daily dose is around 600mg per day - that would be (6?) capsules?  starts getting expensive and also a lot of capsules."
1,3 years ago (edited),just_take_niacin|price_value,1,"why complicate things and not just take niacin, temperature control and more expensive for what? It looks like niacin needs more steps to convert to nad but still, why not take niacin? cheap and many forms"
1,5 years ago,nmn_vs_nr_nad,1,What about Nicotinamide Riboside?
1,3 years ago,safety_side_fx|benefit_energy|benefit_recovery,0,"After a week of taking it, I’ve been feeling very tired after workouts, maybe I’m pushing harder or is a side effect. I don’t know"
1,4 years ago,,0,Can you provide us with reliable brands
1,5 years ago,,0,My favorite rapper is NMN
1,5 years ago,dose,1,"Thomas, do you recommend 1/2 gram or 1 gram daily ? thx"
1,5 years ago,,0,NAD production. 😆
1,3 years ago,,0,The supplement of NMN cuts down the burden of senescent cells.
1,5 years ago,just_take_niacin|price_value|authority_trust,0,Just take niacin cheaper and more effective but that advice ill not make money in sponsorship.
1,5 years ago,form_absorption|storage_heat|cancer_risk|evidence_studies,1,"Well, look at more recent papers on NMN and cancer progression. Quite off putting, will wait until there is more human studies. Been taking it almost a year with cold storage, sublingual and not etc... didn’t see any effects at all neither vo2 Max or anything else. Might give it another go in a couple of years if it’s actually proven worth the hype, safe and effective in humans. maybe one has to be really old to feel the difference? Definitely more questions than answers with this supplement"
1,4 years ago,,1,is it safe for people with mild heart conditions?
1,4 years ago,,0,The use of Resveratrol is disturbing!
1,4 years ago,,0,FYI slc is a protein 🤦‍♂️👍
1,4 years ago,,0,This was literally just an ad for this brand
1,4 years ago,,0,Thanks for explaining!
1,4 years ago,dose,0,VERSO's dosage per pill requires you to take four to six pills to get an adequate recommended amount. I learned to double check other sources before purchasing products you recommend. Please be more transparent Thomas.
1,4 years ago,,0,NMN हम को भी चाहियें कहां से मिलेगा
1,5 years ago,,1,And your experience taking it was what?
1,3 years ago,,0,I'm taking it and have never looked or felt better!
1,5 years ago,,0,"Love your content, Thomas! Keep up the good work :)"
1,10 months ago,,1,But you did not talk about your own experience as you said you intended to?!
1,3 years ago (edited),,0,"30% may get longevity benefits, the rest may actually shorten  their lives or it does nothing, not worth the risk"
1,4 years ago (edited),just_take_niacin|dose|safety_side_fx|authority_trust,0,Brad Stanfield is the Dr I'm referring to that is finding negative data on this especially on resveratrol recently and kidneys. He has some great research in his videos. Niacin is looking good for low dose supplement. But I see lots of positive on resveratrol in moderate doses
1,5 years ago,authority_trust,0,"Just watching david sinclair today, then u uploaded this!"
1,3 years ago,safety_side_fx|authority_trust|benefit_recovery,0,JOKE - ALL SALES _ Sponsored Video @ 5:45 RUN ....WOW Bait and Switch
1,3 years ago,,0,I'm coming to the conclusion that the internt obsession with longevity is mostly a lot of guff.
1,4 years ago,nmn_vs_nr_nad|authority_trust,0,It's worth looking at what Dr Brad Stanfield had to say about resveratrol as well as NR and NMN.
1,5 years ago,dose,0,I did 6 months of NMN and got diagnosed with CML luekemia. 500 mg and resvaratrol 150mg
1,4 months ago,,0,"11 minutes of not sharing any experience at all, fascinating."
1,3 years ago,,0,#whatthefitness @biolane
1,4 years ago,,0,"Take MSM, thats great"
1,5 years ago,,0,So another version of NADH like creatine s different versions. Got it. Gonna give it a try. Thanks
1,5 years ago,,0,That's a pretty big leap he takes at the 8:13 mark.
1,5 years ago,,0,So disappointed in this review. Soe  much misinformation on the current science of NAD. I expect much more from Thomas.
1,3 years ago,safety_side_fx,1,This is just a sales pitch. Where's the integrity?
1,4 years ago,,1,"YOU PROMOTE, AND TAKE SO MANY SUPPLEMENT'S, I DON'T KNOW HOW YOU HAVE ANY ROOM LEFT FOR FOOD?"
1,3 years ago (edited),,0,"Im guessing he is 5ft7, hence his need to have oversized muscles to think he doing Ok!"
1,5 years ago,,0,"Not really on topic with the video, but I've been seeing ads lately for Goli apple cider vinegar gummies, and I was curious as to whether or not you'd heard of them, and what you thought of them"
1,4 years ago,tmg_methyl,1,Thomas do you take TMG along with the NMN? I ask because I have recently bought NMN and trans-resveratrol but I discovered that NMN depletes the Methyl groups so a methyl supplement needs to be taken. I thought I could top it up with B12 Methycobliem or methyl folate but that too can have a negative effect. TMG rases my stomach acid and give me heart burn....any ideas?
1,5 years ago,,1,Misleading video!!!! Where are your results??? Looks like you are just getting paid to promote that NMN product!
1,4 years ago,,1,"You waffle on a bit, forgetting to leave your review ??????"
1,5 years ago,form_absorption|safety_side_fx,1,"I take NMN and Resveratrol. I find that I need to take half or just a quarter of the capsule of NMN, or I don't feel right. I feel sluggish and get terrible headaches. Anyone else has this experience?"
1,5 years ago,benefit_recovery,0,"Human can develop his body and restore the old body's young structures and functions, and forget about the inevitable death.  The human body has powerful recovery mechanisms for this.  But no one uses them in the fight against old age and death.  Because of this, everyone grows old and dies.  - PHYSIOLOGY OF AGING AND REJUVENATING PHYSIOTHERAPY"
1,5 years ago,authority_trust,1,"I have been following David Sinclair for two years now, but as he uses his own NAD NMN where is a safe and trusted place for us to r order from. Who did you trust and receive your supplements from?"
1,5 years ago,dose|price_value|authority_trust,1,"Thanks! What about the dose? To take David Sinclair dose, this wld cost $200 per month!!!  What results can you share?"
1,1 year ago,,0,You said nothing about your experience! Not very credible!
1,5 years ago,authority_trust,0,1. You didnt talk about your experience 2. You didnt include Sinclair’s research about reducing amino acid intake. Wont be a fun day when you ask people to reduce amino acid intake to support longevity
1,5 years ago,nmn_vs_nr_nad|evidence_studies|authority_trust,0,"I highly recommend you look at NMN research in great detail and pull this video down or add a warning. A sponsor isn't a reason to peddle untested products that are showing high potential for dangers. NR is a much more tested supplement. Taking NMN with untested molecule combinations, especially that NMN can cause the cell to kill itself once it reaches a certain threshold. That's without considerations for the other compounds you have to take with it, which have been shown up have a major negative on your body especially if you're in a highly stressed cellular state already.  So much more to add an say, so please do your research people and look into the latest studies and warnings. NR may actually be a much safer and human tested route. Please watch your fat solulable vitamin intake, such as K which many also take with NMN."
1,5 years ago (edited),,0,"All you said about your experience is that it was good. For the most part you spoke about the science behind the supplement. I'd like more details about your experience otherwise the video title is misleading. The thumbnail ""My NMN results"" implies the content of the video would be just that. Instead you ramble about the science which most people have read about already."
1,5 years ago,dose|authority_trust,1,Verso doesn't provide much info on their product. David Sinclair takes one gm. of NMN. How much is in this product? Is the resveratol micronized?
1,3 years ago,,0,"I would think that the healthier you are, the less effect you see in supplements. Someone who is super fit, will barely notice any possible benefits from say... drinking green tea with lemon or ACV, than someone who is 100lbs overweight. The overweight unhealthy person will see results from just about any supplement they try. I am really fit now, so any supplements I try, I don't see any difference."
1,5 years ago (edited),benefit_energy,0,"so Verso includes NMN & trans-Resveratrol, I've used both for awhile, at 47 I can feel the energy increase. along with the keto diet it makes me feel amazing."
1,5 years ago,benefit_energy,0,Was it a big burst of energy so that you can ran a lot more faster
1,5 years ago,,1,In lamen terms how does NMN affect weight loss?
1,5 years ago,nmn_vs_nr_nad|cancer_risk,0,Just a FYI.  If these products work in human cells they do so in all cells within the body. This includes cancerous cells.  There's a medical paper on this and goes through the process of how NMN/NR cause this growth. Something to think about.
1,5 years ago,,1,I’ve been staying away from Resveratrol  because I hear it can impair exercise performance. Is that really a issue? Or was I misinformed?
1,2 years ago,,0,Blah blah blah.
1,3 years ago,,0,11 minutes of blah blah blah blah blah blah blah.
1,2 years ago,,0,Get to the point 😂
1,10 months ago,nmn_vs_nr_nad|authority_trust,0,This is a horseshit advertisement for your sponsor. There is tons of scientific research showing NMN or NR do NOT do ANYTHING for your benefit. Fasting does more than ANY of these supplements. YOU have zero credibility...
1,1 month ago,just_take_niacin|safety_side_fx,1,Isn’t high mg niacin harder on the liver than nmn though?
1,2 weeks ago,,0,"Thank you for clearing all this up, earned my trust through evidence. god bless you 🙏"
1,4 months ago,,1,Did you get the doctor to pose for you or is this AI? Really?
1,3 months ago,,0,It would take months before you would see Improvement in everything you said. When you're really low in something just because you take more of it and someone's phone doesn't mean instant results it means you have to rebuild up your supply and then it will start to affect the body
1,4 months ago,,0,A few years back I took nmn for a year. I noticed no changes in my health in any way so I discontinued it. Glad I didn’t waste any more time with it.
1,3 months ago,nmn_vs_nr_nad|benefit_energy,0,I tried nmn and nr back when it was all the buzz but all i got from it is a feeling of tiredness and fatigue. Especially from nr.
1,4 months ago,price_value,0,$2.00 Thanks!
1,2 months ago,evidence_studies,1,"I love your videos. Very informative and spur me on to read wider, looking through studies on PubMed. However, I must admit to being somewhat frustrated with meta analyses, as I’d prefer a more detailed look at the participants of each study. For example: male/female, age, pre, peri and post menopause. How long post menopause? So many studies -particularly in the past - don’t even breakdown male/female."
1,2 months ago,just_take_niacin,1,So just take niacin?
1,3 months ago,,0,Saved me money Dr Brad 😊
1,4 months ago,dose|price_value,1,"Well, glad you found it! I have been using a small dose of ""cheap Nicotineamide"" for several years because of the ""salvage pathway"" (sp?), meaning the NAD is recycled in an healthy body so no need for big amounts. Some 50-200mg a day is enough for most :-) Keep it up! :-)"
1,4 months ago,,0,Saving so much money right now thanks to you.
1,4 months ago,just_take_niacin|safety_side_fx,1,Yes but fore someone with High insulin couldn’t Niacin be problematic not to mention liver load?
1,4 months ago,nmn_vs_nr_nad,0,Absolutely brilliant.  Best summary of the overall NMN/NR saga I have seen to date. Thank you Brad.
1,4 months ago,,1,They didnt test organ health? Telemers?
1,4 months ago,just_take_niacin|nmn_vs_nr_nad|evidence_studies,1,"I understand that NR and NMR (and probably Niacin) may increase NAD levels. However, If Niacin and its relatives NMN and NR are so wonderful then why has almost every randomized study on Niacin not shown benefit?"
1,4 months ago,evidence_studies,0,"THANK YOU! I've always said it seems suspicious that these studies rarely compare with simple NA supplementation, but the biggest problem with this route of therapy is that it doesn't do a lot of good to add raw materials to a pathway that has more serious issues of recycling NAD and the most important issue - consumption/degradation of NAD through NADases like CD38. If you instead target lowering CD38, you get lower inflammation and higher NAD+ overall than you could by just injesting more NAD+ precursors."
1,4 months ago,,0,This was such a eye opening video. Thank you Dr Brad. I got a lot out of this And wow I am really surprised. I’ve been seeing all the MNM & NAD hype on social media and this has exposed it so clearly.
1,4 months ago,dose,0,What about the salvage pathway. Recently I resumed taking 500 mg of time release NMN and the salvage pathway and noticed the effect within hours much to my astonishment. I still take niacinamide and also take AKG
1,3 months ago,,0,Impressive research . well done !
1,4 months ago,,1,Which product for increading NAD+ in the brain against Alzheimer?
1,4 months ago,just_take_niacin|nmn_vs_nr_nad|price_value,0,"My research tells me the same as you just articulated.  I now save my money and got rid of all those pricey supplements, NMN, NR, Trigonellin.  Now, I cover the Pries-Handler pathway with time released niacin.  And the salvage pathway with nicotinamide aka niacinamide.  Also, doing my best to cover the deNovo pathway with the needed amino acids."
1,4 months ago,,0,Nice work Brad.
1,4 months ago,,0,Wow that was very informative. Really great.
1,4 months ago,just_take_niacin,0,So nicotinic acid might be the way to go.
1,4 months ago,,0,Thank you!
1,4 months ago,authority_trust,0,"Based on what you have shown, along with other exposure to the man, anytime Sinclair promotes something I’m going to do the opposite or the alternative."
1,4 months ago,,1,Great work! Thank you! 👍🏻 But what would Dr.Levin say with his Biomarkers for longevity? 🤔🤷🏻
1,4 months ago,evidence_studies,0,Meta analysis is not very convincing.
1,4 months ago,authority_trust,0,"Don’t trust Sinclair, he’s a dodgy background re Resverastrol"
1,4 months ago,nmn_vs_nr_nad|placebo|evidence_studies,0,Doc see NICOLA CONLON PhD double blind placebo controlled study on NMN NR and other orally injested NAD+ precursursers proving that these molecules do not survive the ACID in the stomach and are destroyed BEFIRE reaching the GUT . Repairing the SALVAGE PATHWAY and introducing NISCIN increased study participants aerium NSD 160% all study participants were over 65 which you FAIL to mention AGE related loss of NAD+ is up to 50% ENIRELY DUR to dysregulation of salvage pathway . DO SOME HOMEWORK KID
1,4 months ago,,0,Wow thank you! This will save me money... I still have a giant tub of NMN to go through but I guess there is no harm in it
1,4 months ago,just_take_niacin|nmn_vs_nr_nad|price_value,0,yea i remember watching a video from roman balkolov or whatever on youtube 2 years ago about how niacin does the same thing for nad as nr and nmn so i just take a b complex containing niacin for way cheaper
1,4 months ago,cancer_risk,1,"Another ""good to know"", concerning supplements, thank you! Just reading up on Urolithin A and wondering if it might be a good one for seniors to take, but maybe too early to tell. I was reading about Urolithin A as a potential for cancer therapy. Any thoughts?"
1,4 months ago,benefit_energy,1,"If NMN is bunk then how do you explain the increase energy (physical and mental), increased endurance and better circadian rhythm that I have recorded after taking?"
1,4 months ago (edited),just_take_niacin|dose|price_value|safety_side_fx,0,"Lol - simple niacin (nicotinic acid) is the answer. I bought a 1000 tablet container of 500 mg Niacin for $24 in 2023. I store them in my cool basement in a vacuum sealed mason jar. Shelf life under these conditions is 5+ years. I keep a small amount on-hand in the kitchen for regular consumption, and cut them into quarters ( so a dose of 500/4 = 125 mg)."
1,4 months ago,just_take_niacin|authority_trust,0,Stanfield again... NMN is a direct precursor to NAD+. It is converted into NAD+ through the NAD salvage pathway via the enzyme NMNAT (nicotinamide mononucleotide adenylyltransferase). The simplified sequence is: NMN into NAD+ via NMNAT! This pathway does not require conversion to nicotinic acid (niacin). thats BS. Instead it is part of the nicotinamide salvage pathway which efficiently recycles nicotinamide derived compounds back into NAD+.
1,3 months ago (edited),nmn_vs_nr_nad|dose|tmg_methyl|stop_restart,0,"I tried NR at age 60 first and never really felt any effect.  Then I tried NMN at age 61, and it had a big positive effect, but only for a couple of weeks so I stopped.  Then I read about methyls much later and restarted NMN with a high dose of 2g and  3g of TMG and the positives were much higher and continuous and I've been doing that for 6 years.  At 67 I feel better than I did at 57."
1,4 months ago,nmn_vs_nr_nad,0,Bryan Johnson said both Jinfiniti NMN and Tru Niagen NR raised his NAD.
1,3 months ago,just_take_niacin,1,"So, which form of B3 would you recommend then? Niacine or Nicotinamide? I found out that the latter uses the faster and more common 'salvage pathway'. Your thoughts?"
1,4 months ago,purity_counterfeit,1,According to anti aging channel that Dr brad microvitamins didn't passed the consumer lab test?  Is this true?
1,4 months ago,,0,As usual - one of the best 3 sources of medical data ANYWHERE. Thanks Brad
1,4 months ago,timing_protocol|benefit_energy,1,Why a lot of people claim it has helped them with fatigue?  Like a lot.
1,4 months ago,form_absorption|safety_side_fx|evidence_studies|benefit_energy|benefit_joints|benefit_skin_hair,0,"Im confused I thought the late 2025 and early 2026 landmark human trial published in Nature Metabolism showed improved arterial stiffness, reduced skin ulcers and protected kidney function. Also research verified that human cells directly absorb NMN through the Slc12a8 transporter, making it a highly efficient way to boost cellular energy."
1,4 months ago,just_take_niacin|no_effect,1,Thanks for the video! But why exactly did you add vitamine b3 to your supplement just after saying that no benefit could be shown?
1,4 months ago (edited),,1,Exercise is good for us? Go figure. Are you sure? (kidding around.. of course it is)
1,4 months ago,just_take_niacin,1,"Dr, does niacinamide have the same effect as niacin?"
1,4 months ago,,1,This presentation from the Buck Institute makes the argument that regulating CD38 is a better strategy to maintain NAD levels. https://youtu.be/UmpPwfGPZJQ?si=V1sZNBPws5IKPLDM
1,4 months ago,,0,Yet Siim Land says you need NAD pill in your stack.
1,4 months ago,stop_restart|safety_side_fx|age_gate|benefit_energy,1,"I have taken NMN for near 3 years, and just stopped taking it last month. Now I feel energy crash during day and tired…. I am 66 years old. I wonder if I shall back continue to take NMN or not?"
1,4 months ago,,0,Serious question Why are you eyes always blood shot
1,4 months ago,purity_counterfeit,0,Dr. Stangield.. you are pushing your supplements when after recent testing they failed the lab tests as your supplement does not contain what it says.
1,4 months ago (edited),just_take_niacin|nmn_vs_nr_nad,1,"if nr and nmn effectiveness come down to being converted to niacin, then how come nmn and nr do not give flush like niacin? i am sure niacin does raise nad+ effectively but i am not sold on the nmn and nr effectiveness only come down to being converted to niacin and then nad+."
1,4 months ago,,1,So just take nicotine acid?
1,3 months ago,,0,you talk too much but tell little. try to be concise.
1,4 months ago,authority_trust,0,I don’t trust that greedy Sinclair character one bit. There’s just something very weasel-y about that guy.
1,4 months ago,timing_protocol|authority_trust|benefit_sleep,1,David Sinclair is still promoting this. How does he sleep at night?
1,4 months ago,just_take_niacin|nmn_vs_nr_nad|evidence_studies,0,"With respect to Dr. Stansfield, I’d suggest looking beyond one or two, small-sample study. With new data emerging almost weekly, a broader meta-analysis is far more meaningful than cherry-picking limited, anecdotal findings. The comparative advantages of NR and NMN as NAD+ precursors over nicotinic acid are well established—NA’s inefficient conversion pathway and side-effect profile remain significant drawbacks."
1,4 months ago,just_take_niacin,1,"Taking NAD raises blood NAD levels, but NAD is converted into B3 in the gut. What am I missing here?"
1,4 months ago (edited),purity_counterfeit|nmn_vs_nr_nad|placebo|safety_side_fx|evidence_studies|benefit_energy,0,"Look Brad .. let's skip the NMN for all hype and try to get some studies on people with chronic fatigue and other metabolic issues. For me it was a life changer since I started supplementing it 4 years ago. Of course, NR or other combinations might achieve the same result, but not with exercise and diet alone. EDIT for details: When I started taking NMN I felt a rush of wellbeing and clean energy. Previously, I had taken presumably fake NMN off Amazon, so there is no placebo to the experience. Within days, I no longer got the bad body and mouth odor I used to get within hours of washing. Also clearly not placebo. Also a drastic reduction in anxiety and within a year I got rid of anxiety altogether."
1,4 months ago (edited),just_take_niacin|form_absorption,0,"I thought too much niacin and b vitamins can lead to weight gain helps your body absorb the fat in your food too well. Western countries over supplement in bread and pasta like three times the amount Italians put in their bread. The Italians fought Pallegra with unfiltered wine and communal bread ovens...the west fought it with niacin supplementation,  but it went too far"
1,3 years ago,,0,If they are banning it/ it has to be good for us
1,3 years ago,,0,Fk it as a chemist one day I might make a synthesis video on this depending on availability of precursors.
1,3 years ago,benefit_energy|benefit_sleep|benefit_recovery,1,"Whats wrong with us that we are constantly seeking for energy boosts? Coffee to wake up, energy drinks to keep going, pre workout to train and then sleep aids to sleep."
1,3 years ago,fda_ban,0,It works too well so big pharma wants to patent it.
1,2 years ago,,0,This video 📹 gives more reason to say that Dr. Sebi was highly targeted!!
1,3 years ago,,1,Why was NAC removed from the market for 1 year? It cannot be patented
1,3 years ago,,0,Same like Invermictin…why I am not surprise 🤬
1,3 years ago,,0,I'd suggest a short answer: MONEY :(
1,3 years ago,tmg_methyl,1,"How about Methylene Blue’s effect on neurons, mitochondria, and inflammation?"
1,3 years ago,,1,What doses are recommended?
1,3 years ago,fda_ban,0,"Because it helps you live longer, fda don’t want that"
1,3 years ago,,0,That because they don't want you healthy they need you sick how can they make money if you are not sick 😮😢
1,2 years ago,,1,Is this a better version than Shilajit then??
1,3 years ago,,0,MIB-626
1,3 years ago,just_take_niacin,1,Can vitamin B3 be a reasonable replacement for NMN?
1,3 years ago,,0,"Thanks, Doc."
1,3 years ago,,0,Stop them
1,3 years ago,fda_ban,0,Defund the FDA.
1,3 years ago,fda_ban,0,"FDA, as always, watches out for our health and best Interests! NOT"
1,3 years ago,,1,What about NAD+ Supplements? Is it the same as NMN? Are they gonna ban NAD+ too? I’m confused! Someone please explain cuz i’m taking NAD+ supplements and i don’t know if these two supplements are the same. 🤷🏻‍♂️
1,3 years ago,fda_ban,0,Another Government control. They wish to have all supplements under prescription only! Been trying to do this for a long time.
1,1 year ago,fda_ban,0,"In my opinion, the FDA is one of the major reasons why the U.S. has THE LOWEST LIFE EXPECTANCY of the 15 most developed countries on the planet."
1,3 years ago,,0,That's bullsh¡t!!! It made me feel amazing!!!
1,3 years ago,,0,"To make money, smh... these demons wont stop cant stop as if they're puffy daddy"
1,3 years ago,authority_trust,0,Can you say money grab thanks David Sinclair hip pocket of pharmaceutical corporations.
1,3 years ago,,0,Thank you for speaking thruth.
1,3 years ago,evidence_studies|fda_ban,0,I recently saw a 2022/2023 video that showed research that NMR studies found it could cause or increase dementia. My first thought watching this video is if  NMN can temporarily flip to NMR then perhaps this could be the reason for FDA questioning it’s safety.
1,3 years ago,,1,What's your opinion on DIM ?
1,3 years ago,,1,"NMN knocks me out when i take it, even in low doses. Anyone else experiencing this?"
1,3 years ago,,0,Nmn has changed my life a Ban on it is criminal
1,3 years ago,benefit_joints,1,Has anyone looked at Doterras advantage? It looks like a very high quality.   I get worried with all the different opinions on NMN and causing more inflammation which is why I mainly take it from osteoarthritis.
1,3 years ago,cancer_risk,1,What about the cancer risks related to the assumption of NMN?
1,3 years ago,fda_ban,0,Fda thug
1,2 years ago,just_take_niacin|price_value,0,"You said at 1:03 that vitamin B3 will transform into NMN, so why not just take vitamin B3 instead of buying the much more expensive NMN"
1,3 years ago,,1,"Can patients with multiple scelerosis, arteries have NMC? Please advice. Thank you"
1,3 years ago,safety_side_fx,0,I get huge side effects from NMN. I wouldn't ban it though.
1,3 years ago,,0,請問在哪裡購買？
1,3 years ago,fda_ban,0,"Well the fda is definitely not perfect. I believe the fda does look out for the people, but also like people they make bad decisions."
1,3 months ago,benefit_sleep,0,"I think modern life oftern overwhelms our efforts to live a healthy lifestyle. Unfortunately the key to a healthy lifestyle can be quite boring, but you'll definitely live a longer healthier happier life. I think mental stress is a huge factor.  Next the over and under consumption of unhealthy and healthy foods respectively. Then, like you say, quality sleep. Thank you for the video ❤"
1,3 months ago,,0,❤❤❤
1,21 hours ago,,0,"The same boring information over and over, NMN may not have worked for you but its worked for many others."
1,6 months ago,,0,I was going to buy NMM but all the research n only animal testing I will not buy it im not putting that shit in my body it’s killing your body
1,3 months ago,evidence_studies,0,"I really don't know why he said that the 2022 study showed similar NAD levels in older adults compared to younger. If you freeze and read, the older adults compared EXERCISED, and due to this practice their NAD levels were CLOSER to that of younger adults. thus, exercize closes the gap which is different than saying the gap didn't exist."
1,2 weeks ago,,0,NAD works  better in older 60 plus
1,5 months ago,,0,The benefits are mostly aesthetic and although it may not increase our lifespan we're going to look better getting older
1,7 months ago,evidence_studies,0,"I would be easier to find a way to turn us into mices at this point, everything works wonders on them..."
1,5 months ago,evidence_studies,1,What about other studies for other health benefits of NMN like the Kyoto study for dry eye ?
1,7 months ago,nmn_vs_nr_nad|form_absorption,0,Those NAD+ precursors will increase NADPH which regenerates bh2 to bh4 the rate limiting precursor for dopamine.  So it will increase dopamine noticably.  That is likely a large part of what people feel when they take NR or NMN.  Sublingual NMN is much more noticable then capsules.
1,1 month ago,purity_counterfeit,0,"the NAD precursor stuff at the end finally made me pull the trigger, but finding clean NMN without filler garbage was a nightmare until i found The Swell Score (small vetted wellness marketplace that actually checks third party testing). saved me hours of comparing certificates myself."
1,7 months ago,placebo,0,I got some NMN recently. I am generally willing to try supplements with some clinical backing but before the data's all out. But I don't tend to lock in and continue throwing good money after bad when I don't experience obvious non-placebo impacts. So I ventured little and gained nothing. Ah well.
1,7 months ago,,0,"Of course, the benefits of calorie restriction for life-extension were later found to be simply due to lower protein intake, and then it was found to be due to lower methionine intake which occurs on a vegetarian diet since non-animal foods are very low in methionine."
1,4 months ago,dose|benefit_sleep,0,Been suffering from fibromyalgia symptoms for 20 yrs .. NMN was the only supplement that helped me SLEEP like a baby and fibro ppl know how much we suffer just to fall to sleep 🥹
1,7 months ago,,0,"If someone truly developed a drug that could truly be a ""fountain of youth"" that person/company would be so rich they would rival top multi billionaires."
1,7 months ago (edited),nmn_vs_nr_nad|tmg_methyl|benefit_energy,0,"I was feeling like death in early 2024 and started taking NR without TMG and started feeling amazing for a few months.  My CKD2/CKD3 levels also improved. I also took acacia fiber which might explain the CKD improvement, but that definitely doesn't explain the youthful energy I had. The effect has gone down since, but does still seem to help. I also underdose, even initially. I do take TMG with it now but notice nothing from that. I was 44 and now 45. Now I take a whole bunch of supplements, but don't notice much from anything except l Glutamine, zinc carnosine,  acv, natto, tudca, and digestive enzymes. One or several of those have vastly improved my digestion,  and seem to have a better impact on my life than NR does."
1,7 months ago,authority_trust,1,"Want a reality check on health and fitness matters?  Dr. Brad Stanfield's channel is the place you want to be.  Thanks for another great one, Doc!"
1,2 months ago (edited),placebo,0,"I have tried many supplements over the years and it is strange that only this one NMN have a placebo effect ,it’s been a game changer for me personally."
1,7 months ago,,0,"In the case of long COVID, the problem is also with  depletion of glutathione and coenzyme Q10 and not only with NAD."
1,5 months ago,storage_heat,0,"Thinking about this over my morning coffee..guys..there has to be a better way.... Forget about atp,nad etc to achieve longer life lines...All this looks like is trying to put high octane gas into a defective engine that was built to deteriorate at a certain time line...The clue is in the DNA that was engineered by the (Creator/Annunaki or whom ever) to depreciate and dysfunction and degrade at a certain human age. I think some genius could back engineer the present construct to capture the missing strands. They are doing this stuff all the time with these😮 Crispr and Mnra discoveries.  Im hoping that a quantum computer will figure out the answer to the holy grail of longevity in my lifetime."
1,7 months ago,,0,Exercise also raises NAD+
1,7 months ago (edited),,0,"Of course, deficiency in NAD+ was never the issue. It was an imbalance between NAD+ to NADh. Excessive NADh causing a traffic jam at the mitochondria. You just need to ferment NADh back to NAD+ I worked out how to do this 10 years ago by precisely modulating NNMT & NQO1. Excessive NAD precursors may convey a minor benefit, but it won't last, and could even worsen the traffic jam."
1,7 months ago,,0,I’m taking nad for exercise intolerance. I hope it helps. ❤
1,7 months ago,,1,Is there any news about your rapamycin trial yet?
1,5 months ago,,0,"For me it's only suspicious that after ralking about NMN, later on You promote your own supplement formula. Marketing everywhere, hard to believe anyone."
1,7 months ago,,0,"Thanks, Dr. Brad. We love you. ❤️ Blessed 🙌 Christmas 🎄 & happy new year. 🙏🏽 May Jesus bless you."
1,7 months ago,,0,I'll take the blue pill 💊🙄👍
1,7 months ago (edited),evidence_studies,1,"Aren't all the mice that they use for these studies genetically the same? If there is zero variation across the mice population that they use for studies, how can they be reliable? Human studies are all that matters"
1,7 months ago,tmg_methyl|cancer_risk,1,Is there any truth to tmg and cancer risk?
1,7 months ago (edited),,0,"‘If we’d ever see a positive functional outcome with NAD precursor supplementation, it would be long Covid’ This is not a given, not expected imo. The mechanism of long covid is not proven and the evidence so far suggested it’s likely damage to the autonomic nerves or brainstem. Aside from that though, good video. It’s sort of odd that NAD levels decline with age but raising them again seems to have little effect, positive OR negative. Maybe it’s a healthspan thing or it’s more like Dr Charles Brenner says, resilience. That typically you have what your body needs, perhaps relative to your metabolism. However when challenged by disease or injury or something like chemo, you may need more."
1,6 months ago (edited),price_value|safety_side_fx|benefit_energy|benefit_cognition|benefit_sleep,0,I seemed to cure my 4-year long-covid overnight with lithium orotate from Amazon Just putting this here in case anyone wants something cheap and safe to try Update: it helps a ton with chronic anxiety that comes along with long-Covid. My memory has improved. My sleep/circadian schedule is better. But a bit of the fatigue gradually returned
1,7 months ago,timing_protocol|benefit_energy,0,"If we look at Asian centenarians they all have 3 things in common! 1) They are all skinny, 2) they eat small balance meals 3) they are active. Personally supplements are to help humans manage a healthier , more energy and a better quality life. No one has ever live to 150 and doing ballroom dancing with all these so call longevity supplements. YES I do take a truck load of supplements. I am full of energy and jump out off bed in the morning."
1,7 months ago (edited),just_take_niacin|nmn_vs_nr_nad|dose|price_value|no_effect|benefit_recovery,0,"I was on NMN and NR for a year and felt ABSOLUTELY NO BENEFIT. my plasma NAD+ did increase from 23 to 85. Now I take 500mg niacin - plasma NAD+ is now mid 60's - I occasionally get ""the flush"" which I LOVE while exercising - I can ""feel"" the blood flowing into those hard to find places and niacin is $15 for 90 days as opposed to $150. I especially like the niacin flush when recovering from any tendon / connective tissue injuries - I ""feel"" that Im getting blood flow to these vascular limited body parts and at 67yo and 2.5hr of exercising / day - regular injuries are a constant companion. Lots of unscientific ""feel"" usage - but - at $5/month - that works for me."
1,7 months ago,placebo|age_gate|benefit_energy,0,"My experience with NMN is the following: I started giving it to my elderly doberman at 12 years old and the difference was astounding. It was like he had a new lease on life. Better exercise tolerance, pulling on the leash again. Being more playful. He is now almost 13.5 which is VERY OLD for a male doberman. My husband and i both feel more energy on it as well. Not sure about us, we can be sure is the dog doesn't have a placebo effect!"
1,7 months ago,,1,"""starving humans isn't ideal"" BRO, WHAT?! HOW ABOUT, ""NO IT IS NOT AN OPTION!"""
1,7 months ago (edited),authority_trust,0,Starting to look like epigenetics will end up being a nothing burger with no significant or tangible results on malleability of lifespan like a LOT of detractors and critics said it would. Sinclair might have just made all this up.
1,7 months ago,evidence_studies|benefit_skin_hair,0,I've been taking it for years and I am the only one in my peer group that doesn't have a single gray hair.  even my father got gray hair when he was younger than I am now.  i don't think there's any definitive proof that it doesn't work yet.  this isn't a drug that's going to happen immediate effect.  you need human studies that last years to prove this once and for all.  and nobody's gonna pay for that.
1,7 months ago,price_value,0,$2.00 Thanks!
1,7 months ago,cancer_risk|evidence_studies,0,Naiacinamaide kills cancer cells. You shoud study more
1,7 months ago (edited),,0,"50 Cent wrote a song about this . "" NMN..... wish life upon me """
1,5 months ago,evidence_studies,0,"Just because you are a Dr doesn't mean you a trained scientists. You are potentially misleading people without understanding the significance of types of studies and what they actually, prove or disprove."
1,7 months ago,evidence_studies,1,"Similar news re: taurine a few weeks ago, no? Works somehow in mice, but not in humans. But, in this case, apparently, it doesn't even work in mice, on second look?"
1,7 months ago,,0,you are the biggest flipflopper ever
1,7 months ago,,0,I just started taking NMN + resveratrol at the recommendation of AI. I appreciate the scepticism. I believe further investigation is warranted.
1,7 months ago,,0,I hate the NMN ads even more now.
1,7 months ago,authority_trust,0,Another self serving advertisement for Dr Brad's snake oil.
1,7 months ago,,0,"All I can say, anecdotally, NAD+ injectables gave me a brand new life."
1,7 months ago (edited),nmn_vs_nr_nad,1,"Why would long Covid decide if NR/NMN helps? Aren't these supplements meant to work by helping the body on a low level? Feels fishy to throw them out just because they did not help with long covid during a shorter time. Sorry mate, but this video feels lazy and rage-baity for views."
1,7 months ago,stop_restart|benefit_sleep,0,"Literally the day I started taking NMN my Google pixel watch 3 registered 20 minutes longer deep sleep. As long as I keep supplementing the deep sleep increase remains. When I stop supplementing, it takes about a week for the amount of deep sleep to get back to the old level."
1,7 months ago,placebo|evidence_studies,0,Yes David synclairs work with yeast ...you can say it  I know he's Australian but try get over it .And approach it like a medical placebo double blind trial.
1,7 months ago,,1,And starving rats is ideal? Scientists are psychopaths.
1,7 months ago,,0,Supplements are designed to supplement deficiencies. If you are not deficient then no help can or will be observed.
1,7 months ago,benefit_energy|benefit_cognition,0,What i found helped me with brain fog was acetyl-l-carnitine. It wasn't from covid but i started taking it to see if my energy levels increased but it got my brain function back to better than normal. But maybe i had a deficiency.
1,7 months ago,,0,Brain dead take.  NMN is immediately and obviously effective to anyone who consumes it.  Make sure purchases are from a 3rd party tested source to ensure you're actually get real NMN.  This video is as crazy as saying coffee or caffeine doesn't enhance wakefulness.
1,7 months ago,,0,Talk about fear mongering. I have many relatives that have had their chronic illnesses go away by taking NMN
1,7 months ago,,1,What do you think of NAC?
1,7 months ago,just_take_niacin|timing_protocol|form_absorption|tmg_methyl|safety_side_fx|benefit_energy,0,"I’m 69 and have been taking NMN in powder form with yogurt and muesli for about two years in the morning, and TMG in the evening. I tried nicotinamide before that, and Resveratrol, which didn’t provide any benefits. NMN has been giving me clear energy boosts immediately. I started at .5gm per day, moving to 1gm/day, sometimes a bit more. Since I’ve been taking it I haven’t been ill at all, and the couple of times I felt the start of a cold or infection, I just increased my NMN take for a day or two and avoided any further issue. I can’t say anything about longevity, and according to what I read and watch it’s probable that NMN supplementation is useless for younger adults. I play padel racket three or four times a week, and compete with much younger people. I can’t vouch for most people, I don’t have any chronic diseases and have a balanced diet, that works for me and has no side effects, so I’ll continue."
1,7 months ago,authority_trust|benefit_sleep,0,"I listened to and followed David Sinclair's advice for the first few years he was promoting himself.  After he was proven wrong on so many things and kept promoting himself more than ever, in a salesy way, I stopped listening to him - no love lost.  I have enjoyed listening to Dr. Brad, though. He seems to be more interested in promoting truth."
1,7 months ago,,0,"Speaking of the reproducibility crisis, the term and phenomenon of long COVID seems to not be reproducible in light of specific definitions. In fact, in the naive groups (no longer possible to find), the only robust correlation to the symptoms was not with COVID but to mental health issues."
1,7 months ago,,0,"I have been taking NMN the last year, would never quit it, like vitamine D , if I stop it, feels like crap on the second day"
1,7 months ago,benefit_energy,0,I’m so tired of hearing one thing only to hear the opposite eight weeks later. I’m thinking about just eating healthy and that I should stop watching these very fickle videos.
1,7 months ago,just_take_niacin,1,"wait, why didn't you talk about niacin in this video? i thought your argument for taking it was precisely because of mitochondrial health/NAD pathway. will you remove it from MicroVitamin?"
1,7 months ago,,0,I stopped watching this crap after the Long Covid lie
1,7 months ago,evidence_studies,1,"Dr Brad, you need to stop self promoting you multivitamin product in your videos. As you see in the comments, some people just think you are some charlatan using study evaluations to sell your product. This takes away from your real worth as a serious doctor trying to provide the best information to the public. Do you really need the money to self promote the multivitamins, or do you think you are doing your viewers a favor by letting them know about a supposedly good multivitamin to take? Any answer to this question is doing your work a disfavor - stop promoting your multivitamin and just keep us, the public, update to date these clinical studies."
1,1 month ago,purity_counterfeit,0,Fake ai marketing bot
1,7 months ago,nmn_vs_nr_nad|dose|no_effect|stop_restart|cancer_risk|benefit_skin_hair,0,"there are enough positive NR anecdotes that there must be something to them. My own experience was 300 mg or below--no effect--800mg--initially an amazing youthful engergy increase--i'd discovered fountain of youth--this lasted about 30 days and gradually subsided. I saw improvements in skin health, hair grayness. Quit taking due to cancer fears,.  The mystery of NAd research--why no one has tested to see whether the supplements increase NAD in tissues beyond the blood stream--instead we have tests as to whether there is an effect on diabetes or long covid--more undirected research without an ounce of common sense."
1,7 months ago,safety_side_fx|evidence_studies,0,"CR mimetic Resveratrol has yielded over 20% life extension in primates, albeit too few primates for statistical significance.  But primates and rodents have fast liver clearance, limiting in vivo effects.  In animals without fast liver clearance resveratrol yields near 60% life extension.  Also in vitro resveratrol doubles telomere length and turns old human cells young again.  New resveratrol drugs like JOTROL might bring some of these benefits to humans."
1,7 months ago,authority_trust,0,"I can't listen to Sinclair, he is a con man."
1,,,1,"7 months ago Ok, important question: Why did those reproducing labs not get the same positive results? Did the first lab engage in fraud? Are there a fair amount of random factors that can go very differently in other trails? Are there some small differences in the details of the trials that matter a lot? What is the explanation?"
1,3 months ago,,0,This guy is so full of shit. I need to stop following.
1,7 months ago,just_take_niacin,1,What about Vitamin B3?
1,7 months ago,nmn_vs_nr_nad,1,Wha about NAD+ infusions?
1,7 months ago,,1,Why would you think that NAD supplements help with COVID??
1,7 months ago,tmg_methyl,1,What is TMG?
1,7 months ago,evidence_studies,0,"another long useles vid. Short story: a study was done. Results :NMN NAD had zero impact. The rest is bs. Sad how this dude is transforming into a toxic youtuber, wasting our time."
1,7 months ago,fda_ban|authority_trust,0,Sinclair is a crook. He should be banned from science. Not to mention potential harm unbalancing NAD metabolism.
1,7 months ago,,1,Dr. Brad is a Kiwi?
1,7 months ago,,0,"UNSUBSCRIBED AS SOON AS HE SAID ""long covid"" as if it were a real condition. You mean vaccine injury. Paid off hack."
1,7 months ago,,0,Idiots ! Aging doesn't exist! Stop use this word!
1,7 months ago,,0,لا إله إلا الله
1,4 months ago (edited),purity_counterfeit|authority_trust,0,Dr David Sinclair is starting to remind me more and more of fake Dr Fauci
1,2 years ago,authority_trust,0,Still have 100 percent confidence on David Sinclair
1,1 year ago,,0,"NMN has demonstrated longevity-promoting effects in many tissues and systems, even if its impact on muscle-specific NAD⁺ is less pronounced. Calling it ""pointless"" ignores its broad systemic benefits. It’s not about a single tissue but about the overall balance and synergy of health interventions."
1,2 years ago,,0,"One thing more:  a doctor who says a patient was probably just affected by (insert phrase) makes me suspicious.  They could be right, but i was gaslighted with that phrase many times before getting a true diagnosis of a congenital condition, a diagnosis which changed my life."
1,2 years ago,,0,I use it. No one wants to be in the control group.
1,2 years ago,placebo|evidence_studies,1,"Really makes me wonder about the popular rat study...The rats which got NMN appeared to greatly outperform even the younger rats which did not in running, what may be going on with that? Surely the rats are not subject to the placebo effect!"
1,2 years ago,just_take_niacin,0,"Niacin does work though, its even been specially good for my eyes as I stare at computers long hours."
1,2 years ago,evidence_studies,0,Its so crazy there is no conclusive evidence in these studies but yet the comment section says otherwise with their personal experiences
1,2 years ago,,0,This is so contradictiv to my own experience and others.
1,2 years ago,nmn_vs_nr_nad|dose|evidence_studies,0,"We need human studies on significant IV NR or NMN doses (1 g or more) to really see if there's a benefit. Taking piss poor doses which get completely broken down to NA isn't going to show any effect, let's be honest. IV NR and NMN increased tissue NAD levels in mice in the Liu NAD flux study."
1,2 years ago,just_take_niacin|dose|evidence_studies,0,"There is a recent YouTube video by Michael Chua MD titled: ""Vitamin B3 is the New Holy Grail of Glaucoma treatment, Here's why."" The suggested findings so far are that B3 is neuroprotective halting damage to retinal ganglion cells. Large clinical trials are ongoing. As an ophthalmologist, Dr. Chua is clearly excited by this. What struck me was the large doses used, 1000mg, 2,000mg and 3000mg. Way more than any diet could provide. I wondered what your thoughts are on long-term use of high-dose Vitamin B3."
1,2 years ago,storage_heat|benefit_sleep,1,"So, what you're saying is, The Secret to a longer, heathier life is: Exercise, a Health Diet, and a good night's Sleep. Who knew?"
1,2 years ago,,0,"This guy gives me battle of the Australian South African, New Zealand accents 😂"
1,2 years ago,dose|evidence_studies|benefit_energy,0,"I wonder if it is not the case to check it if the subjects of the studies weren’t all in a mid range about the values of the parameters measured. I'm theorizing that perhaps the people who need it most will receive the most benefits. As my anecdotal example, when I gave my 78-year-old mother 300 mg of nmn daily, she and I immediately observed an amazing transformation in her energy levels. When I took it, aged 53, I also felt more energy, but not so unmistakably! So, for example, a person with triglycerides of 700 would have an improvement and one who already had 130 would not."
1,2 years ago,,0,This guy's a quack he's the competition
1,1 year ago,,0,So why is it in your Multivitamin
1,1 year ago,,0,Bed ridden for 18mths and I credit Nattokinase and NMN as the reason I’m have some of my life back. Not sure about the analysis.
1,2 years ago,form_absorption|evidence_studies,0,I take mine sublingually. Definitely have had improvements all around. There needs to be further in debts studies
1,1 year ago,dose|form_absorption|tmg_methyl|benefit_energy|benefit_cognition|benefit_sleep|benefit_recovery|benefit_skin_hair,0,"So for me I started taking mnm and Tmg from do not age ,been 2 weeks I take 500mg per day I’m 45 and I noticed better energy mental clarity better moods my skin looks better ,after workouts no soreness ,and I sleep better ,I started slow taking half the capsule every for the first week ,cause u can shock the body if u put a large dose in so start slow I plan to keep it at 500 mg for awhile ,but everyone reacts differently,but I love it helped me a lot"
1,2 years ago,evidence_studies,0,going by dr brads metastudy and contrasting that with the pro nmn comments it appears for someone who is already fit there is no advantage in taking nmn
1,2 years ago,nmn_vs_nr_nad|benefit_sleep,0,"I don't know about others, NR 100% helps sleep quality."
1,2 years ago (edited),evidence_studies|authority_trust,0,"interesting that so many comments report positive benefits after taking NMN, contrary to what is found by science. Perhaps the video should have also included who sponsored those studies or the criteria used to select the studies"
1,2 years ago,cancer_risk|benefit_skin_hair,0,It seems its still relevant for skin cancer prevention in the other hand
1,1 year ago (edited),form_absorption|benefit_energy,1,I was going to buy NMN to deal with my horrible fatigue guess I'll save my money :c can try one bottle maybe? people also say sublingual pills are different.
1,1 year ago,evidence_studies|authority_trust,0,As Dr Sinclair has explained NMN has to be taken in conjunction with Resveratrol. Were these studies conducted using both of these. As that is what Is required to see results.
1,2 years ago,tmg_methyl,0,It is essential to take NMN with Apigenin and TMG.
1,2 years ago,no_effect|evidence_studies,0,"This is the major problem with studies that only measure improved blood levels. If the substance, in this case NAD+, doesn't get into the cells and tissues, it makes no difference, as simply having more of any substance in the blood means nothing. In fact, in some cases, such as increased calcium in the blood, is harmful. The best supplement to allow the body to make and increase its own NAD+ into the cells, among a bunch of other anti-aging benefits, is Urolithin A."
1,2 years ago,safety_side_fx|evidence_studies,1,I heard of a study that shows it improves kidney function. Have you seen that?
1,2 years ago,fda_ban,1,"Then why is the FDA and big pharma wanting it to only be available by prescription? There are thousands of supplements out there and some can cause issues if taken wrong, yet the FDA doesn't seem to care about them."
1,2 years ago,,1,"NAD declines with age LIKE HUNDREDS OF OTHER compounds in the body!!! Trying to shore up NAD is at best addressing a symptom, not the cause. What about NAC levels? What about declining Testosterone and growth hormone?"
1,2 years ago,stop_restart|benefit_sleep,0,"Hello Dr Stansfield, I took NMN for 3weeks and experienced absolutely unbelievable results, unfortunately I had to stop taking it due to a bad reaction. I am more than happy to talk to you about this if you are interested, thanks."
1,2 years ago,evidence_studies|benefit_skin_hair,0,Creatinine causes hair loss in some studies.
1,2 years ago,evidence_studies,0,Need more studies on the muscle nad
1,2 years ago,,1,Hear that @gregdoucette?
1,2 years ago,,0,Ty for the aging science updates
1,2 years ago,tmg_methyl|price_value|safety_side_fx|evidence_studies|benefit_energy|benefit_recovery,1,"Thank you so much Dr Brad for your honesty ! I too myself did a self study on me to see if NMN works or not through 1.5 yrs now and see how effective they are .  I brought my NMN n almost all their vitamins  at Do not age . Starting out I have seasonal allergies, does not work out  so tmg , nmn , . Querchin in it and it does work for me till one day I run out of NMN n brought another company . My allergies was attacking me so bad everyday till really I go back to do not age comp . That why I become a believer in helping me with my allergies.  But I do agreed with you it does not make a diff in our blood pressure , stop grey , cholesterol .. what I think it does it boost out energy level n help strength our immune system .  Through the months of course it motivates me to buy more of their products  . During the summer I decided to walks non stop everyday for at least 1.5 hrs to 2hrs after 14 years of slacking off here n there. What I do find out during my walks at the beginning it was hard on my breathing bc I suffer allergies anytime I’m exposed to stuffs Im allergic too for a good 4 days then it literally disappear . Ok one day I’m out of my nmn I would think my allergies coming back ?? After 2mos of walk ?? Did my energy goes down ? NOPE ! For 3 wks not taking nmn n restravtrol I do have some left but I decided to not take it see what happen .. all I see on days not taking nmn along w my other vitamins I have diarrhea anything I eat my tummy was refused to accepts any foods I eat :.. and that not how I want my digestive system to be depend on the nmn either . So I search online for probiotics foods and it been my miracles n saver than when I was on nmn . What trigger me about the nmn that it may not  be as good as it hyped … it my final test  I decided to send an email to do not age see where they stand with the nmn n restrvatrol   I bet they didn’t know or have any idea . They thought I was being stupid complaining the product not being enough . You see in the most common sense if a products really that good as it claim . You would stand behind it and do anything to keep your customers and just send it out for replacement . Instead emailing them back being stupid and justifying it the right amount .  that just telling me them idiots are money hungry and their products are not that great .  .. I do give props to the nmn that it does boost my energy levels and help me combat my allergies but so can except use ..it does help w   strength immune system but so can foods that probiotics . Cheaper too ..  another word  would I stop ? No adding on top of what works for me doesn’t hurts and maybe a little better but prob to another company n cheaper after I’m out ."
1,2 years ago,price_value|evidence_studies,0,Hello Doctor- hearing much on Urolithin a.  Is a formula of this called Mitopure by timeline.  Is costly at about $1000 per yr.  Several studies done and a few clinical type studies also.  Can please review all details and do here a youtube summary on your thinking if any real benefits.  Thanks so much.  Great all your work here and appreciate very much.  Michael
1,2 years ago,authority_trust,0,David Sinclair got a lot of 'splaining to do
1,2 years ago,dose|price_value,0,"Actually I would never take the advice solely from social media. I always look up the research on the American National Institute of Health. As I see it exercise is the best thing anyone can do to improve overall health and without a doubt the cheapest. This also depends how much you are willing to pay for your running shoes, bikes and weight training equipment but even these things can be modified for those on a low budget"
1,2 years ago,,0,"Would like to see your thoughts about HMB, Arachidonic acid"
1,2 years ago,,0,"Very informative video, thank you so much."
1,2 years ago (edited),tmg_methyl|evidence_studies|benefit_energy|benefit_sleep,0,"Who financed the studies and are they ”neutral”, or do they want to show that NMN do not work. For me I am not tired any more, I sleep better and have more energy. Never sick. I take NMN and multivitamins, also TMG now. NMN works for me 100% sure! Big life change…."
1,2 years ago,,0,"What are your views on nuts, a lot of conflicting info from different doc's"
1,2 years ago,,0,Oh boy.  I feel like you just opened up a can of worms.  😂
1,2 years ago,,0,Bro awesome video. ❤
1,2 years ago,dose|tmg_methyl|price_value|evidence_studies|benefit_energy|benefit_recovery|benefit_joints,1,"I have a lot of questions about these studies. Did the follow the salvage pathway? If they didn't, you can throw then out because they're worthless. NAD+ will get eaten up as fast as it is generated in addition to R-alpha lipoic acid and quercetin to generate NAMPT, TMG to add methylation, and apigenin and parsley flakes to block CD38, I'm adding EGCG to block the Methyl gobbling NNMT. I only learned about it today. To protect cells from high blood sugar and insulin levels use the vitamin B1 variant Benfotiamine. To increase muscle mass take Branch Chain Amino Acids, Leucine, Isoleucine, and Valine. This is necessary for the anabolism of muscle mass. A metabolic product is HMB but what little of it you make is lost in urine and isn't enough anyway, Take HMB supplements. It's an anti-catabolite for muscles meaning it slows muscle breakdown and speeds up recovery. I'm a 75 year old lazy bum and my muscles became huge and strong. Plenty of energy too. Strong fast gait, strong grip strength, fast standing up from sitting down. I've never felt stronger. Does NMN work? I don't know but if it can't hurt me and it doesn't cost a whole lot then why not. I take 250 mg a day and to boost its effect and that of other supplements I take it with 1000 mg of Leucine. Other Amino acids I take in the evening. I'm on a six hour a day eating window. I want to thank you for all of the information I've gotten from your postings. I share what I learn from others. There is so much to learn, so much new terminology. If you have any thoughts on any of my conclusions, I would appreciate them."
1,2 years ago,evidence_studies,0,As soon as I took NMN it abated my drowseyness from another medication amongst other things. I In my opionion none of these studies by themselves are large enough to prove anything either way. There are other studies that have said the opposite to what you report here but they were small as well. We need to see large scale studies in the thousands of people to draw conclusions. 10 to thirty people is not a good sample size.
1,1 year ago,dose|placebo|evidence_studies|benefit_energy|benefit_joints,0,"I also read the study results and they are： The rise in the levels of NAD+ at day 30 and day 60 illustrated the potential of Uthever to raise the levels of NAD+ in the cells, which is linked to higher energy levels and an anti-aging effect Long-term NMN supplementation at 250mg/day was well tolerated and did not cause adverse events. NMN safely and effectively elevated NAD+ metabolism in healthy middle-aged adults. Additionally, NMN supplementation showed potential in alleviating arterial stiffness. Chronic NMN supplementation was well tolerated and caused no significant deleterious effect. Oral NMN supplementation significantly increased the NAD+ concentrations. There were significant improvements in gait speed and performance in the left grip test. Blood NAD concentrations were significantly increased among all NMN-treated groups dat day 30 and day 60 as opposed to placebo. Blood NAD concentrations were highest in groups taking 600/900 mg NMN. No safety issues, based on monitoring adverse events. Clinical efficacy expressed by blood NAD concentration and physical performance reaches highest at a dose of 600 mg daily oral intake. Oral supplementation of NMN for weeks caused no abnormalities and no obvious adverse effects were observed. NAD+ levels in whole blood were significantly increased. The increased amount of NAD+ was strongly correlated with pulse rate before the administration NMN. These results suggest that oral administration of NMN is a safe and practical strategy to boost NAD+ levels in humans. NMN increases the aerobic capacity of humans during exercise training β-NMN is safe and well-tolerated in healthy adult men and women and an oral dose of 1250 mg once daily for up to 4 weeks Oral administration of NMN increased the plasma concentration of NMN and NAD+, and the postprandial serum insulin levels. No adverse symptoms were observed in the participants."
1,2 years ago (edited),dose|tmg_methyl|evidence_studies,1,"What was the duration and dose for these studies?  Some people say they don't see results for three months and some taking up to one gram.  Did they take TMG with the NMN, or am I being fooled there too?  There's supposed to be this synergistic effect taking them together.  Something about the donor methyl groups?"
1,2 years ago (edited),nmn_vs_nr_nad,0,"A few years back I started NR wich does the same as NMN and stopped after a few months, it made me feel wrong and threw away the remaining bottles."
1,2 years ago,fda_ban,1,"OK, so NMN is ineffective and harmless---as many supplements on the market probably are.  So then why did the FDA ban it?"
1,2 years ago,dose|form_absorption|fda_ban,1,Dosages? Sublingual? Why FDA & big pharma so worked up? I'm gonna try it. Be nice for anyone to suggest legit source(s). :)
1,2 years ago,evidence_studies,1,"Usually, Brad gives you the sample sizes of these studies. The ones he did give were very small i.e. less than 20 per group. I follow him because of his rigger in assessing papers. But am i being biased because i want NMN to work? Will try stopping for  a month and see if I notice an effect."
1,2 years ago,,0,keep up good videos doc
1,2 years ago,tmg_methyl|price_value|no_effect|benefit_energy,0,"I knew this was a waste of money, I see no benefits at all after 8-9 months of daily intake.  Still have very low energy, cholesterol is higher, no increase in muscle mass. I’m a fairly fit female who walks for 1.5 hrs a day and at an ideal weight but energy has been so low last 2 yrs and I see no difference with nmn. I also take tmg and berberine and still no better"
1,2 years ago (edited),form_absorption,0,"Would be curious to know if there's any difference in tissue NAD levels and efficacy (or lack thereof) with sublingual NMN, which should in principle avoid hepatic first-pass metabolism. Thanks for all the hard work scrubbing through the data!"
1,2 years ago,form_absorption|safety_side_fx|evidence_studies,1,"Hi Brad, thank you for taking the time to read all those studies. Do you know of any studies with a different delivery method? Dr. Peter Attia also commented somewhere that he doesn't see how NMN would get into the cell when taken orally. Some people have said that sublingually might work, do you think that's a possibility?"
1,2 years ago,evidence_studies,0,"If you look at the study, increases in insulin were not statistically significant at the 3 month mark. As always though you like to cherry pick which studies matter and which ones don't."
1,2 years ago,,0,That was brutal. No hope. Thank you. Sometimes this way is better.
1,1 year ago,benefit_energy|benefit_sleep,0,Iv got to disagree. I take mnm and ill never stop it now.I didn't change my diet or exercise routine when I started and feel amazing I have more energy sleep better and in general feel great.
1,2 years ago,evidence_studies,1,What brand of NMN was was used for this study?
1,2 years ago,,0,"Excellent summary. I fully agree. NAD+ precursors just don't work, at least with common pill-based methods."
1,1 year ago,,0,Why you are promoting your supplements while talking against david
1,2 years ago,,0,The take-home message: Most supplements are total horse manure!
1,2 years ago,authority_trust,0,"I like Brad’s posts, but he seems obsessed with trying to one up David Sinclair."
1,2 years ago,authority_trust|benefit_recovery,0,"I'm sorry but I'm reading more of these publications now, and Dr Stanfield just cherry picks everything that's negative about them. The amateur runners on NMN did actually achieve a higher ventilation limit and improved single leg stance. This corroborates all the anecdotal evidence found here and on reddit. NMN doesn't help with strength, but it does help extend aerobic performance.. Some people claim they can run or swim twice what they could do before."
1,4 months ago,,0,Thank you for condensing it to a sub 3min video
1,4 years ago,,0,"I am consistently unconvinced by such tests, and I only trust my own experience of using them."
1,4 years ago,,0,So glad that the ones that the NMN bio that we sell has been tested already and if produced in the UK and Europe
1,4 years ago,,0,I'm sad I got my dad 3 bottles of NMN MAX and it's listed on the bogus ones
1,4 years ago,,0,What about life extension nad+ suppliment
1,4 years ago,nmn_vs_nr_nad|dose,0,"Have reported this to a manager at Amazon today, after buying and returning NMN Star 500mg. Hopefully they will remove all the misleading brands. And then start looking at NR, Reveraterol, DHA, 5hpt etc etc etc."
1,1 year ago,,0,"Great video, I was debating purchasing from one of the companies and the analysis gave me the confirmation I needed. Thank you"
1,4 years ago,,0,I'd like to know what Revgenetics results would be
1,1 year ago,price_value,0,"so, it's $59 a month .... that's what Amazon prices indicate....for the legit brands"
1,4 years ago,,0,"As a person of basic judgment, I would not trust such a report!"
1,4 years ago,evidence_studies,0,"I finished my bottle of Kombracha from Amazon and left a 1 star review after seeing this.  Amazon kicked the review back stating it didn't adhere to their standards. I don't get why, I left a screenshot of this study and nothing vulgar in my review, etc.  Perhaps I'll try again without the screenshot, but what a bunch of clowns."
1,3 years ago,authority_trust,0,Thank you Dr Brad Stanfield.
1,4 years ago,,0,"Hi I had already come to this conclusion about NMN MAX, suddenly on starting to take these sugar pills I noticed the effects fall off a cliff... Ive binned them all and ordered some doublewood."
1,1 year ago,,0,Thank you very much for this critical information.
1,4 years ago,,0,"I wanted to start taking NMN a while ago & looked at Amazon brands and decided to hold off from buying. Didn't trust it cause something seemed very off, never heard of any of the brands and their claims were unbelievable. Reviews can't be trusted either. I did some googling and found these companies were registered in the UK but are Chinese owned and sorry but I don't trust that. Who knows what they actually do put in that product, could potentially harm you! I just ordered Jarrow thanks to your video, at least I now know they are trustworthy."
1,4 years ago,dose|price_value,0,"This is disappointing to see considering 99% pure NMN can be purchased for $450/kg wholesale.  There is plenty of room for brands to make money at this point, so it is crazy to think they are not using any or low levels of NMN in products.  NMN should be selling retail for about 80 cents a gram in the near future, finally making the 1gram per day dosage affordable.  You really shouldn't be purchasing your NMNt from Amazon, especially from brands that only sell a single product NMN."
1,4 years ago,benefit_cognition,0,"Thank you for pointing out the need to research the supplements we're taking and especially emphasizing the focus on diet, exercise, and lifestyle. 👍👍"
1,4 years ago,,0,"Thank you, I would like to know if it has a particular taste or colour.  I have some that is white and acid and was wondering if it is not just ascorbic acid."
1,4 years ago,,0,I guess same issue with other stuff from Amazon...especially where big money can easy be made...e.g. CBD oil
1,4 years ago,,0,Very important video. Thanks Brad!
1,4 years ago,,0,Great video and advice Dr. Brad.  Thank you.
1,4 years ago,safety_side_fx,0,I got one good batch of NMN then a second bad batch from Alive By Science. I’m saying that the second one was no good because it had a sharp foul odor. I have since switch to Do Not Age and no problems so far.
1,4 years ago,,1,"Dr. Stansfield, can I have the name of Prohealth NMN Chinese supplier please? Thank you!"
1,4 years ago,,1,Have you any data on the Verso NMN? Thanks
1,4 years ago,purity_counterfeit|nmn_vs_nr_nad,0,I would like to see NR. I'll bet 99% of that shit is fake.
1,4 years ago (edited),,1,"Helo. Any opinion on royal jelee? The benefits: real or myth? Good for women and men (testosterone, etc)? Fresh: important or not?"
1,4 years ago,,1,"Hi Brad, i just started working with a manufacture in Asia and i am looking for a lab who can test these supplements before i put them on the market. Do you have any suggestions which lab could be good for this? Thanks in advance🙏🏽"
1,4 years ago,,1,How about the brand TRU NMN?
1,4 years ago,,0,"This is why as a health professional myself I only recommend brands like Orthomolecular Products, Designs for Health, Life Extensions, Allergy Research, Quick Silver, and Pure Encapsulations to name a few."
1,4 years ago,purity_counterfeit|nmn_vs_nr_nad|evidence_studies,0,"Most Chinese suppliers use the COA to show you it's real NMN, but their COA only tests for purity of whatever substance they put in, so it could be anything and apparently is.  I've asked them for a COA with substance identification but they never provide it.  A very fraudulent market, I guess that's why the NR provider has done the study, to show NR is safer to buy."
1,4 years ago,placebo,0,"There are 1200+ positive ratings for Komprocha NMN on Amazon. So I purchased four bottles assuming that many people must know what they are talking about. According to this lab report, ND, none detected!  Therefore I will be returning these and try to be more aware of placebo effect for reviews. I do think the reviews are real, but it appears the product has no detectable levels of what they are selling. Thanks for the video."
1,4 years ago,,1,How about Youth & Health ? It's one of the top suggestion on Amazon (which I bought) but doesn't appear on this list !
1,4 years ago,nmn_vs_nr_nad|form_absorption,1,Chromadex is the owner of Tru Niagen right? however either way a very important reminder that there is minimal regulation or quality control on supplementation. One question I have not had a satisfactory answer to is what are the risks if any associated with the capsule shells of supplements
1,4 years ago (edited),nmn_vs_nr_nad|benefit_skin_hair,0,"I would like to see independent testing of these products rather than those done by competitors. I used crisbubble on a number of occasions with the same effects as brands such as donotage. It tastes the same too, though not as strong. Within 20 to 30 mins of taking nmn my skin gets a phenomenal boost of look and feel, so I don't accept the results shown here. Chromadex is a major supplier of nr, selling 47 million dollars worth in 2020. I trust the results I get rather than those of a company with vested interests. Also, Dr Brad mentions labdoor at the end of the video, misleaing us into thinking there's a connection, but Labdoor have not yet reviewed nmn."
1,4 years ago,,1,"Thank you, but what does BRL and ND stand for?"
1,4 years ago,nmn_vs_nr_nad,1,"How can this test be ""independent"" if it's done by an NR supplier??"
1,4 years ago,,1,please tell me again the name of the chinese nmn supplier for Prohealth again please ?
1,4 years ago,,0,Maac10 is the best I've ever tried. Huge difference between them and the other ones he red outlined there. Tried them all and Maac10 significantly better results.
1,3 years ago,,0,If our politicians were so driven and competent
1,1 year ago,nmn_vs_nr_nad,0,I just received my first bottle of nmnh. Wished I had found this channel before.
1,3 years ago,authority_trust,0,This guy has the biggest crush on David Sinclair. Every video I watch of his he finds a way to mention him.
1,3 years ago,form_absorption,0,Most NMN sources acknowledge the absorption issue through regular digestion. They recommend sublingual absorption.
1,2 years ago,safety_side_fx|benefit_energy,0,"It works. I have been taking it for a year and my kidney function has improved (I only have one kidney) my energy levels are much higher, and overall I just feel so much better. NMN and Magnesium have been the best supplement I have ever used, and by that I mean a noticeable difference. I had horrible headaches for a very long time and Magnesium had almost completely solved that problem. After the addition on NMN I feel like a completely different person compared to how I felt 2 years ago."
1,3 years ago,,0,I love M& M .
1,3 years ago,,1,What about niacinamide?
1,2 years ago,nmn_vs_nr_nad,0,"tried nr, nmn and niacinamide, they all work the same"
1,3 years ago,nmn_vs_nr_nad,1,"Best summary yet. Someone should corner Charles Brenner on one of these vids and demand he answer the basic Q--when is he going to determine whether his NR ever gets beyond the bloodstream and into an actual cell.  Brenner dances around this Q--although, how difficult would it be to determine???"
1,3 years ago,nmn_vs_nr_nad,0,Tru Niagen is amazing
1,2 years ago,,0,"Hello Dr Brad, thank you for the ""Supplements I Used To Take But Have Now Stopped"" on your page, that's really helpful."
1,2 years ago,,1,"I'm not knowledgeable in biology.  If NMN supplements, as you state at 4 :00 ""do boost blood NAD"", what would be the explanation for why it doesn't affect the muscles?  Does not the blood enter the muscles?  What biological process would intervene between the circulating blood having increased NAD but not the muscles?  Thanks."
1,2 years ago,,1,How about an update? This is a year old
1,3 years ago,evidence_studies,0,"What I am getting from this is that, we should still buy nmn and use it, because it works, but we have to find a way to transform humans into mice."
1,3 years ago,price_value|fda_ban,0,The FDA banned it recently because it did not cost enough.
1,2 years ago,nmn_vs_nr_nad|authority_trust,1,@DrBradStanfield is there any difference between NMN and the recently hyped NMNH?
1,3 years ago,form_absorption|benefit_skin_hair,1,What if you absorb thru the skin rather than orally?
1,3 years ago,just_take_niacin,1,How do you deal with the niacin flushing??? I find it severe and intolerable!!!
1,3 years ago,,0,What a long and winding nmn road.
1,3 years ago,,1,What form of exercise keeps NAD high in old age?
1,3 years ago,nmn_vs_nr_nad|evidence_studies,1,"If NMN can actually promote longevity, why is it not tested in the Intervention Testing Program of the NIA, which is the gold standard of aging research.  Are the NMN companies afraid that NMN will fail in the study just like NR?"
1,3 years ago,just_take_niacin|safety_side_fx|authority_trust,1,"Dr Stanfield, Excellent. 1.  I may switch to Naicin, but one big was not covered, that is mouth disolved NMN that never goes into the gut. That is way I use it. Any info on that, have to think it would be different? and 2. on Naicin there are many things believed to help with artery deposits, such as Nattokinease, K2-MK7, L-Argintine, etc.   The B3 Flushing aspect might be a positive for increased blood flow for people with artery issues it would seem.  Your thoughts?"
1,3 years ago,just_take_niacin|dose|age_gate,0,"Nothing in a pill will ever offer anything close to the breadth and depth of benefits from regular exercise.  I abide by the Attia rule that any discussion of supplementation is just noise if done before having taken care of regular exercise.  Having met that criterion I take 500mg of nicotinic acid daily and flush a bit.  You take 50mg which I may consider trying for effect.  I also take apigenin to reduce levels of NADase CD38.  My VO2max is in the top 1% for my age and gender, I use my VO2max as a fundamental biomarker."
1,3 years ago,,1,Dr. B. is Cardiovascular Research Magnesium Taurate GMP/NSF certified?
1,2 years ago,cancer_risk,0,Is there anything I can take with alcohol before during after that will help prevent my body converting alcohol to alacitate or whatever that poison is. Like I feel like I need to keep drinking because of stress in my life and just wanting to disconnect and forget or zone out but still wanna be healthy and not get cancer so yeah looking at NMN at the minute but yeah heard of DNA repair products and others yeah call me silly but that's me
1,3 years ago,,0,What are ur thoughts D3 vs calcitrol Omega-3 vs lovaza vs vascepa
1,3 years ago,just_take_niacin|dose,1,"Thank you for the video. So, as far as I understood, 1gram of NMN is being turned into way bigger amount of nicotinic acid than just 50 grams ? :)"
1,3 years ago,,1,But what would you suggest to improve Mitochondria and trigger Mitophagy ?
1,3 years ago,,0,Very informative. Thanks for sharing
1,3 years ago,,1,Lol so just eat green vegetables and exercise?
1,3 years ago,,1,Hi what electrolytes do you take on your long fasts and what amount please? Thank you for all the info you share!
1,3 years ago (edited),dose|evidence_studies,0,"I think a critical piece of info missing in this analysis and many studies is that NMN was not studied alongside low dose resveratrol (less than 250mg in my non-expert opinion). The two are synergistic and NAD+ levels may not go up as much without taking both. (Note that high dose resveratrol can be detrimental but studies suggest low dose is very beneficial. Also, it seems some recommend one day on, one day off for resveratrol.)"
1,3 years ago,,1,"Hello... It seems to be difficult to get the products you are recommending in the UK, and reading it looks like Youth & Earth is the product to get in UK... do you have any info in this ones?... (For NMN) Thanks so much."
1,3 years ago,just_take_niacin,1,Great video.... What about taking niacin vs nicotinamide? Is niacin better?
1,3 years ago,just_take_niacin,1,"I am yet to try NMN though i am very close to taking the plunge, however i have read tons of anecdotal benefits from forums etc. Sure that's not scientific but for argument's sake let's just assume that these benefits are real. Are you saying that these same benefits would also come from Nicotinic Acid? OR, could it be another action of NMN etc that is causing these benefits rather than them increasing NAD+ in muscles which they purported don't do."
1,3 years ago,no_effect,1,"I didn't know there was a difference between blood and muscle NAD levels. My blood NAD test gave a result half the level of someone in their 20s, despite the fact I exercise intensively several times a week. I have been taking NMN for a year (1g/day) and have felt no difference. Could it be that my muscle NAD levels were much better? How can we measure them.?"
1,2 years ago,fda_ban,1,Why does he seem to always disagree with any supplement despite it has helped a lot of people? Is it because it is not approved by FDA or am I missing something?
1,3 years ago,authority_trust,0,"Doc please keep letting us know which supplements are just snake oil, difficult to tell from our perspective"
1,2 years ago,dose|tmg_methyl|fda_ban|authority_trust,0,"Sinclair recommends taking TMG with NMN.  Talking high doses of any supplement usually involves some balancing.  Regular high dose D , needs K too for instance.  Don’t trust the FDA recomended dosing on anything!!  No idea why this guy even mentions the FDA recommendation."
1,3 years ago,just_take_niacin|nmn_vs_nr_nad|dose|timing_protocol|evidence_studies|authority_trust|benefit_cognition|benefit_joints|benefit_skin_hair,0,"I have taken NR for five years, and at age 72, I know the difference.  I no longer have muscular stiffness in the morning.  I only have been sick twice.  Both were very mild and also a short time.  One was a cold and one was COVID.    A friend who takes 600 mg of NR had skin grafts. His doctor told him that no one had the 97% acceptance rate that he had.  Two have found relief from neuropathy.  Another relief from lupus.  One with ALS believes that his symptoms have not further progressed, which is consistent with a pilot trial conducted in Spain that included pteristilbene. (sponsored by Elysium using their brand Basis).   I understand that much of NR converts to NAM, not niacin. (NA)  I do not know anyone who takes NMN.  My hearing is perfect as is mo eye sight.  It may not do everything, but there are trials ongoing regarding a lot of possible benefits from NR.  The Phase Two that used NR among its four ingredients, and is now peer reviewed, showed rather fast cognitive improvement for people with Alzheimers disease.  A Phase One trial regarding  Parkinson's disease showed promising results.  In addition, 6 people I know get complete relief regarding restless eg syndrome, but surprisingly, I have not seen a trial announced regarding RLS with either NR or NMN. According to Dr.  Charles Brenner (Chromadex, TruNiagen), NA (niacin does not enter neurons.   I take 900 mg of NR in three capusules per day, and share one with my dog., giving me about 1100 mg per day.   The trails I read usually use 1000 or 2000 mg regarding specific health conditions.  I don''t know if I need 1100 mg per day, but I feel great and healthy."
1,3 years ago,just_take_niacin|dose|timing_protocol|placebo|evidence_studies|benefit_skin_hair,0,"I take anywhere from 1000-2000mg of niacin everyday in 500mg doses. Been doing that fir years now. Haven't had any blood work to prove anything but I feel that it keeps my cholesterol in check, helps with fat loss and helps skin issues to a degree and keeps my skin soft. I just have myself convinced that the niacin is flushing out toxins and  possibly helps with depression and there are alot of studies suggesting so but idk could be some placebo in there. All I know is I've been taking high doses for years and haven't seen anything but good from it. NMN I've never taken and actually forgot about it after researching it years ago. That's actually what brought me to this video. Kinda confused on the difference between niacin and nmn but I think I'll just stick to my niacin regimen unless I see something that shows a huge benefit to NMN. So far not sounding worth it"
1,3 years ago,dose|form_absorption|tmg_methyl,1,I take MNM since a year now and I don't see any benefit Maybe it's because I lived an extremely healthy live already since 10 years? I believe the comments under such videos which claim a huge benefit and I wonder if I do something wrong. I take 1g a day sublingual from donotage together with TMG. I also learned that women often claim to don't have any effects of MNM 🤔🧐
1,3 years ago,,0,Eminem should stay out of the supplements industry
1,3 years ago,just_take_niacin,0,"I take Niacin, for other benefits as well as providing building blocks for NAD production."
1,5 months ago,authority_trust,0,a lot of these supplements are money making scam s. these companies make billions of dollars
1,3 years ago,,0,We know what mitochondria is lol
1,3 years ago (edited),just_take_niacin|dose|benefit_energy,1,Do you mega dose Niacin or Niacinamide? Or a combination? Curious as what you do as I take the daily RV of Niacin plus 500mg of Niacinamide. Haven't noticed anything with energy levels and have been doing it for two months.
1,3 years ago,,1,"Thanks Brad.  What about making an overview video about which types vitamin b supplements exist , their effects and benefits?"
1,3 years ago,just_take_niacin,1,Thanks for the video! I was curious if you still get Niacin flush from this supplement? Or if you've found a protocol to avoid it? 🌱
1,3 years ago,just_take_niacin|nmn_vs_nr_nad|price_value,0,thank you for this video. Would you also say that the same benefit of taking NR can be achieved by taking much more economically priced niacin
1,3 years ago,,1,Is anyone taking NMN from Renue by Science?
1,3 years ago (edited),safety_side_fx,1,Why not just take NAD+ ????? All I care about is boosting NAD in the liver bc I’m a binge drinker
1,3 years ago,,1,6:10 Mitochondria is WHAT????!!?!!??
1,3 years ago,just_take_niacin|safety_side_fx,0,Thinking of switching from enemen to niacin
1,3 years ago (edited),,0,Notice all the positive comments are from dead accounts and the negative ones are from genuine accounts 🤷‍♂️
1,3 years ago,benefit_skin_hair,1,Do you think topical niacinamide for skin effects suffices or do you think oral supplementation would be better?
1,3 years ago,placebo|evidence_studies,1,how to give a placebo to mice? tell them its nmn? but really its not? these mice are special
1,3 years ago,,0,Hope.
1,3 years ago,benefit_skin_hair,1,I have a question about people that say they are gray hair changed back into the regular color when using a NMN supplement. Do you have a comment on that?
1,3 years ago,just_take_niacin|price_value|benefit_energy,0,Truly said I had problem with tachycardia and heart rate always above 80. Niacin didn't change a thing. Maybe worsen my acne. Can't be sure... I had more energy. Yes - but NMN was game changer - like it fixed it overnight... It is now always below 70 and I'm not getting tired. I work 12 hours 3 days a week (over 20 miles a day) - walk here and back for an hour - so I don't complain about lack of physical activity... I don't fcuking care about SInclare - he looks old btw. It works for me like for other hundred rats ;) What I don't like is a price and difficulty to find trustable brand...
1,3 years ago,,1,Dr. Brad Are there creatine supplements that do not cause water retention and are they safe?
1,3 years ago,,1,There are 1000 supplements. Could you do a video based on the 80%-20% rule? What few supplements give you 8p% of the results? How can I exclude the 80% that produce only 20% of the results?
1,3 years ago,just_take_niacin,1,"One question for you Brad, is it even worth taking B3 is you exercise and eat well?"
1,3 years ago,just_take_niacin,1,Sometimes I don't flush with Niacin. What is the reason? Is it normal?
1,3 years ago,benefit_recovery,1,Thanks for the video man! I've just turned 40 having been diagnosed with multi level cervical stenosis a few years ago.can you recommend any supplements which may improve and recover  nerve pain? Ot any supplements which may help to recover or improve this condition of cervical stenosis? I know any suggestions are purely not 100% but anyway suggestions would be fab .thanks matt :)
1,2 years ago,timing_protocol,0,"Pray to God, eat a healthy diet, spend time outdoors, preferably in the morning when its sunny and exercise regularly. You'll be fine."
1,3 years ago,just_take_niacin,1,NMN gave me heart palps and I don’t like the flush with Niacin.  Does the flush free niacin still work?
1,3 years ago,,0,"The person who discovered NMN,  Conrad Elvehjem, died at an early age of 61..."
1,2 years ago,benefit_recovery,0,Home gym angle caught me off guard lol
1,2 years ago,,0,"I will sometimes try a suppliment for a while, and even continue indefinitely if they are harmless with a lot documents backing them up, but I have never encountered a suppliment where I was able to confirm it was working."
1,2 years ago,just_take_niacin|dose,0,As little as 60mg flush niacin raises NAD.
1,2 years ago,nmn_vs_nr_nad|evidence_studies,0,I wonder about the product Tru NIAGEN which supposedly has studies showing benefits
1,2 years ago,evidence_studies,0,Honestly I just eat what feels good. Every study has another study countering it with if's and buts. They don't even remove prebious studies if new studies prove it wrong. Because there is always an if and but. At last life is like a coin flip.
1,2 years ago,just_take_niacin,0,Take niacin and save ur money
1,1 year ago,dose,1,"That doesn’t sound quite logical to me. NAD levels decrease as we age, so we should replenish them. NMN can help with that. Maybe the dosage was just too low?"
1,1 year ago,authority_trust,0,The problem is this dude's hellbent on a personal vendetta against Sinclair. His research is as biased and Sinclair's
1,2 years ago,,1,What is your opinion on colostrum? It seems the best source for it comes from New Zealand!
1,2 years ago,,1,what do you think about nuchido?
1,2 years ago,placebo|authority_trust,0,"Thank you Dr Stanfield for diving deep into the research on this topic! It continues to be amazing to see solid whitepaper reviews done long form on youtube like this, the content is very consumable and has measurable benefits over placebo."
1,2 years ago,,0,Very good. Thanks.
1,2 years ago,,0,NMN is for people that don't exercise 🤣💯👍
1,2 years ago,dose|evidence_studies,1,what was the mg/kg dose of NMN in most of the rodent studies?
1,2 years ago,,0,So grateful for your great job and sublime presentation.
1,2 years ago,,0,Nice work!
1,2 years ago (edited),,0,Been waitin for this. Gonna grab some popcorn and report back. Edit: god damn it. This is not the news I was hoping for.
1,2 years ago,authority_trust,0,Thank you Dr. Stanfield!
1,2 years ago,,0,"Great Long YouTube videos with all the limitations of shorts, no full screen, not being able to click on URLs in the description, all kinds of text garbage get in the way."
1,1 year ago,evidence_studies|authority_trust,1,Did these studies include resveritrol supplementation? Sinclair suggests taking them together.
1,2 years ago,evidence_studies|benefit_energy,0,"This is so dumb, who cares what the study says, when you take it you feel the effects and feel energy and feel better."
1,2 years ago,,0,"Actually I’ve been experimenting with NMN and “possibly” it worsened all of my aging markers on my withings scales over the past month, im still trying to figure out which of my supplements did it because i did several changes, so now im trying to single it out, but i suspect it was NMN, plus i have been struggling to keep my body fat levels low - that might correlate to the insulin sensitivity you discussed."
1,2 years ago (edited),just_take_niacin|price_value|benefit_energy|benefit_recovery,0,"I’ve been taking Uthever NMN for 1.5 year now. Honestly it’s not worth the hype. If you maintain your vitamin-d blood level between 100-200 nmol/l by taking vitamin-d along with magnesium Glycinate, zinc and vitamin-k2 you will be fine. If you are low in energy pop in creatine monohydrate and it works to boost your energy. Vitamin-c also boosts energy.  I workout 4 times a week and generally healthy also I’m TRT so don’t know whether nmn does anything to me. In fact a cheaper niacin supplement can also raise nad+."
1,2 years ago,evidence_studies|benefit_energy,1,"Here is how AI (artificial intelligence designated as a copilot in Microsoft Edge browser) responded to my question of  'is NMN effective for longevity?' Animal Studies: In animal models (such as mice), NMN has shown promising effects: Lifespan Extension: NMN administration extended the lifespan of mice by more than 20%2. Metabolic Benefits: NMN improved energy metabolism, insulin sensitivity, and prevented age-related changes in gene expression1. Human Studies: While animal studies are encouraging, long-term human data is still limited. Clinical trials are ongoing, but we don’t yet have conclusive evidence that NMN directly impacts human longevity1. NMN Supplements: NMN-containing supplements are gaining popularity worldwide. However, more research is needed to validate their effects in humans."
1,2 years ago,benefit_joints,1,What does help with arterial stiffness?
1,1 year ago,,1,Is this guy AI?
1,2 years ago,evidence_studies,0,You are missing a lot of other human studies. Not a good video.
1,3 years ago,fda_ban,0,I like how the FDA just openly admitted that the definition of a supplement or prescription and thus control or non-control is directly related to the commercial interests of those seeking FDA branding.  Government does not advance science.
1,3 years ago,authority_trust,0,"Complete shame on David Sinclair, thank you for covering this news!"
1,3 years ago,,0,Literally two days before this I came across Greg doucettes go2 Max which has NMN in it. Purchased it but I'm still waiting for it lol.
1,3 years ago,just_take_niacin|nmn_vs_nr_nad,0,Sounds like NR and Niacin both provide similar benefits so people still have options.
1,3 years ago,nmn_vs_nr_nad,0,lucky I have six bottles of NMN. I also have NR.
1,3 years ago,authority_trust,0,I suspected this was coming when Sinclair would say he was involved in commercial endeavors but never be more specific.
1,3 years ago,,0,"Someone “up there” in the towers decided it works, then yelled out, “For the rich only! Shut that down for everyone else right now!” Turns out maybe the joke is on them anyway."
1,3 years ago,fda_ban,0,I have noticed that the FDA only bans supplements that actually work.
1,3 years ago,purity_counterfeit|form_absorption,0,"Not sure what everyone is using in terms of a brand, and I thought I share my experiences with NMN supplements. I have been using NMN for about 11 months, I am a 68-year-old male and I have tried over 20 different brands. The only one that seems to work for me personally is Probase Nutrition NMN Powder, simply because they are a well-known California brand, and I had their NMN independently tested for purity and impurities. Theirs came in at 99.89% purity and had zero lead in it. It seems some people on here have used Probase (the brand) NMN as well and they seem to be happy as well. Hope this helps!"
1,3 years ago,fda_ban,1,FDA says is not good for me? I'm stockpiling :) Best recomendation ever 😘
1,3 years ago,,0,I just found out that you are actually right! exercise is the BETTER bet!!
1,3 years ago,,1,"Sooooooo, when food is identified as healthy and then someone synthesized that food it becomes a regulated drug? What is next? Purified water?"
1,3 years ago,,0,This breaks my heart just to be reminded how rea it all is
1,3 years ago,,0,You could not have said it better sir!
1,3 years ago (edited),dose,1,No more G02 Max ? @CoachGreg only 400mg
1,3 years ago,,0,Thanks for reporting on this. It seems that that shyster from Harvard is becoming a nuisance.
1,3 years ago,authority_trust,1,If sinclair created a proprietary form of nmn why did conspired to remove nmn as a  dietary supplement?  Please explain
1,3 years ago,authority_trust,0,This is only confirms Dr. Sinclair.
1,3 years ago,nmn_vs_nr_nad|fda_ban,0,"It seems that greedy business people always try and lobby for themselves rather than what is best for the people they are often making money from.  Thanks for the video and info.  I am taking NR, but was thinking about NMN.  Probably won't have that option now, which is fine. I do twenty to thirty things a day for my healthspan..."
1,3 years ago,nmn_vs_nr_nad|price_value,0,"Oh boy, this better not affect the price of NR"
1,3 years ago (edited),authority_trust,0,I also want my money back for Sinclair's book....🤣
1,3 years ago,fda_ban,0,It works. Big pharma needs more money. Very sleazy.  Typical.
1,2 years ago,,0,"But just one thing, why life expectancy in US decreased sharply in recent years. We can't all blame to COVID. In the case NMN has been used by aged for couple of years, if success, the life expectancy should have gradually increase."
1,3 years ago,,0,"They should ban statins too , for everyone other than those that can't exercise or eat well ."
1,3 years ago,fda_ban,0,FDA would ban anything that will benefit the public.
1,3 years ago,,1,Thank you for the info! I wonder why NMN is still widely available? 👍🙏
1,3 years ago,,1,Yeah but I have mitochondrial disease and this supplement has literally saved my life.  What do I do now?
1,3 years ago,fda_ban,0,"How depressing. You know, the FDA are not always the ""good guys""..."
1,3 years ago,,0,Thank you for shedding light on this topic.
1,3 years ago,,0,"your posts and data always have been beneficial for me in terms of health, interest and knowledge, thanks for what you have done"
1,3 years ago,,0,No people want to make more money on it and someone paid them off to sell it
1,3 years ago,,0,"Thank you, Doc. Great advice.."
1,3 years ago,,0,Great information and update! Thank you 💙
1,3 years ago,authority_trust,0,"Thank you for this important work, Dr. Stanfield!"
1,3 years ago,authority_trust,1,"Wait, so Sinclair sold the rights to NMN and now lobbied for it to no longer be sold?"
1,3 years ago,,0,"Creatine seems safe...used for 2-3 years, but we don't know what it does after 30years of use, so go ahead, take creatine starting age 20 and let's see how you are when you get to be 50."
1,3 years ago,,0,Thank you ❤
1,3 years ago,authority_trust,1,And strike two or three against Dr. David Sinclair? Seems like avoiding him and anything he stands for should become standard practice.
1,3 years ago,,0,i used nmn for 2 weeks and my dry eye syndrome is gone. been years now my eyes are good..just so you know i spent years trying to cure my eyes went to best prof. optometrists. non knew about nmn..
1,3 years ago,,0,"Do all Australians sounds alike or does this guy just sound exactly like ""majorkill"" another Australian youtuber that talks about warhammer 40k. I cant tell."
1,3 years ago,fda_ban,1,Who believes Fda saying?
1,3 years ago (edited),,0,"So whats the point of paying such close attention to all these high tech advances, if you adamantly remain fixed on the three ""diet, sleeep and excercize"", that history has shown, only get us so far. This does not seem very serious."
1,3 years ago,benefit_sleep,1,"Thank you for this amazing video. But I’m still unclear. Is it safe to take NMN, and for somebody like me who has trouble sleeping what do you recommend to help me sleep?"
1,3 years ago (edited),authority_trust,1,"Is Sinclair sabotaging the supplement market to build his proprietary product company, while simultaneously going onto every podcast he can find to build consumer demand for the product?  This is a complete misuse of government regulation to serve a commercial interest."
1,3 years ago,nmn_vs_nr_nad|cancer_risk|evidence_studies,1,"Is it true that NMN has been found to be problematic w.r.t. pancreatic cancer in mice?  And if so, is NR a better alternative?"
1,3 years ago,authority_trust,1,Worthless? 700 MILLION DOLLARS .. Sinclair was laughing all the way to the bank. Scammer
1,3 years ago,,1,What does that mean now for the future market?
1,3 years ago,fda_ban|authority_trust,1,Do you have any proof that Dr. Sinclair lobbied FDA? NMN is still available to sell everywhere. Just bought some today.
1,3 years ago,,1,Is there no legitimate reason for this to happen? Pretty sad if that's the case
1,3 years ago,,0,"The people who own the food production know what's good for humans, the people who own food production also own the pharmaceutical industries and they definitely know what's good for humans. Their business only thrive with sick humans and curing people is bad for business."
1,3 years ago,,0,I will need to open up a speakeasy for NMN Supplements...
1,3 years ago,nmn_vs_nr_nad|cancer_risk|evidence_studies,0,"Interestingly there is a new study by University of Missouri-Columbia on NR, suggesting a cancer link. Can't link it on YT but search for "" Popular dietary supplement causes cancer risk, brain metastasis, study suggests"""
1,3 years ago,fda_ban,0,"Thanks FDA, now I know it’s good. And so I’ll take it."
1,3 years ago,,0,You should post a revised supplement list that you suggest for anti aging.
1,3 years ago,,1,B.S. how do we stop them? Seems they're gonna have their way because there's not enough opposition.
1,3 years ago,authority_trust,0,Dr. Sinclair : EXPOSED !
1,3 years ago,,1,"Thanks for your info. BTW, is donotage a company that sells NMN??"
1,3 years ago,nmn_vs_nr_nad|price_value|fda_ban,1,"To me, this is good news actually. If this gets regualted as a drug, then i can ask my doctor to prescribe and then instead of paying $55 for 30 pills, I would rahter have it covered by my health insurance and pay none or only 20% of th cost. Now, in my own experianec from trying both, it noticed I get better results from NR than NMN. Is NR in the asme boat as NMN with FDA?"
0,2 years ago,,1,Hi i just bought 6 packs ship to swiss but i confuse how to eat? i saw small spoon in pack how mny small spoon of nmn a day pls advice thx u!
0,4 years ago,,1,How do u measure 250 milligram if u dont have a scale at home? Does it come with something to measure?
0,4 years ago,just_take_niacin,0,"You can just use regular niacin, just take small amounts all day"
0,4 years ago,,0,"Is the brand gmp, approved"
0,2 years ago,evidence_studies,0,I like to know of a double blind study in humans . Of the pills in that bottle .
0,2 years ago,,0,Anyone tried keke naturals NMN
0,3 years ago,,0,"Based on the thumbnail, I deduce you were unhappy prior to NMN but now your 🙂."
0,2 years ago,no_effect,0,Most Respectfully tested here MNM has no effect on those in there 80's & 90's  Yuliya 🇷🇺🇷🇺🇷🇺✝️✝️✝️✝️
0,3 years ago,,0,Cogentics excell  review
0,3 years ago,,0,We don't get nmn madisine in Nepal why
0,3 years ago,evidence_studies,0,Confirmed in mice isn't a confirm in humans.
0,3 years ago,,0,Yes.. :D
0,3 years ago,safety_side_fx,0,Liver spot king
0,3 years ago,,0,:)
0,4 years ago,nmn_vs_nr_nad,1,That's cool. How do you like NR?
0,3 years ago,,0,"Do that, but buy it from a reliable producer"
0,4 years ago,,0,What do you think about metformin as an anti aging drug
0,4 years ago,,0,But where do you buy metformin from especially in the uk
0,3 years ago,,0,@florenceannin221  i don't live in UK. I get it from India
0,3 years ago,,0,"berberine is a good alternative to metformin, especially since it helps stabilize blood sugar."
0,3 years ago,,0,@yourinception  i combine metformin and ALA. it feels good.
0,3 years ago,,0,:)
0,1 year ago,,0,Never heard of it so I looked it up.ty
0,3 years ago,,0,Interesting :)
0,3 years ago,price_value,0,"Strange maybe try another brand, supplements industry is not most reliable, as this is an expensive product the temptation to dilute (or worst case replace mnm) is strong"
0,3 years ago,,1,Did it help some after the 10 days?
0,11 months ago,,0,Try it with fasting..
0,3 years ago,,0,Have a look at Nootopia :) https://www.yourinception.com/recommends/nootopia-e/
0,3 years ago,safety_side_fx|benefit_energy,0,"lemon balm, passion flower is a good calming agent. ribose helps with energy, as well as coq10. cbd helps calm you as well. chinese skullcap is a good one for anxiety too, as is dhea."
0,1 year ago,,0,You can always get a high level healer to just  into your DNA remotely and fix things
0,5 years ago,,0,Well said as usual 👍.  You’ve saved me a LOT of money and tons of research 🧐
0,5 years ago (edited),,0,Wow! Thanks Vince for being on top of NMN stuff!! U da man!!
0,5 years ago (edited),authority_trust,0,"Vince, as usual you have your scam detector fired up and you used it well in record time. Beautiful report. Thanks so much John Durso"
0,5 years ago,,0,"Yes I am Australian. I am soon moving to Brisbane, Queensland (once the Qld govt opens its border from NSW)."
0,5 years ago,authority_trust,0,I hope someday David sinclair make his own NMN and resveratrol product brand for us to buy it easy.
0,5 years ago,,0,Their PO Box is on the Gold Coast Queensland. (Varsity Lakes). Tyler Franko is likely the entity behind this.
0,5 years ago,,0,"Oh no, Queenland rather than Queensland!"
0,5 years ago,benefit_skin_hair,1,"Vince isn't Arsenic in everything everywhere?? My Hematologist tested a hair sample from my head & discovered my Arsenic was sky high!! This was years ago. I think it is in earth, water & air. No way to escape Arsenic that I know of. Any ideas Vince??"
0,5 years ago (edited),price_value,0,"Australia Tax = 2-3x markup pricing, assuming people do not compare prices!"
0,5 years ago,purity_counterfeit,1,"Why are heavy metals (specifically those four) checked for when doing 3rd party testing of NMN? is it just standard test for all supplements, or is this specific to NMN?"
0,5 years ago,,0,o_O
0,5 years ago,,0,"oops typo on ""mnm"" lol"
0,3 years ago,fda_ban,0,The FDA took it off the shelves because it works
0,5 months ago,,0,Four years later and im still waiting for part 2 where he talks about his results. I hope he didnt die from taking nmn . Cause im taking it now.
0,1 month ago,,0,Helpful and simple too - as a principle one wants the closest precursors requiring the least transformation necessary in order to produce the target molecule.
0,3 months ago,benefit_skin_hair,0,"I find it amusing when the young healthy, energetic, athletic people promote the supplements like this.  It’s just like a skin care. Products for women are always marketed by youthful glowing, beautiful women."
0,3 years ago,,0,This is the best NAD explanation I've seen on youtube
0,3 years ago,,0,The V-Shred dude. Once I realised that was me done.
0,3 years ago,evidence_studies,0,I was just watching Harvard study on NMN  and the sirt1 and NAD together…..
0,1 year ago (edited),evidence_studies|authority_trust|benefit_cognition,0,"I went through all available studies surrounding NMN and SIRT2, here is a compressed TLDR: While NMN, NAD+, and sirtuins show potential in improving cellular and metabolic health aspects, there is no conclusive, reproducible scientific evidence that they extend human lifespan. Current human studies are limited in scope, and further long-term research is needed to validate their impact on aging and longevity. These molecules are best considered as part of a promising but unproven area of longevity science. To naturally boost NAD+ levels, focus on a balanced diet with plenty of NMN-rich vegetables like broccoli and edamame, fruits like avocados and berries, and NAD+ precursors found in whole grains, dairy, meats, and fish. Dr. David Sinclair is a renowned scientist, but his findings on SIRT2 haven't been reproducible, and the influence on longevity, for now, remains speculative."
0,3 years ago,,0,"Tell me lies, tell me sweet little lies...🎶"
0,3 years ago (edited),,0,"2:00 NAD, might be, the key, to longevity. Bonus points for unintended quadruple rhyme :)"
0,3 years ago,,0,Seems like more of an ad unless I missed the part where he actually talked about his experience
0,1 year ago,benefit_energy,0,"I would like to see an update on your NMN results. ie tested intracellular NAD levels, perceived energy, etc."
0,3 years ago,nmn_vs_nr_nad,0,"NMN does transport into the cell, simple, use NR that does"
0,4 years ago,authority_trust,0,"Pat on the back for being transparent, you getting sponsored by them."
0,4 years ago,authority_trust,0,"Hi love you show , very informative and it helps me with diet training motivation etc. fasting appears to have some anecdotal and scientific support, I do around 15-18 hrs dependent on day, also love your vinegar drinks what I don’t understand is two things firstly there appears to be no proof that the supplement crosses to a cellular level , Sinclair seems to directly state this , so how do you combine resveratrol fasting and NMN  ant attribute the benefits to NMN , I think you seem to say this but my concern is simply no proof of direct benefit"
0,3 years ago,just_take_niacin|nmn_vs_nr_nad|price_value,0,"NMN & NR break down into niacin. Niacin's cheaper. You can use NMN as a no-flush niacin, but there are cheaper versions of that, too"
0,2 years ago,just_take_niacin,0,NMN is synthesised from vitamin B3 in the form of nicotinamide
0,4 years ago,form_absorption,1,I ordered pure NAD sublingual powder. I was thinking about the possibility of reformulation in saline for IM injection to improve bioavailability. Any thoughts?
0,3 years ago,,0,"I'm somewhat keto I use ghee, I have a lot of certain greens."
0,3 years ago,form_absorption,0,"Yes, there is a problem with bioavailability of resveratrol, but it seems they have sublingual resveratrol now that is much better absorbed. It is hard to find though."
0,2 years ago,,0,The personal experience without the personal experience
0,3 years ago,,0,If took separately do you recommend resveratrol made from Japanese knotweed. Also is a concern that resveratrol increases estrogen
0,9 months ago,tmg_methyl|age_gate,0,"I'm 72 years old. When my health started deteriorating, I started looking for a solution, and I found it – I started taking the elixir of youth – NMN, TMG (betaine), and D-ribose. The results were so impressive that it was hard to even imagine such a miracle. I feel like I've become 10 years younger!"
0,3 years ago,just_take_niacin|price_value,1,What about taking Niacin? A much cheaper NAD precursor.
0,3 years ago,just_take_niacin|price_value,0,Dr here on YouTube says nmn is broken down to niacin B3 anyway so it’s cheaper and ready for your body to use!!
0,4 years ago,form_absorption,1,Thoughts on bioavailability of liposomal NAD+ vs NMN?
0,3 years ago,,0,Thanks Thomas   Been checking this out for some time
0,3 years ago,purity_counterfeit|price_value|authority_trust,0,"Wow, David Sinclair's Versa brand is 15 - 20x the cost of other third party tested NMN brands by the NMN content weight. I somehow doubt it's that much better. But he sure is benefitting from all that public facing attention."
0,7 months ago,,0,Sometimes a more simple explanations is way better DR..
0,3 years ago,,0,It worked for me. My ongoing calf injury heeled and I could play soccer again. Playing like a 30 year old and I'm 44.
0,1 year ago,,0,Very clearly articulated.
0,3 years ago,,0,Needed to put ad in front of this video
0,4 years ago,authority_trust,0,Huge thank you Thomas! Just watched another interview with Dr. Sinclair; however you expanded and I learned more things here:))
0,4 years ago,,0,Make sure you read the 14 day return policy for unopened product with a restocking fee
0,4 years ago,authority_trust|benefit_energy,0,Thank you for the explanation. Please tell us your experience in terms of energy level and anything physically that you felt have changed since you started using it. Does Dr. Sinclair think verso is a great business for creating the NMN supplements
0,5 years ago,,0,Thomas view of longevity by far exceeds Mike o trens view of longevity.
0,4 years ago,just_take_niacin|price_value,0,Take (Niacin)  its the cheaper way to get nad+ can advice about it please
0,5 years ago,form_absorption|storage_heat,0,Sublingual is key as well as cold storage
0,4 years ago,,1,"Thomas your videos and info I'm always thankful for and I follow your advise however  is there more scientific feedback on Verso as apposed to ""i feel better & more alert? """
0,5 years ago,,0,3:55 ho yeah!! and a protein diet is great for avoiding that (mmm.. 🤔 NOUP!!)
0,9 months ago,,0,Take moringa. Rhonda patrick says its more potent than resveratrol. Especilly with olive oil.  Sirtuins
0,4 years ago,benefit_energy,0,I keep getting gout on it. It does give me more energy though
0,4 years ago,price_value,0,"I was shock about the price, very expensive but maybe worth it"
0,4 years ago,safety_side_fx,0,You need to ' tune-in ' to  Lance Hitchings  longevity channel...you're  still a young man under 50...he explains the biochemistry in lay people terms  very well....and how anti-aging supplementation works  to slow down aging in us older folks...
0,4 years ago,,0,"Maybe the NAD goes down because the cells start mutating, so to slow down the mutation, NAD goes down"
0,2 years ago,fda_ban,0,In time NMN will be classify as a prescription drug by the FDA soon. Right now they are working on how to classify it. The pharmaceutical companies convinced the FDA that it should be a prescription drug.yougotthis
0,4 years ago,storage_heat,1,"So you have to keep your nmn in the refrigerator and how about the resveratrol should that be kept in the refrigerator as well? And if I have had my NMN supplements and my resveratrol supplements on the shelf since I've received it by mail for a couple of weeks now at room🌡️ temperature is it too late to put it in the refrigerator, or is it still good to take? You see I didn't know until now that I should keep NMN and the resveratrol in the refrigerator to keep it at ❄️cold temperature.❄️"
0,6 months ago,,0,I like your videos. My only suggestion is to find a better way to attach the mic. Your T-shirt collar having a mic on it stretching it down doesn't serve you :)
0,3 years ago,,0,thxz for the link to verso.  I trust you Thomas
0,3 years ago,benefit_energy,1,"I am a fan (both NMN and your channel). boosted my energy way up upon start and planed out at a higher baseline. Now, i am reading that a combo with leucine potentiates or unlocks vastly more benefit? I never knew this. you seem to know a lot more than most on peptides and proteins. would love to see what you think of that aspect. thx"
0,4 years ago,,0,Awesome
0,3 years ago,,0,"What is the precursor for NMN and so on, and so forth precursor after a precursor for conversion of NAD"
0,3 years ago,,0,great vid thanks
0,5 months ago,,0,Thank you for the video and information. 👍
0,3 years ago,,0,I ordered this supplement not only on your recommendation but on a few. But after receiving found out that resveratrol has blunting effects on exercise I'm surprised you would promote that to your community
0,4 years ago,,0,"You should disclose conflicts and payment at the beginning of the video, not the end."
0,4 years ago,,0,Yep
0,4 years ago,,0,Great video!
0,4 years ago,,1,Hi Thomas  is it important to take a 1:1 ratio for nmn and transreverseveratrol  ? Is 3:1 still effective?
0,4 years ago,,0,Solid channel
0,5 years ago,,0,Thank you
0,1 year ago (edited),just_take_niacin|nmn_vs_nr_nad|dose|price_value|no_effect,0,"I took NMN and NR for a year … absolutely no difference. I’m an extremely fit 66yo so I should be in the sweet spot. It did increase my plasma NAD+ from 26uM to 86um. However, so did 500mg of niacin - so niacin at 1c/day raised plasma NAD+ the same as NMN and NR at $1/day."
0,4 years ago,,0,"Yo, it's btec vshred. Crazy!"
0,4 months ago,,0,Thanks
0,3 years ago,storage_heat|price_value,0,Thank you so much for doing the research because I would have maybe invested in the  novos bundle which is $1500😮 buks for 1 year supply. No where on their website do they mention that nmn needs refrigerated so that's a red flag. Shopping for longevity or any kind of health supplement is like trying to buy the best insurance from a vampire so thank you for your channel...it helps a lot of people from being ripped off😊
0,4 years ago,,0,AY SIr you got yourslelf in a MAZE!!!!!!!! Please start  again And besides There are not LINKS. FURIOUS!!!!!!!
0,3 years ago (edited),,0,Very hard to test these levels if at all. I take the iv nad every 8 weeks.  Sure hope it’s working as the iv drip takes over an hour and is very unpleasant
0,8 months ago,,0,Brilliant
0,4 years ago,,1,"Thomas, do you think it is possible that turning on sirtuins artificially could cause a negative feedback loop on natural activation? It's my only concern before I try resveratrol. Thank you"
0,4 years ago,,0,The 20% off on ordering NMN from using Thomas’s name..I can’t find it.. ordered it anyway
0,5 years ago,benefit_recovery,1,Cool tshirt... Is that Strong Liftwear?
0,8 months ago,,0,Very Good
0,1 year ago,,0,092 Shields Plains
0,6 months ago,form_absorption,1,What do you think about the IM8 Longevity that has those two with others? It is a powder form.
0,2 years ago,,0,N&DEEEE MIGHT BEEEE THE KEEEEEYYYY - what accent is that :D
0,4 years ago,age_gate|benefit_energy|benefit_cognition|benefit_sleep,0,"been taking resveratrol and nmn for 5 years now  ,i do feel higher mental clarity  ,but other than that  not sure what is doing  to me , am 60 years old and  i do have plenty of energy  in fact to much but my sleep is disrupted  because i feel  fresh after 4 hours  of sleep  ,but then i need a nap around 6 pm  a 2 hour nap ,  i hate that"
0,5 years ago,,0,Thank you👍😁
0,5 years ago,,0,I suggest taking MnM (M&M) instead for happiness : )
0,3 years ago,dose|form_absorption,0,"My experience.. got horrible acne. I took the sublingual non from renew by science. I felt mentally and physically wonderful but got a horrible breakout all over my arms, chest and back. So gross. This was on 250 mg. My guess is the sublingual is stronger so I’m waiting for this to subside and am halving the dosage."
0,5 years ago,,0,Gonna Try It!
0,5 years ago,,0,Thanks Thomas 💯
0,3 years ago,form_absorption,0,The top brands now use a capsule that dissolves in a alkaline environment aka your small intestine. It will not dissolve in an acidic environment like your stomach and that is due to the acid hindering the bio available NMN. It's 25 bucks for 60 from an actual lab.
0,2 weeks ago (edited),,0,"3.36 minuite in and my brain has shut off..NMM, NBD,NAD...I am so lost....off to find a short that might explain it all for dummies like me!"
0,5 years ago,,0,Cool 😎
0,2 years ago,authority_trust,0,I immediately turned when he said something about a sponsor and buying the product
0,4 years ago,,0,"Sorry wasn’t finished and finally as a keto high protein diet how do you feel about the advocates of this type of diet,lifestyle specifically stating excess protein is potentially adverse to health"
0,1 year ago,,0,O'Reilly Mall
0,3 years ago,,0,The stress I avoid by chasing every supplement fad trumps all benefits of all the supplements I've ever taken. 😂
0,5 years ago,,0,Great episode
0,3 years ago,fda_ban,0,FDA just outlawed the supplement
0,4 years ago (edited),form_absorption|safety_side_fx,1,"Have a few question 1) How does a gene SLC 12A8 directly increase absorption? Like what is MOA? 2) How do you know what cell is getting the NMN?  Like muscle and adipose cells over heart and kidney cells 3) Once absorbed from your GI tract what carries NMN from the blood to intracellular?  Are intercellular molecules like NMN-> NAD stable in the blood and are there carrier proteins transporting them. 4) Lastly, longevity (anti-aging) has to do with gene replication and Telomerase lengths so how does NMN--> NAD lead to longer cell life? THANKS!"
0,3 years ago,,0,Pycnogenol  is the accelarator!!!
0,3 years ago,cancer_risk|evidence_studies,0,"Some tumor cells are known to have a higher capability to synthesize NAD, so we were concerned that giving NMN might increase cancer incidence,"" said Shin-ichiro Imai, MD, PhD, a study author. ""But we have not seen any differences in cancer rates between the groups."""
0,4 years ago,,1,"Hi, what is link to longevity course, breathing techniques, etc.?"
0,3 years ago,,0,NAD + injections. I notice benefits.
0,3 years ago,cancer_risk,1,Taken along with mushroom supplements  do you think this would help with some forms of cancer?
0,1 year ago,,0,Miller Prairie
0,4 months ago,,0,I store my NAD just below my belt
0,3 years ago,,0,NaD might Be the Key to longevitY
0,2 years ago,nmn_vs_nr_nad,0,Just directly take NAD+ infusion
0,3 years ago,,1,Why does verso mix the nmn and resveratrol.  How can you be sure you are getting a equal portion in one serving?
0,5 years ago,authority_trust,0,I was really hoping this wasn’t sponsored.
0,2 years ago,nmn_vs_nr_nad,1,"About chosing NMN over NR, did no one considered secret option no. 3? Just take both? 😅"
0,5 years ago,,0,I wish I could resubscribe to this channel.
0,5 months ago,just_take_niacin|nmn_vs_nr_nad|cancer_risk|evidence_studies,0,"...Preclinical research across multiple cancer types now shows that the NAD+ salvage pathway, the same biological mechanism targeted by popular anti-aging supplements like nicotinamide mononucleotide (NMN) and nicotinamide riboside (NR), can directly fuel tumor growth. The findings create a sharp tension for the millions of consumers taking these supplements to slow aging: the very pathway they are boosting may, in certain contexts, accelerate cancer cell proliferation. While some studies also point to immune benefits from NAD+ supplementation, the emerging picture is far more complicated than supplement marketing suggests."
0,4 years ago (edited),timing_protocol,1,"I do a 20 hour fast.  The doseage of 2 with fat in the am, would break the fast.  Do you suggest taking this instead of IF?  I ordered today.  Thank you!  I’m 59 btw."
0,4 years ago,,0,Interesting concept but I caution anyone and everyone to consult experts and not youtubers for your heaalth choices
0,3 years ago,,0,It all sounds good but lacks the passion that somebody who has truly tried it and is speaking from a heart than a d script
0,3 years ago,,0,"I am six minutes in and I have yet to hear anything at all about TD's experience with NMN.  I don't want or need the very lengthy intro and perhaps that is true of others as well.  I can't get my six minutes back, but perhaps we might request that TD mark his videos, as many others do, so that we can skip directly to the parts of interest.  I would listen more often and DL could extend his reach.  Win/win. : )"
0,3 years ago,dose,1,"So how much did you take? When did you take it, and what was your experience?"
0,2 years ago,,1,"Hey, any update on nmn? From a reasearch I read if someone is active there is no mutch benefit of taking nmn but it may be useful for inactive people."
0,3 years ago,authority_trust,0,So what was your result....after all that talk.   You should mention about the sponsorship at the beginning
0,4 years ago,,0,"New stack.  Test, gh and nmn"
0,4 years ago,,1,"What is better to use NAD nicotinimide, or NMN?"
0,4 years ago (edited),,1,Excellent video . I want to gain weight and want better brain function What do I take? Thank you
0,3 years ago,,0,I love M&M.
0,3 years ago,evidence_studies|authority_trust,1,thomas   brad stanfield sites up to date studies that say resveratrol doesn't work what say u to him?
0,7 months ago,,0,seems to be better than a multivitamin
0,4 years ago,,1,"@thomasdelauer Are you taking NMN with Resveratrol? If so, Resveratrol Trans or another type?"
0,1 year ago,,0,It's extremely difficult to get a gauge on a product promoted or should I say featured by somebody who who over the years is featured possibly hundreds of different health and fitness supplements.
0,4 years ago,,1,Does anyone know how any NMNs molecule interacts with Pfizer covid vaccine?
0,3 years ago,form_absorption|safety_side_fx,1,What about NAD+ in a liposomal delivery?
0,1 year ago,,0,Parker Field
0,5 years ago,,0,I'm not convinced that maintaining a certain temperature is critical.
0,3 years ago,form_absorption|tmg_methyl|safety_side_fx,1,"So, you don't recommend taking an NAD+ supplement? I have been taking one which claims to increase your NAD+ levels; it also has Trimethylglycine for methylation cycling and a liposome delivery for better absorption. But Dr Attia says your body can't absorb NAD so idk what/who to believe! TIA for any insight/advice."
0,2 months ago,price_value,0,I will say it’s affordable due to how long jar lasts but I have taken four months and see no results that I notice at least
0,4 years ago,,1,"You’re saying that NMN need to be stored cold? What about, when you order it online and it takes a couple of days to arrive and it’s exposed to regular temperature 70 F / 20 C How old is effect the quality of NMN?"
0,5 years ago,nmn_vs_nr_nad|tmg_methyl,0,"It is not that straight forward. You should start with senolytics before you start with nmn.   After a while start alternating between senolytics and nmn.     For mitochondria biogensis you should take pqq.    Also in parallel work on reducing  inflammation which will help preventing nad+ from depleting, for that take quercetin.   When taking nmn or NR, it is important to take TMG as well."
0,4 years ago,,1,Did I miss something? You never said if you thought it is worth it to take it or what your results were?
0,1 year ago,,0,Kerluke Crescent
0,10 months ago,,0,Thank you
0,1 year ago,,0,Korbin Mill
0,4 years ago,,1,I thought you were going to talk about what happened when you took it?
0,3 years ago,storage_heat|safety_side_fx,1,"Wait , so.. before seeing this , I just purchased NMN ( diff brand ) that cold storage point worries me.  Why is that important ? Should I not take the one I bought? I certainly don’t want to do more harm than good. OR should I take the bottle I bought and then switch to verso ?"
0,1 year ago,,0,019 Leuschke Rapid
0,4 years ago,,1,Do you know why water with nmn in a blue plastic bowl turns blue? Is it normal or nmn is not pure?
0,5 years ago,dose,1,I think 1g is about What they say to take. Verso is 250mg?
0,4 years ago,,1,"Hello Thomas, I tried to purchase NMN from your link unfortunately, they don’t ship to canada!☹️☹️☹️ Do you have  another suggestion please?"
0,1 year ago,,0,746 Hoppe Motorway
0,5 years ago,,0,It was proven to be no better than putting olive oil in your food.
0,4 years ago,,0,"Really good explanation. I'm not into training personally, I just happened to be looking into NMN and came across this video and just wanted to say it was an interesting watch."
0,1 year ago,tmg_methyl,1,One theory is that you need to take NMN along with TMG?
0,5 years ago,,1,"Is nmn ok for me? I'm slightly overweight (5'7"" 160 lbs) 41 year old male. I can't work out or intermittent fast due to medical issues but I do walk around 15000 steps daily."
0,4 years ago,,0,i might just fast for 21 days using a mucus free diet to prep cells for toxin removal and then introduce NMN to the body
0,3 years ago,,1,"Where in the video does he speak about his personal results? i cannot find it, all i can find is ""what is nmn""  but not about his personal experience."
0,3 years ago,,1,Why is no one speaking of minerals that takig plain chemicals like this depletes in body and that also need to be suplemented?
0,3 years ago,,0,This is an older video I seen people today claiming this crap works it doesn’t !
0,3 years ago,,0,HOLY SHIT BATMAN 11 MINUTES OF DRIBBLE.
0,4 years ago,stop_restart|cancer_risk|evidence_studies,0,You need to look at the studies of NMN and cancer.....many former proponents of NMN have stopped taking for this reason.....some actual Drs.
0,4 years ago,benefit_skin_hair,1,How does it repair aged skin and muscle loss ?
0,4 years ago (edited),dose|price_value,0,"I took nmn 3 months and didn't do anything for me, i took verso. I know they say it tskes 6 months. 500mg is what i took. I got blood tests my aging didn't go down it actually went up after 3 months. It had reservertol in it to. Very Expensive"
0,2 years ago,,0,"You have not said anything about your own experience with NMN, although you started your video saying exactly that!!"
0,3 years ago (edited),dose|form_absorption|price_value|authority_trust,1,Is NADD+ in the IV Therapy version better or the NMN pill or capsule form the same performance also the IV NAD+ is $200-300 vs a pill form of $50-80 for a month supply. Is NMN better than NAD+ since it is closer to the pathway?  The one he promoted is also the most expensive... lol $100+.... hmm sketchy on how much this truly works or just another snake oil since it is the most talked and research does not mean it is also the best route to longevity...
0,4 years ago,storage_heat,1,"So you said that in heat or warm temperature the NMN will degrade so when it is sent out to my address_ by the time it gets here will it degrade especially since I live on the island of Puerto Rico, so by the time I receive the the NMN supplements will it still be good or not good? 🙄"
0,5 years ago,,1,Do you have any videos anymore that are just objective life experiences?
0,3 years ago,stop_restart,0,All the theories and still ambiguous results with NAD precursors. I stopped taking them after a year when it wasn't clear if it was entering the cell at all. Plenty of NAD precursor floating around in my blood though I'm sure.
0,1 year ago,nmn_vs_nr_nad,0,NMNH !!!
0,6 months ago,safety_side_fx,1,"Don’t you think that there are certain ages to use these products which you mentioned in your video??? Or what about the health condition ? It’s different from person to person , for example I have Gilbert disease from birth . So is my liver healthy on this situation to take these supplements??"
0,1 year ago,,1,If nmn nad works at what time would your body make it's own?
0,5 years ago,,0,Haha my Head bro
0,3 years ago,fda_ban,1,NMN just banned or disallowed by the FDA. Thoughts on this?
0,4 years ago,,1,You forgot to post the link?
0,4 years ago,,1,This company Verso…has a 3rd party certification??  Need to know…
0,4 years ago,just_take_niacin,1,Did you take niacin before this video?
0,5 years ago,,0,"Found this nice smoothie recipe, I follow this person good stuff help me manage my weight and feel healthy and energetic"
0,5 months ago,,1,Did I miss something? I thought he said he was going to tell us what it did for him.
0,5 years ago,,1,What do u think of Epitalon?
0,1 year ago,benefit_sleep,0,"All I learnt was the cars the fuel, the pedals the nucleus and the engines the protein. I’m going sleep 😴 goodnight"
0,3 years ago,,1,So what exactly was your experience? I must've missed it.
0,5 years ago,nmn_vs_nr_nad,1,How does this compare with Tru Niagen?
0,1 year ago,benefit_recovery,0,"I took nmn and resveratrol, and to be dead, honest, my healt went backwards. My cholesterol went up, and my testosterone went down I started getting weird heart beats avib it's complete bs my pumps in the gym was horrible"
0,2 years ago,,0,"The key to longevity is eating healthy food and mainly  plant base diet, eat less calories, fast often, exercise often. Supplement are just a 10% boost. Ofcourse don’t smoke or drink because it’s dumb"
0,4 years ago,,0,No UK offerings...
0,2 years ago,,1,"Well, here we are 2 years later and no update. Hmm? Just another infomercial? Hmm?"
0,5 years ago,,0,I love u
0,4 months ago,benefit_energy,1,Hi I’m a 47 year old and I have lost all my energy and drive. What would you recommend to get a bit mojo back ?
0,3 years ago,,0,"So what’s the conclusion, did it work as you though"
0,3 years ago,,1,What about apigenin vs nmn?
0,4 years ago,,0,Sir maybe you need to make a video on how eating red meat leads to shortening of telomeres as per research. Doing every lifestyle change for longevity while forgetting about the basic food seems ironic to me.
0,2 months ago,price_value,0,"It's very simple, something that would extend longevity would be very, very expensive. It's just a marketing supplement."
0,1 year ago,cancer_risk|benefit_energy|benefit_recovery,1,"Why would you take NMN over NAD? Is taking NAD like taking TRTs...where, by taking it, our body essentially gets ""lazy"" in producing the supplement for itself...beit testosterone or NAD? I ask, becasue it sounds like NMN is the fuel to make NAD, where as the NAD supplement just supplies what you need. The reason this could be important, is if an aging person has trouble producing NAD for reasons beyond raw material. Does that make sense? Basically, it would be like adding more & more fuel, but the spark plugs are bad. Anyway, I would appreciate your thoughts on this. I could use a bit of a boost but through diet & exercise I do fairly well. My wife on the other hand, has a lot of genetic issues working against her. She recently discovered that both her mother & father were genetically ""flawed"" in that neither produced much dopamine. So my wife, in essence, got a double strike against her. I'm hoping if this gives her more energy, she may be more apt to be physically active, which naturally tends to boost positive hormones in the body & would then help to lift her mood. Again, any help would be great. Right now we are mostly carnivore. She is about 6 months into healing from colon surgery related to cancer. She is cancer free now, but this surgery takes a long time to heal & she does not handle fiber well at all. The few times we have some vegetables, they have to be fully cooked to remove the fiber."
0,5 years ago,,0,You are only a litteratur boy When I start taking 67 yes young i got 45 year  in me full go
0,3 years ago,,1,How does that affect the telomeres?
0,4 years ago,nmn_vs_nr_nad,0,How can somebody test or experiment with this antiaging NMN  or NR when still is só young and muscled aka healthy ...this is nót  a good test candidate
0,3 years ago,,1,Can we get to a Point?
0,3 years ago,,1,Can you take nmn with adhd meds like concerta?
0,4 years ago,just_take_niacin,1,How do you not overdose on niacin?
0,3 years ago,,0,on steriods 100!
0,4 years ago,,1,What brand are you using for nmn?
0,3 years ago,evidence_studies,0,"TOPIC REQUEST: TRIIM STUDY where HGH, DHEA, METFORMIN reversed epigenetic age and regenerated the thymus gland, the master immunity organ"
0,3 years ago,,1,Does anyone know if Thomas ever talks about taking clinical testosterone or hgh or anything?  Or are those guns natty?
0,4 years ago,,1,So what was your experience? you never mentioned!!
0,4 years ago,,0,Ok so how do we get nmn in Australia
0,4 years ago,,1,When and how are to take NMN?
0,4 years ago,,0,I don’t bank on research. I want to look further … lololol 🔮 🧙 🪄
0,4 years ago,,1,Does Metformin counteract NMN?
0,3 years ago,,0,Felt like I was watching an 11 minute Ad 🤷🏼‍♂️
0,3 years ago,,0,Which vitamins contain MNM
0,4 years ago,,1,Where are the personal results?
0,3 years ago (edited),authority_trust,0,"Admitted this has been sponsor cash in the pocket, screw u. 👉🏼 11:25"
0,2 weeks ago,,1,Can a blood test measure NAD levels ?
0,1 year ago,,0,910 Quinten Inlet
0,4 years ago,,0,0:02 my
0,4 years ago,,1,"is ""Chad"" meme pic made after this guy?"
0,3 years ago,safety_side_fx|fda_ban,0,Hello im from Canada i just ordered some NMN from verso because FDA said its a drug in 2023 i just ordered in  april 2023 now will  they still delivery it over the border please help
0,3 years ago,,0,One doctor say band it what about it
0,1 year ago,,1,Where is the discount code?
0,4 years ago,,1,"Over the years....""WE have found"" you and who else???"
0,3 years ago,nmn_vs_nr_nad,1,Thomas do you get NAD IV therapy?
0,1 year ago,cancer_risk,1,Any comments on the cancer risk of taking nmn?
0,3 years ago,,1,What were your results?
0,4 years ago,,1,Any updates?
0,5 years ago,,0,M&M'S 😋
0,5 years ago,,0,Fascinating.
0,1 year ago,,0,Elisabeth Springs
0,4 years ago,,1,I’m 23. Is there a benefit in taking this?
0,3 years ago,,1,So what did you experience? You didnt really explain that
0,5 years ago,,0,Lets face it: TDL became too commercial.
0,4 years ago,,1,"Tom, what was your experience taking NMN?. You didn't say!"
0,4 years ago,,1,what was your experience?
0,3 years ago,,0,You did not say squat as for what it did for you.
0,3 years ago,price_value,0,NMN is also a very expensive supliment to buy. It's amazing how people wuth no sense throw money away on things they don't even need !
0,5 years ago,,0,Interesting discussion/ Always my first question is how to  I do this through my normal diet without supplements.!
0,1 year ago,,0,Reese Square
0,4 years ago,,1,Its been 9 months now what is your update?
0,3 years ago,,0,@biolane pease save us
0,4 years ago,,0,Your video didn't say anything about whether it was worth taking it not
0,4 years ago,,1,"To use, you must exercise?"
0,1 year ago,,0,SupposeDly instead of supposeBly.
0,3 years ago,benefit_energy|benefit_cognition,0,"Once he showed the clip of the coffee machine for immediate energy, i lost focus on what he was saying. Im going for the coffee. Screw the rest of this post...."
0,3 years ago,,0,What was your experience though...
0,3 years ago,tmg_methyl,1,Do you take TMG ?
0,1 year ago,tmg_methyl,0,I’m sorry but I’m already taking a bunch of supplements every day I just added TMG if I add these I will be taking supplements and not eating food😂😅
0,2 years ago,price_value,0,It’s now $100 a bottle.  F that!
0,8 months ago,,0,"It was like watching an infomercial, very little talk about what it does , short and long term effects etc etc . I thought he was better than this"
0,5 years ago (edited),,0,Resveratrol indirectly activates sirtuin pathways
0,5 years ago,,0,I'm confused.
0,6 months ago,cancer_risk,0,NAD is not longevity if the cells mutate that means the cancer also mutate.
0,5 years ago,,1,"Hi Thomas, if you haven’t already, can you please do a video on Ultima Replenisher? I just would like to know your thoughts on the quality of the ingredients. Thanks!"
0,1 year ago,,0,02310 Simonis Divide
0,4 years ago,,1,Can you still buy this today???January 5th
0,3 years ago,,1,Are you still taking NMN 12 months after posting this video?
0,4 weeks ago,,0,Never gets to the point 30 mins of back ground talking with not a word on YOUR results!
0,4 years ago,,1,Does NMN break a fast?
0,5 years ago,dose|price_value,0,NMN is expensive because you need to take at least 1gram per day
0,5 years ago,,0,"this is all good , but if you look at all his video and take everthing he talks about, not hating , you would not having enough of one day, just noticing, otherwise i like the channel content"
0,5 years ago (edited),dose|price_value|authority_trust,0,WOW! The dosage on this brand is so low. Especially for the Resveratrol. Only 250mg of each. Dr. David Sinclair is taking 1000mg of each per day. These bottles are $50(w/6bottle purchase) $70 for single bottle and only 30 day supply with low dosage. Seems to be a great products but they need to lower the price or up the dosage. RIPOFF ALERT
0,3 years ago,safety_side_fx,0,liver Killer
0,2 years ago,,0,Most Respectfully your a young man you have no need to take this. YOU CAN'T PREVENT TOMORROW ♥️YULIYA ✝️🇷🇺
0,5 years ago,,1,Can you give a review on ZOA drinks please? Thank you!
0,3 years ago,,1,So does it work or not?
0,4 years ago,,1,So... Did it work?
0,5 years ago,,1,Thanks for the referal and simple explanation. So how long have u used it for and what r the results? The personal reference is hard to gage for a longevity product...
0,2 years ago,,0,"At no point did he say his experience, just took us on a story to sell a product."
0,3 years ago,authority_trust,0,Snake Oil
0,1 year ago,tmg_methyl,1,So this or tmg or both?
0,8 months ago,,0,How fresh Do you Feel
0,10 months ago,just_take_niacin,1,So just take niacin??!!
0,4 months ago,safety_side_fx,0,"Caution: After three days, my lungs were shutting down! My Son:""Wow Mom, you should really try this""--the old 'young again' adage!! I did notice that it did help my kidneys in those three days, BUT I have Congestive Heart Failure! Basically your Heart muscle is unable to pump enough oxygen-rich blood to meet the body's needs which caused a fluid buildup (congestion) in the lungs and other tissues. One of NMN's 'carrrying' agents is Silica. NMN mitigates Silica-induced Lung Oxidation Stress and Inflammation. Oxidative Stress is a proven mechanism for lung tissue damage after silica exposure. The small exogenous particles induce ROS release in the tissue and destroy the redox balance, leading to oxidative damage in cells in the tissue. Plain language--you lose your ability to 'catch your breath' and just plain breathe!"
0,3 years ago,,0,"Kind of like a politician, trying to sell you something"
0,3 years ago,,0,Sounds like brand plugging
0,1 year ago,,1,Are you still on it ?
0,4 years ago,,0,The level of NAD+  decreases with age. Your experience is irrelevant to judge the effect of NAD+ supplements on seniors. Also you failed to state NAD+ is used to product ATP do to it is used in the citric acid cycle to transfer electrons to the electron transport chain.
0,5 years ago,,1,"So ""results"" mean what?"
0,5 years ago,,0,"You're the only person I would listen to and take seriously on the subject of NMN. Fasting and NMN has always fascinated me, your the man Tom!"
0,3 years ago,,0,Everybody says MNM😂
0,4 years ago,,0,"Yes, NMN means one less step, but NMN is also a bigger molecule. Keep that in mind."
0,10 months ago,,0,I feel like I’ve taken so many vitamins from Amazon and they are bunk sh** Have to buy from reputable companies
0,5 years ago,,0,😁👍✌👌🖖😎
0,3 years ago,dose,1,how much u need a day?????u need eat taking it?????you need to be more clear tom
0,1 year ago,,1,Are you still taking NMN?
0,5 months ago,cancer_risk,0,Nmn has a potential to feed cancer cells. I think I can do without it!
0,4 years ago,,1,"Where are the results? Where is your ""Experience""?? What happened here?"
0,23 hours ago,,0,Sounds like just an ad
0,1 year ago,,0,Thompson Ronald Davis Margaret Robinson Daniel
0,4 years ago,,1,But what is your personal  experience? You should change the title
0,1 year ago,,0,Garcia Michelle Jones Karen Brown Mark
0,4 years ago,,0,"I really enjoy your informative and interesting videos but always get thrown by the side shots and stop being able to concentrate because I’m thinking he knows the camera has changed, I can see your eyes flicker to it but you continue to look forward I don’t think you need them it’s odd"
0,4 years ago,,1,Eat meat is not enough?
0,4 years ago,,1,",so, an entire video on the supplement and no personal experience mentioned..!!???"
0,3 years ago,,0,"Keto is not associated with longevity, quite the opposite... legumes are though..."
0,1 year ago,,1,Do you still take NMN?
0,4 years ago (edited),purity_counterfeit|benefit_energy,0,"Since it appears he doesn’t answer direct comments, then does he really care about the people that watch his videos. There is a lot of fake nmn out there. But Thomas is still young and may not make much of a difference. It’s for the older to make them feel energy.and younger, but he is still somewhat young so there is no way he can tell you if it works."
0,1 year ago,,0,Brown Kenneth Williams Kimberly Robinson Matthew
0,4 years ago,,1,...and.....????  I mean.....and...???????
0,4 years ago,,1,Aren’t you a little young to have to take this supplement? Or are they recommending this with people as young as yourself? Seems if you took it too soon it could potential he altar some bio chemistry and be dangerous.
0,3 years ago,,0,Nmn made me sleepy
0,1 year ago,,0,No results lo
0,2 years ago,,1,ok so all this chat but zero chat about what it's actually done for you. Look it's great to talk big long words but that doens't make it work. So does it work?
0,4 months ago,authority_trust,0,All I heard was marketing scam...this supplement MAY do something if you connect it with this supplement that hasn't been shown to do anything EXCEPT if you pair it with this other supplement that only works in a setting of negative 50 degrees on leap years. And of course you can buy all these things with my sponsor 😉
0,4 years ago,authority_trust,0,There is a video with Dr. Brad Stanfield questioning Dr. David Sinclair research regarding reservatrol.  Dr. Sinclair has continued to avoid answering the questions regarding his research.  Several doctors are suggesting there  may be risks using reservatrol.
0,2 years ago,cancer_risk,0,"My concern is the promotion of rapidly producing new cells, or growth of new cells. Im curious about the correlation between the rapid growth factor and potential cancers."
0,4 years ago,,0,"Most of the NMN is ineffective because it doesn't stay potent for long, and most is from China."
0,4 years ago,dose,0,"I just started taking 500mg a day. It's November 1, 2021. I'll report back in a month."
0,4 years ago,price_value,0,Nmn too expensive man
0,4 years ago,,0,His explanation..here we go..🙄
0,10 months ago,,0,You never got the effects on your personal experience after taking it.
0,3 years ago,,0,Sound like a salesman.
0,4 years ago,,0,"Why can't I pronounce it, I keep saying Eminem 😂"
0,1 year ago,,0,Thompson Deborah Harris Elizabeth Thompson Charles
0,4 years ago (edited),,0,You didn’t talk about your results or experience! You need to change the title of the video to infomercial not personal experience
0,1 year ago,just_take_niacin,0,"Just take niacin, dude"
0,3 years ago,,0,This is a messy video 😂
0,4 years ago,authority_trust,0,"On a video with Dr. Sinclair and Gundry olive oil EVOO does all the same thing as resveratrol, but better. So I take a tablespoon of high quality EVOO with my supplements."
0,5 years ago,,1,where is the personal experience? its look like you only want to sell the product
0,1 year ago,,0,Lopez Nancy Harris Michelle Young Barbara
0,3 years ago,,0,Not for the under 35 crowd.
0,4 years ago,,1,So a clickbait? Since all he said was taking it but didn’t explain anything lol
0,4 years ago,,0,No closed captioned. Thumb down
0,5 years ago,,0,"It should be supposedly, not supposably at 1:13 of your commercial."
0,2 years ago,authority_trust|benefit_sleep,0,"This is extremely complicated biochemistry and nearly impossible for the layman to understand fully. He shouldn’t try to explain this stuff if he’s not trained to do so. He’s missing massive concepts but I get it, Sinclair is hard to understand. If you’re really interested you can take a biochemistry class for free from Harvard Online. It ain’t easy but you’ll understand this stuff after a year"
0,3 years ago,nmn_vs_nr_nad,0,"You could of atleast said weather  you liked it or not, or what was good about  ,you know Mr, cheech an Chong  ,  they looked good for their age too but are actually  older they smoked reefer brother     mabe they getting better nr or nmn ,nac or whatever  you saying  only thing  is they getting few laughs along  the way"
0,1 year ago,,0,69579 Boehm Mews
0,3 months ago,,0,He didn’t say how it helped him 😂 just trying to sell supplements
0,3 years ago,,0,I’m trying to strength my blood vessels.
0,5 years ago,price_value,0,"Yikes, I've been taking resveratrol with NMN but didn't know you're supposed to keep it cold. Hope I didn't spoil it, it was pretty expensive."
0,3 years ago,dose|safety_side_fx|benefit_energy,0,"It helps with mental health issues too it seems. Depression, anxiety etc. it’s like coke. 1gram a day. 1g Resveratrol too. All day energy. Great mood. 10 days to top levels. Don’t drink and don’t smoke."
0,10 months ago,price_value,0,It does absolutely nothing. I have taken Vivanmn for a few months and it hasn't changed anything. Waste of money!
0,4 years ago,nmn_vs_nr_nad|age_gate,1,Aren't you too young to see benefits of NMN/NR?
0,5 years ago (edited),safety_side_fx,1,Wow click bait on the video title. You failed to deliver on the content. This was just a long ad for a supplement supplier you are probably getting a kickback from. Ethics are not a problem for you are they? Good luck using Keto for longevity lol. Not one blue zone is Keto.
0,5 years ago,,1,Really?! Ur taking a supplement?! What a surprise.. it’s a wonder you have room for real food with aaall them supplements. Oh wait that’s right this is an infomercial channel. Sry I forgot my place in the world.
0,4 years ago,,0,So far this is the most confusing video I’ve ever watched/listened to from you
0,5 years ago,,1,I have a question if I add collagen in my cafe is I break my fast?
0,2 years ago,,1,I can’t find the bottle on the site. It’s just in a packet now.. is it the same thing you are discussing in your video?
0,4 years ago,cancer_risk,0,Does this increase cancer ew
0,5 years ago,price_value|benefit_energy,0,"I take Life Extension brand NAD at Vitacost. Definitely tell increase of energy. Sirt foods also increase sirtuins. Red wine, Chocolate, green tea etc. Interesting that drug alcohol addiction centers use this in high quantities to tread addiction and with success."
0,4 years ago,cancer_risk,0,"Any child getting older very fast..children having a very fast metabolism 😀till 35! The nature slow down our metabolism for many reasons. All people living longer life had slow metabolism,it's proved fact.when you trying to get fast metabolism you are on huge risk to developing cancers"
0,4 years ago,,0,In short! no conclusion and 12minutes of bs adv for a brand 😞
0,5 years ago,,0,Resveratrol completely negates effects of exercise
0,3 years ago (edited),price_value|safety_side_fx|benefit_sleep|benefit_recovery,0,"It's better to get everything your body needs from nutrition and lifestyle.  You really only need supplements if you are deficient.  I'm not stating supplements dont help, but the natural path for longevity is: weight lifting, cardio, deep sleep, clean rich diet, fasting, balanced life, low stress, family/love, spiritual connection, positive attitude and a personal passion. There's not much long term research on any of these molecules.  Therefore a diet high in vitamins, minerals, fiber, fat, protein and probiotics, consumed over a 1 to 6 hour period per day, is safe, low cost, with no negative side effects and very effective for similar results."
0,3 years ago,authority_trust,1,really? how can we trust this guy.  a company is sponsoring his views.  big talk written for him
0,8 months ago,,0,lekka
0,3 years ago,,0,This is an advertisement
0,5 years ago,just_take_niacin|nmn_vs_nr_nad|price_value,0,NR and NMN are probably only about as good as niacinamide (B3). also pterostilbene (Dimethoxy-resveratrol) is much better than resveratrol and typically also cheaper.
0,5 years ago,,1,There is no information about the dosing on the Verso website. Can you supply this information please?
0,3 years ago,stop_restart,1,"I wonder what happens if I take NMN for several months and then stop taking it? For comparison: If you take testosterone externally, the body regulates its own testosterone production, which can lead to a lower testosterone level Is there a similar risk for both NMN intake? Can discontinuation of the product affect the natural NMN/NAD+ levels? Is there any indication of what happens if NMN is no longer taken orally?"
0,4 years ago,,0,This is just paid advertising.
0,4 years ago,,1,"Your to young for any benefits. Your NAD is already high. I always wondered if younger people took stuff like this who don't need it, would it cause down regulation?"
0,3 years ago,,1,I am hearing from many that their athletic performance has been enhanced greatly with NMN.  Has this been the case with you?
0,5 years ago,,0,I think thats there some research on a reduced version of N.A.D
0,5 years ago,,0,"Thomas, in fifty years, may be a wizard."
0,3 years ago,benefit_joints,1,Would this help with aching joints / osteoarthritis?
0,4 years ago,,1,"He talked so much had to skip, painful, and he didn't talk what he felt taking this?"
0,4 years ago,,0,"You didn't share any result. Just talked some science shit. I watched the video for 9 minutes and Like, am I in a classroom"
0,4 years ago,,0,I don’t see any improvement
0,2 years ago,,0,Admit it’s not nmn is called testosterone!!!
0,3 years ago,,1,So basically join the NRA?
0,1 year ago,benefit_energy,0,Biased towards sales because of link in description. Tired of this bullshit for sales bile.
0,4 years ago,,1,"Dude, seriously? This was just a commercial."
0,5 months ago,,0,Called a review... but he shared zero results. Much more like a commercial.
0,1 year ago,,0,Dude never spoke went into how well it worked for him..Just some info to conveniently earn some $$ on a plug..👎
0,1 year ago,,0,affiliate link. bias.
0,3 years ago,price_value,0,"NMN IS TOO EXPENSIVE, STICK TO NAC , MUCH CHEAPER"
0,4 years ago,,1,I'm seeking lab results to know which NMN products are legit. Do you know where I can find these for the company you are working with?
0,3 years ago,timing_protocol,1,Why can’t I find anywhere how and when to take this?
0,5 years ago,,0,"Thomas, good info, but you didn’t talk about your experience. Love your channel, but without your experience and tips, this video is just an advertisement. Please do a follow up video :-)"
0,3 years ago,authority_trust,0,Sinclair is a very greedy man - search what he did with NMN - he’s just pure greed
0,4 years ago,,0,"I lost my interest after the word ""keto""."
0,2 years ago,,0,it is not that great
0,2 years ago,authority_trust,0,"Ahh , it's sponsored.. Probably why he just can't get to the point"
0,5 years ago,,0,Pushing yet another supplement.  Bye.
0,3 years ago,,0,Do not put into your body that is not natural.
0,3 years ago,,0,When is the best time to take them
0,3 years ago,,1,Can I have my 11 minutes back? You didn’t say what it did for you what a waste of my time.
0,4 years ago,,0,Go away
0,4 years ago,,0,Go easy on the steroids bro.
0,5 months ago,,0,where's the results this sucks
0,2 years ago,dose|form_absorption|authority_trust,0,This Verso is such a shitty product. 60caps with 250mg NMN and Resveratrol in each. When you want to take 1000mg per day like Sinclair does this product lasts only 15 days. So this means 120$ per month. Very premium stuff. Better look for something that's sold in powder in bigger amounts.
0,5 years ago,,1,Another brand squeezing? No thank you.
0,5 years ago,authority_trust,0,Waste of time. He never provided any personal experience with this supplement. This is an advertisement for his sponsor.
0,5 years ago,benefit_energy,0,"...🌱🪴🌷but I like my coffee ☕️ for energy; I use skincare to slowdown ageing externally; other than a healthy diet, interesting how MNM supps. could be the key to slowing down ageing internally."
0,1 year ago,,1,Where can I buy it now?
0,5 years ago,,0,Click bait - Right
0,4 years ago,,0,We watched this whole thing for none of your personal results. A basic marketing video. Change the title to not be leading.
0,3 years ago,,0,"Gosh, tell us what you really think of it lol 👎"
0,3 years ago,,0,Zzzzzzzzz maybe get to the information faster to keep her interest and then get in the details I’m out. Hint dumb it down make it easy make it quick and then get into your scientific stuff
0,2 years ago,authority_trust,1,long winded shill maybe?
0,3 years ago,,0,He is making people stupid.
0,3 years ago,stop_restart|safety_side_fx|benefit_sleep,0,It gave me insomnia so I stopped taking it.
0,2 years ago,,0,This guy is so full of waffle
0,3 years ago,,0,You just wasted my time.  Your top phrase indicated that you had personal results to share which is what I came for and of which there were none.  This was a straight up commercial.  I no longer trust you as a provider of honest information.
0,4 years ago,,1,r u a pill junky?
0,4 years ago,,1,Doesn't resveratrol lower testosterone?
0,4 years ago (edited),,1,Your what?.Horrible comercial
0,2 years ago,purity_counterfeit,0,I don’t know why this guy gives me a super fake impression
0,5 years ago,,1,"Question out of this subject, Can you gain muscle mass on a Ketogenic diet?"
0,4 years ago,,0,"no experience reported, just advertising, never subscribing"
0,3 years ago (edited),,0,"Clickbait thumbnail and title. Most of us who clicked this didn’t need an explanation of how it works, or why people want to take it….We came to hear what it did to you…Next time, just put a regular title so we don’t waste our time… Lame…"
0,2 years ago,,1,It seriously doesn't make any logical sense why would a healthy male like you take NMN/NAD products??
0,4 years ago,,0,You lost my trust on this one. Unsubscribed.
0,4 years ago,,0,Get to the point
0,1 month ago,authority_trust,0,NMN is a scam Thomas. C'mon bro. If I had to take everything you suggested we need to take I would be spending 5K per month on supplements. Keep it real bro. You are losing me
0,5 years ago,,0,I can't see the link to buy nmn.
0,1 year ago,authority_trust,1,"Ok so how did it help you again? Really it was a 11 minute commercial! I like your stuff but come on man! I’m not mad that you got paid by the sponsor but don’t clickbait your audience that follows you! Constructive criticism, this is a good way to loose subscribers and viewers!"
0,3 years ago,,0,Sell out bro
0,1 month ago,,1,What the hell was this video about and what was your experience taking the thing? This is so jumbled that I don’t believe anything that is talked about here
0,4 years ago,storage_heat|price_value|authority_trust,0,"Bullshit man, you made me spend $240 worth of this stuff and it came in a pouched bag, all the containers were hot, there was no point to refrigerate them.. you got me scammed."
0,5 years ago,authority_trust,0,Sponsord🙄
0,1 year ago,,0,you yap too much
0,2 years ago,,0,11min of BS without any useful data.
0,4 months ago,,0,Watching this is a waste of time...
0,5 years ago,,0,A commercial with no personal results
0,5 years ago,,1,Ummm so no results?
0,1 year ago,,0,You didn't say anything about your experience. Waste of time video. Clickbait.
0,4 years ago,purity_counterfeit,0,Fake natyy
0,2 years ago,,1,People listen to you???
0,4 years ago,evidence_studies,0,Don’t show mice in your videos again! It’s disgusting and we all know how they look like!
0,5 years ago,safety_side_fx|authority_trust,0,Turned into a sponsored sales pitch. One of your worst videos by far.
0,3 years ago,,0,Horrible video that told us absolutely  othing.
0,1 year ago,dose|form_absorption|fda_ban|age_gate|benefit_cognition,0,"Do not take this! I am a 40 years old male and in perfectly good health. I bought this after going over multiple reviews and online videos such as this, of the positive impact it has. Upon consuming just 1 capsule (175mg) a day for a week, I started having mild brain fog and lightheadedness. I thought it might be work-related stress. After taking this for a month, my brain fog only got worse. I have stopped consuming it for two weeks and I am already feeling better. It looks like there is a massive campaign to sell this to you. I wish I had come across more honest reviews. This drug is not FDA approved and it is dangerous. It should not be allowed in the market and content such as this should be questioned."
0,4 years ago,,0,Bullshit! It's an infomercial.
0,3 years ago,,0,This guy can babble like no one else.  You're dizzy by the end of his vids with little to no gained knowledge.
0,4 years ago,,1,What a load of crap..ffs..where is your info and results after taking it?...man you have jumped the fence to take the money train and that is it....lost faith in your channel...
0,5 days ago,authority_trust,0,"Thank you, Dr. Stanfield, for your video. Without you we would be lost, we wouldn't know what to do in the supplement industry."
0,7 days ago,just_take_niacin,0,"It sounds like regular niacin, in the form which produces flushing, is perhaps the most effective building block for producing NAD."
0,3 weeks ago,nmn_vs_nr_nad|form_absorption,0,"Very good information, but I will still take NR because it means there will be a much slower release of NA into the blood, when you take NA directly, it gets absorbed too quickly."
0,3 weeks ago,just_take_niacin|nmn_vs_nr_nad|dose|form_absorption|price_value|safety_side_fx|evidence_studies|fda_ban|authority_trust|benefit_energy|benefit_cognition|benefit_sleep|benefit_joints|benefit_skin_hair,1,"You're right that the video (by Dr. Brad Stanfield) leans heavily skeptical and highlights negative or null human trials, while downplaying mechanisms, animal data, and anecdotal/personal reports.Supplement debates often involve financial incentives on all sides (NR/NMN companies vs. general ""debunking"" creators), publication bias, and the challenge of proving subtle anti-aging effects in short human RCTs. Here's a fair breakdown addressing your points with evidence. NAD Decline and Preclinical Promise NAD+ levels do decline with age in tissues, correlating with mitochondrial dysfunction, reduced sirtuin activity, inflammation, etc. David Sinclair's lab and others showed NMN(and NR in other studies) reversing aspects of this in mice: better insulin sensitivity, energy metabolism, physical activity, eye function, and some ""age-related diseases."" These aren't useless—mouse models (especially progeroid or high-fat diet ones) often show clear benefits in tissues like muscle, liver, and brain. Limitations: Mice metabolize these differently (higher doses relative to body weight, shorter lifespans). Human translation is harder. Sinclair's work has faced replication/criticism debates, but the core NAD-boosting biology holds up across many labs. Injectable NAD or precursors giving ""super energy"" aligns with anecdotal reports and some acute metabolic shifts—likely real for some users via mitochondrial or vascular effects, even if not universal. NR vs NMN Blood Levels and Conversion to Niacin The video's core argument: Both largely convert to nicotinic acid (NA/niacin)via gut bacteria (Princeton isotope tracing, Japanese IV bypass study, ex vivo gut data). Elevated NAAD metabolite ""fingerprint"" supports Preiss-Handler pathway dominance. Thus, expensive NR/NMN ≈ cheap niacin. Counterpoints: Larger head-to-head (Nature Metabolism, n=65): NR and NMN both roughly doubled circulating NAD+ after 14 days, no big difference. Some human trials show NMN raising muscle NAD metabolites or functional markers where niacin alone might not match (e.g., one 250mg NMN trial in older men improved muscle strength/performance). Gut conversion isn't 100% for everyone; individual microbiome, dose, formulation (sublingual, liposomal), and timing matter. Direct cellular uptake pathways exist too (NR kinases, etc.). Niacin causes flushing and has different side-effect/tissue profiles—NR/NMN are often better tolerated at high doses. If it all reduced to plain B3, why do some trials show differential effects? Biology is nuanced; precursors may influence gut microbiota (e.g., short-chain fatty acids) beyond just NAD. Your skepticism about ""debunking studies"" popping up for popular non-patented supps is valid—funding, outcome selection, and population matter. Human Outcome Trials: Why Mixed/Null Results Don't Disprove Everything Muscle/strength meta (older adults): No significant gains in mass, grip, gait, chair stand. Video cites this heavily. Your point holds: Many trials didn't mandate or track exercise. NAD boosters may amplify training/mitophagy/autophagy rather than work standalone. Sedentary older people might see minimal functional change. Better studies could pair with resistance training or measure mitochondria directly (e.g., respiration, OXPHOS genes). Glucose/lipids: Meta showed little effect. Fair criticism for metabolic claims. Skin rejuvenation: You noticed tighter neck skin/younger face—plausible. Some NMN trials and anecdotal/celebrity reports (common in longevity circles) note improvements in elasticity, wrinkles, or pigmentation via sirtuins, collagen, or inflammation reduction. Human evidence is weaker than for energy/mice, but not zero. Long COVID trial: NR tripled NAD but no major group differences in cognition/fatigue. Small n, high dropout, specific pathology (possibly spike-related inflammation/oxidative stress not fully fixed by NAD alone). Doesn't disprove general aging benefits. Post-hoc within-group improvements in some symptoms noted in reports. Wrong population for broad claims. Exercise-trained older adults can have youthful NAD levels—lifestyle first is always key. But that doesn't mean supplements add nothing on top. Big Pharma/Confounding Factors This is conspiratorial but has kernels of truth: Supplements aren't patentable like drugs, so less incentive for massive long-term outcome trials. Negative studies get amplified if they fit narratives. Fish oil's saga (early benefits, later mixed due to dose/population/oxidation) is a good analogy—EPA/DHA still have solid plaque/heart data in subgroups. Same for vitamin D, etc. NAD research is young; industry-funded positive studies exist alongside independent nulls. Many MDs (longevity-focused) promote it based on mechanisms + anecdotes + safety. B3 (niacin) alone: Doesn't replicate Sinclair mouse ""reversal"" as dramatically in literature—different pharmacokinetics and tissue delivery. Bottom Line: Not ""Useless,"" But Overhyped for Some Claims Strong: Safely and reliably raises blood NAD+ in humans. Preclinical promise is excellent. Personal energy/skin benefits reported widely (including yours). Weak: Consistent functional outcomes in broad human RCTs (especially sedentary elderly, short-term). Expensive if gut conversion dominates. Not a miracle. Promising angles: Mitochondria function, mitophagy, exercise synergy, specific tissues (skin, brain?), longer trials, biomarkers beyond strength tests. Try tracking objective markers (e.g., VO2 max, inflammation, skin elasticity scans, or even simple energy/activity logs) if continuing. Lifestyle (exercise, sleep, calorie control) remains the best-proven ""anti-aging."" NAD precursors are low-risk tools that can help for some, especially if you notice benefits—science is incomplete, not settled against them. The video cherry-picks nulls while the full picture (mice + mechanisms + anecdotes + some positive human data) supports cautious optimism."
0,2 months ago,nmn_vs_nr_nad,0,Bryan Johnson took both NR and NMN separately for 90 days and there was no noticable difference in his NAD levels
0,3 months ago,,0,"I took and NAD+ shot because it was free with a package I got. I was skeptical and expected nothing. Boy was I wrong, never felt better!"
0,2 months ago,,1,so basically the question isn't really if any of them raise NAD level because they clearly do but the question is if higher NAD levels actually do anything for us?
0,4 months ago,,1,"ME/CFS does not allow exercise in some instances, yet NAD is very helpful. What do you think about such a circumstance?"
0,1 month ago,nmn_vs_nr_nad|benefit_sleep|benefit_skin_hair,0,"I started NR-300 and NR20mg tablet for about a month, I am almost at the end of the bottle. My purpose of getting them was to revert back my grey hair to it's original color. I used copper peptide on my scalp too. Here are the results: I didn't mention anything about my hair but my doctor sister noticed that I have darker hair. While I was watching this video I remembered a big change on which i spoke about to someone about my sleep quality. I was using some antibiotics lately and I was sleeping quite well and I never thought it might be due to NR NAD I was using and blaming antibiotics for it. Now I am convinced that it had benefits on my sleep quality too.  I was told to do 1 month cure for every year which will be enough."
0,4 months ago,,0,Science at work. Experimental research at work. Evidence as the precursor to forming opinion. Thank you.
0,4 months ago,evidence_studies,0,Thank you for this video. I’m a nutritionally-oriented functional medicine doctor and I’ve always been skeptical of the NMR claims. I appreciate your analysis of the recent research studies very much!
0,4 months ago,,0,NMN seems to have great effects with some people and others it don’t. It just seems to be I helpful if you’re deficient or not. 🤷‍♂️
0,4 months ago,,0,Brad is never wrong
0,3 months ago,,0,"Interesting Also almost everything supplement we try seems to be weak when we look deeply, its like we are missing root causes of aging."
0,3 months ago,nmn_vs_nr_nad,0,Well there is a lesser know benefit of NR that has little to  longevity. I take it for that reason
0,3 months ago (edited),just_take_niacin|price_value,0,"In other words, if you want to raise your NAD blood levels you might as well buy cheaper Niacin. However this won't mean better health"
0,4 months ago,just_take_niacin|nmn_vs_nr_nad|dose|benefit_energy,0,"59 in June and taking 1000 mg of truniagen (NR) daily along with a bunch of other supplements.  I do notice a difference in energy and a sense of well being on this supplement, but if I can do it with Vitamin b3 I’m all for it."
0,4 months ago,,0,"9:40  watching this, I was thinking about the fact that exercise raises NAD+ levels in older adults.    Brenner's group was even involved in recent research, D Walzik, N Joisten, A Schenk, S Trebing, K Schaaf, AJ Metcalfe, P Spiliopoulou, J Hiefner, A McCann, C Watzl, PM Ueland, S Gehlert, A Worthmann, Charles Brenner, P Zimmer, Acute exercise boosts NAD+ metabolism of human peripheral blood mononuclear cells, Brain, Behavior, and Immunity, Volume 123, 2025, Pages 1011-1023."
0,4 months ago,,0,I think people should always aim for upstream precursors  to keep conversions working (if you dont use it you lose it idea) unless you habe a genetic issue or are older and dont convert as well anymore.
0,4 months ago (edited),just_take_niacin|nmn_vs_nr_nad|price_value,0,"Thanks for this video, it's very informative.  In the past, it didn't bother me that you had issues with NMN and NR, but that you occasionally got downright snarky about it.  You didn't do that in this video, which is much appreciated.  In terms of functional outcomes, it seems clear that boosting NAD by whatever means doesn't appear to have immediate functional outcomes, even in less healthy people; however, I think it's important to ultimately determine whether NAD+ truly declines in human adults, even if it's only in human adults that don't exercise or have other lifestyle deficiencies.  If it does decline, then there's probably not much harm in boosting it to more youthful levels, and it's good to know that simple nicotinamide can do that just as well as the more expensive forms."
0,4 months ago,dose|safety_side_fx,0,"Dayspring has given a lot of great talks on this subject. He's the reason I started 10mg of Crestor and 10mg Ezetimibe daily even though my cholesterol was normal and Triglycerides were very low. Now my ApoB is 29. Not sure about my Lpa because the year isn't available in my country. Low grade inflammation is hopefully under control through exercise, diet, Retatrutide, Metformin and Empagliflozin. Blood pressure and heart remodeling should be taken care of with Telmisartan and Amlodipine. I did ask this despite having perfect blood work and metabolic health because I'm a firm believer in biohacking. I also take high dose TRT and HGH along with GHK-Cu with this stack. Look and feel awesome."
0,3 months ago,form_absorption,1,"What about taking NMN sublingually, so it gets absorbed through the oral mucosa?"
0,4 months ago,just_take_niacin|nmn_vs_nr_nad,1,"If nad breaks down to b3 and excess b3 increases mortality rates, then wouldn’t higher nmn or nr be detrimental?"
0,3 months ago,,0,Wow thank you. Hundreds of dollars 💸 spent on do not age
0,4 days ago,benefit_energy|benefit_cognition,1,Please explain why so many people on subcutaneous  injections of NAD+ have such great energy and a focus  boosts? If it does nothing and all I need is my vitamin B complex.
0,4 months ago,safety_side_fx,0,Organic Beef Liver once or twice a week
0,3 months ago,just_take_niacin|safety_side_fx,0,"If you already have liver disease, even lower doses of niacin supplements can be hazardous and should generally be avoided."
0,1 month ago,dose,1,I've been taking low dose niacinamide (50 mg 3x daily) as a way of boosting NAD levels.  A couple years ago Dr Joseph Mercola described this amount as a sweet spot in boosting NAD levels. Any comments?
0,4 months ago,purity_counterfeit|benefit_sleep,0,"Better sleep really good, exercise..eat healthy diet. Relax be happy smile a lot even if fake..wait for something that really works"
0,1 month ago (edited),just_take_niacin|safety_side_fx,1,Which next video were you pointing at at the end? I do not see it on my end. Thank you for this valuable research. I did my own research a while back and came to the same conclusion- I take nicotinamide. (The danger of the niacin form is that it can damage kidneys and liver.) Thanks for the confirmation!! 😊
0,4 months ago,tmg_methyl|price_value,0,"Thx Dr Brad. Followed the whole NAD situation back in the day. Thankfully didn’t get aboard the NAD train due to cost and controversy, opting instead for a reasonably priced methylated multi-B vitamin. Feeling rather vindicated now."
0,4 months ago,just_take_niacin|safety_side_fx,0,Thanks for making this video. I’m going back to my itchy niacin with the huge body of work backing it up.
0,4 months ago,price_value,0,"Yay MD (& soon enough PhD) Brad! Brenner had me convinced again last year, so I'm happy to save the $35 per month. On on!"
0,4 months ago,,0,"Always appreciate your analysis, especially if we might be wasting $ from not being informed on the latest data which you provide for us !"
0,4 months ago,nmn_vs_nr_nad|no_effect,0,Took NR for over a month. Did strength training and cardio as usual during supplementation. Felt absolutely no difference. I would have felt better if I took chocolate 🍫 !!!
0,1 month ago,,0,NICE JOB Brad👍
0,3 months ago,price_value,0,wish i saw this before spending $120
0,4 months ago,just_take_niacin|nmn_vs_nr_nad,1,"Is NMN & NR safe when on Statins? There are B3 concerns with Statins too, right?"
0,2 months ago,,1,So we are screwed?
0,4 months ago,just_take_niacin,0,I take my multivitamin with niacin in it and go about my life.
0,2 months ago,,0,Well you just saved me a ton of money! Thanks Dr.
0,4 months ago,benefit_energy,0,43 year old male here with low energy. Doc says my blood work is excellent and agreed that my biological age is 13 years younger. He said my super low energy is just getting older. Unfortunately NMN has done nothing for me after taking it for 3 months daily.
0,3 months ago,nmn_vs_nr_nad,1,What about taking NMN and/or NR for improving fertility?
0,3 months ago,stop_restart,0,Ok.   I’ll stop taking it.
0,4 months ago,benefit_energy,0,I find a slight energy boost from it.
0,3 months ago,just_take_niacin|dose|form_absorption,0,"Doc Brad, your supplement should contain 50mg of niacinamide not niacin. Niacinamide is absorbed via the salvage pathway."
0,4 months ago,just_take_niacin,1,"So, what else does b3 do for the body if turbocharg8ng NAD is pointless?"
0,4 months ago,,0,"As always at the end of the day it matters what the cells see, not what your eyes see"
0,3 months ago (edited),evidence_studies,0,"Great Analysis. The gut and bacteria living there are very interesting and hard to study but I believe it drives many illnesses when it gets imbalanced, or can help you if you’re feeding it correctly"
0,4 months ago,just_take_niacin|price_value,1,"So if it is getting broken down to nicotinic acid (niacin)... then it would be equivalent to just supplementing niacin instead, at much lower cost?"
0,4 months ago,nmn_vs_nr_nad|form_absorption,1,"What about liposomal NR, will it have the same breakdown issue?"
0,4 months ago,purity_counterfeit,0,Your micro vitamin was tested for heavy metals by consumer lab.  You should test for supplements
0,12 days ago,just_take_niacin,0,Just take B3.
0,3 months ago,purity_counterfeit|nmn_vs_nr_nad|price_value|evidence_studies|authority_trust,0,Understanding the full mechanism of action is not an issue for Sinclair.  He sold Sirtris Pharma (reservatrol IP - SIRT1/STAC) for $720m to GSK with essentially animal data (pre-clinical) and some early phase I/II human studies.  Other labs tried to repeat his lab studies and couldn’t replicated them.  Early assays that showed SIRT1 activation were later found to be artifact-prone. He is trying to do the same thing with NAD⁺ biology / NMN / NR and it’s just the same scam.  Guy has great credentials which makes it worse.  He knows better but is compromising himself for further financial gain leaving others to hold the bag.
0,4 months ago,just_take_niacin|nmn_vs_nr_nad,0,"I'm no chemist, so I asked AI to summarize the terms: Niacin = vitamin B3 umbrella term Nicotinic acid = flushing niacin Niacinamide = nicotinamide = non-flushing B3 form Nicotinamide riboside = another B3 derivative, not the same as either of the above"
0,4 months ago,just_take_niacin,0,i constantly snack on niacin gummies
0,4 months ago,,0,Amazing. Brad reminds me of Rorshak from Watchmen.
0,4 months ago,dose,1,How much nicotiniic acid should be taken?
0,2 months ago,,0,Great job
0,4 months ago,evidence_studies,1,Hello Brad. Did you do a video about the KETO-CTA Study? I don't remember or can't find it. Thanks!
0,2 months ago,,0,Fantastic summary
0,3 months ago,,0,"Thanks for the video, and overview on the topic - loved the presentation."
0,1 month ago,,0,thanks
0,4 months ago,nmn_vs_nr_nad|evidence_studies|benefit_cognition,1,Great information...thank you!  What is your opinion about the Alzheimer's mouse study that found that NR increased NAD+ which significantly improved learning and memory?
0,3 months ago,,0,I believe the average age and BMI of the test subjects matters.  The average age of the participants for 'The differential impact of three different NAD+ boosters on circulatory NAD and microbial metabolism in humans' was only 34.7 ± 7.4 years (32 males and 33 females) with a mean body mass index (BMI) of 21.4 ± 1.8 kg m−2 for females and 23.7 ± 1.8 kg m−2 for males.
0,4 months ago (edited),form_absorption,1,"Ok, what happens when NMN is taken under the tongue? I notice this in mere seconds.. It cannot be that bacteria convert it to NA in mere seconds, can it? Your conclusion about regular exercise is correct. It raises NAD levels a lot. But kids, (and older kids especially), be weary of injuries!"
0,4 months ago,nmn_vs_nr_nad|form_absorption,1,How about sublingual NR?
0,18 hours ago,just_take_niacin|nmn_vs_nr_nad|authority_trust,1,"Dr. Stanfield - Given your excellent analysis of NMN, NR & Niacin, all showing no plausible anti-aging benefits, I find it ironic that you are adding Niacin to your microvitamin brand. Can you explain why? Thanks, Bryan."
0,4 months ago (edited),,0,"Dr. Brad, you’re awesome! Thanks for your deep research and valuable insights. It would also be great to learn which aging markers, if any, you use yourself to measure age-related performance."
0,4 months ago,,0,NAD is unproven
0,12 days ago,no_effect,0,I have been taking it daily for a while and I see no difference I'm going to stop wasting my $
0,4 months ago,benefit_skin_hair,1,but what if something else is improved..what if it helps with skin issues? did they look for that?
0,4 months ago,just_take_niacin|nmn_vs_nr_nad,1,"Most of this research is beyond me, but IF NR/NMN were mostly degrading into NA, wouldn't you experience a niacin flush?"
0,4 months ago,,0,That's crazy. Thank you very much for the video.
0,4 months ago,,0,I knew it! Thanks Doc.
0,3 months ago,nmn_vs_nr_nad,1,So what about legitimate nmnh?
0,4 months ago,,0,Thank you for the breakdown and clarity.  I am going rethink my daily supplements.
0,4 months ago,,1,Why are we still talking about blood levels of NAD? Is it not the intracellular content of NAD that matters?
0,4 months ago,,0,"Great info as usual. Thanks, Dr. Brad! You are saving me $$$."
0,4 months ago,,0,Thank you Dr. Brad!
0,4 months ago (edited),benefit_skin_hair,0,Interesting  video also  that these folks have skin in the game pushing their supplements.   But its ironic that this  Dr  also have skin in the game.  He pushes his  supplements and also has paid subscription for his membership.  Not saying it is wrong info he posts..... but one can not criticize one party  when you are doing same thing.
0,4 months ago,,0,"Excellent information, very well presented. Thank you, Dr Brad."
0,3 weeks ago,just_take_niacin|nmn_vs_nr_nad,0,"The ""NMN"" diagram isn't NMN: Nicotinamide Mononucleotide is supposed to feature a single pyridine ring. Instead, the diagram shows a double-ring purine (adenine) attached to a ribose and a phosphate. They accidentally drew AMP (Adenosine Monophosphate), a completely different molecule. The ""NR"" diagram forgot the sugar: Nicotinamide Riboside literally means a nicotinamide molecule attached to a ribose sugar molecule. The diagram shows no sugar at all. They just drew a plain nicotinamide molecule and labeled it NR. The ""Vitamin B3"" diagram breaks chemical laws: They labeled the bottom molecule nicotinamide, but wrote the amide group as \text{NH}_3 instead of \text{NH}_2. Giving that nitrogen a third hydrogen without giving it a positive charge violates the basic laws of chemical valence."
0,4 months ago,just_take_niacin,1,So in summary all you need is Niacin? Vitamin B3?
0,4 months ago,,0,Thanks so much for your research on this topic.
0,4 months ago,,0,"I like your content, but please add Czech dubbing. Thank you very much."
0,4 months ago,,0,Thank you brad!
0,4 months ago (edited),,0,No ciekawe...Czekamy na odpowiedzi..
0,4 months ago,,1,What about NAD+ supplements?
0,4 months ago,,0,Another great video.  Thank you.
0,4 months ago,,0,"Thank you, great info as always"
0,4 months ago,,0,Thank you very much doctor.
0,4 months ago,,0,Good info.. thank you Brad
0,4 months ago,,0,Great update thank you.
0,4 months ago,,0,Brilliant analysis. Thx
0,4 months ago,,0,awesome news
0,4 months ago,,0,Great video
0,4 months ago,storage_heat|evidence_studies,0,"Sorry to go slightly off-point but a recent study of several multi-vitamins (including your Micro-Vitamin) showed that the actual amount of various compounds / minerals was FAR lower than the label indicates! All the supplements were sent to an independent testing lab in the USA to confirm the accuracy of the labels and Micro Vitamin failed on several of the tests! As someone who has purchased Micro Vitamin in the past, I feel a bit cheated and deceived! (kind of like all those that paid $ for NMN supplements!) I look forward to a detailed explanation and response."
0,4 months ago,just_take_niacin|nmn_vs_nr_nad,1,then why do you not get flushing form NMN or NR if its converted to niacimn?
0,4 months ago,evidence_studies,1,What do you think about the quality of the RCT trials with niacinamide for glaucoma? I'm taking NMN and niacinamide for advanced glaucoma based on the positive results.
0,11 days ago,safety_side_fx|benefit_recovery,0,not sure these intermediaries are measurable wo large non-variance (ie run to run) sic no repeatability. Organ health (liver ~~ ileum ~~ blood) is going to STRONGly influence half lifes and anything else
0,4 months ago,,0,Good video.
0,4 months ago,,0,Just take Moringa and chia seeds everyday and you will be very alright
0,4 months ago,just_take_niacin,0,"I am sorry but if the produkt that is broken down is niacin, and in the chain of events there was no change in health for patients suffering from long covid, why have niacin in your multivitamin at all"
0,4 months ago (edited),evidence_studies,1,Ok but has any study on Humans show that higher nad or whatever means people are better off? Nope!!! Save your money and exercise eat better and dont smoke
0,4 months ago,,0,This video is a great example of why I’m subscribed to this channel! Thanks Brad!
0,4 months ago (edited),just_take_niacin,1,I take 1.5 - 2 grams of NMN a day. I don't flush. Why? Where is the NAD+ assembled in the blood stream? Good doctor continues to troll.
0,4 months ago,just_take_niacin,1,So save money and just buy B3?
0,4 months ago (edited),just_take_niacin|nmn_vs_nr_nad|form_absorption|evidence_studies,0,"They shouldn't have killed the gut bacteria, and they didn't mention that some of the NR is absorbed in the small intestine.. AI ""Yes, gut bacteria are important in processing nicotinamide riboside (NR). While much is absorbed earlier, gut microbes convert oral NR into other NAD+ precursors, such as nicotinic acid and nicotinamide. NR supplementation also shifts the gut microbiome composition, potentially enhancing metabolic benefits. ASM Journals gs on Gut Bacteria and NR: Conversion Agent: The gut microbiota metabolizes NR into nicotinic acid (NA) and nicotinamide (Nam), which are then converted to NAD+. Microbiome Shift: NR supplementation acts as a prebiotic-like compound, improving the composition of gut bacteria, such as increasing beneficial microbes. Interdependent Health: Higher NAD+ levels from NR promote a healthy gut barrier, while a balanced microbiome helps optimize the metabolic benefits of the supplement. Alternative Pathway: Some studies suggest that while some NR is converted in the gut, a significant portion of dietary NR is absorbed in the proximal gut, and the microbiome often converts circulating host nicotinamide back into NAD+ metabolites. National Institutes of Health (.gov) In summary, the gut microbiota is a key player in the systemic metabolism of NR, directly impacting how this precursor boosts overall NAD+ levels in the body.                 AND: They didn't consider that some of the NR is converted into NAR (nicotinic acid riboside) in the stomach.  AI:  Yes, Nicotinic Acid Riboside (NAR or NaR) is phosphorylated by the same dedicated kinases as Nicotinamide Riboside (NR), specifically NRK1 and NRK2. These kinases (nicotinamide riboside kinases) accept both NAR and NR as substrates, phosphorylating them into nicotinic acid mononucleotide (NaMN) and nicotinamide mononucleotide (NMN), respectively, to fuel NAD+ biosynthesis. National Institutes of Health (.gov) National Institutes of Health (.gov) +3 Key details about NAR kinase activity: Kinase Redundancy: Human Nrk1 and Nrk2 enzymes are the primary kinases responsible for phosphorylating NAR to NaMN. Pathway Differences: While NR is converted directly to NAD+ via NMN, NAR is phosphorylated to NaMN, which then enters the Preiss-Handler salvage pathway to be converted into nicotinic acid adenine dinucleotide (NaAD) and finally NAD+. Alternative Pathway: NAR can also be broken down into Nicotinic Acid (NA) via hydrolases like Urh1 in yeast, but kinases remain a primary, direct route for its utilization. National Institutes of Health (.gov) AI: The ability of NRK enzymes to accept both substrates allows NAR to bypass the rate-limiting enzyme for nicotinamide salvage (NAMPT), making it an effective precursor for boosting NAD+ levels. National Institutes of Health (.gov) Nicotinamide Riboside Kinase Structures Reveal New ... - PMC Oct 2, 2007 — Abstract. The eukaryotic nicotinamide riboside kinase (Nrk) pathway, which is induced in response to nerve damage and promotes rep... National Institutes of Health (.gov) Nicotinamide riboside kinases display redundancy in mediating ... NAR, like NR, is metabolized by NRKs to NAMN and then to NAAD by NMNATs [40]. However, NAAD requires final amidation to NAD+ via N... PubMed Central (PMC) (.gov) The emergence of the nicotinamide riboside kinases in ... - PMC Alternatively NAD+ can be salvaged from precursors and nicotinic acid (NA) nicotinic acid riboside (NaR) by NA phosphoribosyltrans... PubMed Central (PMC) (.gov)"
0,4 months ago,,0,I think the information proves that supplements are really a waste of cash. I’m gonna put my money to quality foods and forget about supplements which are either  low quality frauds or truly not necessary.
0,4 months ago,,0,"Dr. Brad, thank you for saving a lot of people, a lot of money"
0,1 month ago,just_take_niacin|nmn_vs_nr_nad|dose|safety_side_fx,0,but to get higher nad in the brain you need to take high dose and nicotinic acid has bad side effects NR does not have. So if you are trying to raise nad levels in the brain NR is superior
0,4 months ago,just_take_niacin,0,Love it! Another classic supplement/pharma caper! Been taking nicotinic acid intermittently for the last year or 2
0,17 hours ago,,0,Dr. I Was Wong  ( sounds Chinese ) makes another video.  Laffin'
0,3 months ago,nmn_vs_nr_nad|evidence_studies,0,"Вот какие выводы сделал ИИ из этого видео: Короткий ответ: Нет, заменить NMN/NR на дешёвый никотинамид (NAM) нельзя. Подвох есть, и он серьёзный: никотинамид тормозит синтез NAD⁺ через NAMPT, ингибирует сиртуины, вызывает метаболический «затык» и не повышает NAD⁺ так же, как NMN/NR. Теперь — структурно, чётко и без мифов. 1. Да, NMN и NR частично превращаются в никотинамид Это правда. И NR, и NMN в кишечнике и печени частично проходят путь: NR → NMN → NAD⁺ → NAM → NA (через микробиом) Но ключевое слово — частично. И главное — скорость и направление потока метаболизма разные. 2. Почему никотинамид НЕ эквивалентен NMN/NR 2.1. Никотинамид блокирует NAMPT — главный фермент синтеза NAD⁺ NAM — это конечный продукт распада NAD⁺, и организм использует его как негативную обратную связь: когда NAD⁺ много → NAM ↑ → NAMPT тормозится когда NAD⁺ мало → NAM ↓ → NAMPT ускоряется Если ты принимаешь NAM в больших дозах, ты искусственно включаешь тормоз, и синтез NAD⁺ замедляется. NMN и NR этот тормоз не включают. 2.2. Никотинамид ингибирует сиртуины (SIRT1, SIRT3) NAM — прямой ингибитор сиртуинов, потому что он продукт их реакции. Это означает: меньше митохондриальной биогенезы меньше защиты от окислительного стресса меньше метаболической гибкости NMN и NR сиртуины НЕ блокируют. 2.3. Никотинамид не повышает NAD⁺ в крови так же, как NMN/NR Это подтверждено: фармакокинетикой RCT мета‑анализами NAM повышает NAD⁺ слабо и коротко, потому что быстро уходит в метилирование → N‑метилникотинамид → выведение. NR и NMN дают более высокий и стабильный подъём NAD⁺, даже если часть превращается в NA. 2.4. Никотинамид расходует метильные группы NAM → N‑метил‑NAM → выведение Это требует SAMe → истощает метильный пул. Высокие дозы NAM: повышают гомоцистеин увеличивают нагрузку на печень требуют больше фолата/В12/холина NMN/NR такой нагрузки не создают. 3. Почему NMN/NR работают иначе, даже если часть превращается в NA Даже если часть NR/NMN → NA, важно, что они проходят через NAD‑синтезные пути, минуя NAMPT‑торможение. NR → NRK → NMN → NAD⁺ NMN → NMNAT → NAD⁺ NA → Preiss–Handler → NAD⁺ NAM → NAMPT → NMN → NAD⁺ (но NAMPT тормозится NAM!) То есть: NR/NMN ускоряют поток к NAD⁺ NAM тормозит поток к NAD⁺ 4. Что говорят исследования NR и NMN стабильно повышают NAD⁺ в крови (в 1.5–2.5 раза) Показано в десятках RCT. NAM повышает NAD⁺ слабо и кратковременно И часто не повышает вовсе при длительном приёме. NAM ингибирует сиртуины — это подтверждено биохимически Это не спорный факт. NAM не улучшает метаболические параметры Мета‑анализы показывают нулевой эффект. 5. Почему видео вводит в заблуждение Видео делает логическую ошибку: «Если NR/NMN превращаются в NAM, значит можно сразу пить NAM». Это так же неверно, как: «Если белок расщепляется до аминокислот, то можно есть только аминокислоты». Метаболический путь важнее конечного продукта. Итог Никотинамид НЕ является заменой NMN или NR Он НЕ повышает NAD⁺ так же Он ингибирует сиртуины Он тормозит NAMPT Он создаёт нагрузку на метильный цикл NMN и NR дают более высокий и стабильный подъём NAD⁺ Они не блокируют сиртуины Они не тормозят NAMPT Они не расходуют метильные группы"
0,4 months ago,,0,"Your conclusion is not correct. While it boosted NAD in LongCovid patients and did not improve symptoms does not mean it did not work. It just proved NAD levels can not be utilized in LC patients, what hints to a mitochondrial dysfunction."
0,4 months ago,just_take_niacin|dose|price_value|safety_side_fx|benefit_skin_hair,1,"I bought 1 kg  (1000 grams) of Niacin aka Vitamin B3 online (for about $30). Enough for the next 50,000 days at the RDA of 17mg  (math correct? grams/grams per day 1000/0.017  = 58,823 days or 161 years).  Trials have used 1gram to 3grams TEMPORARILY to examine effect on  Parkinson's disease, glaucoma, etc. But the trials were carefully monitored... Continuously use of that high doses might be  BAD for LIVER. I'm 63, I do a low daily amount 50mg, then 1 gram once a month... feels like I jumped in a furnace, I turn pink like a lobster, then gets the chills after. Since I only drink alcohol very occasionally,  I figure my liver can handle it one time each month. Taking a higher daily dose (like 0.25 g / 250mg) my body would get more used to it and not hot-flush, but I ...think... flushing my skin with blood once in a while is probably good for it."
0,3 months ago,authority_trust,0,Well it looks l've been scammed out of hundreds of dollars.
0,4 months ago,just_take_niacin|nmn_vs_nr_nad,0,"Pointed out the niacin to NAD+ conversion in comments, repeatedly, ages ago. Nice to see that the science has finally caught up. Didn't know that NMN and NR are both converted to niacin... which is helpful to know."
0,3 weeks ago,just_take_niacin|nmn_vs_nr_nad|dose|form_absorption|price_value|safety_side_fx|evidence_studies|authority_trust,0,"That's an excellent question — it highlights a real tension in the ""they all just turn into niacin"" argument. Here's why NR/NMN can still raise NAD+ more effectively than standard B3 (niacin/nicotinic acid or nicotinamide) in many studies, even with partial breakdown. 1. Not 100% Breakdown — Timing, Dose, and Efficiency Matter Oral NR/NMN do get partially converted to nicotinic acid by gut bacteria, but it's not complete or instantaneous. Some molecules (or intermediates like NMN/NR) get absorbed directly into enterocytes or bloodstream before full conversion. They deliver a ""pulse"" of precursor that can be taken up by tissues more efficiently via dedicated transporters/enzymes (e.g., NR kinases). This leads to higher peak or more sustained NAD+ elevation compared to swallowing plain nicotinic acid. In mouse studies (which the video acknowledges at the beginning), NR raised liver NAD+ more effectively than equivalent doses of niacin or nicotinamide. NMN often shows longer retention in the body. 2. Different Pathways and Regulation Niacin (NA)** goes straight into the Preiss-Handler pathway but is heavily regulated and causes flushing at higher doses (limiting practical intake). NR* can use the NRK pathway *directly in cells**, potentially bypassing rate-limiting steps (like NAMPT enzyme, which is often downregulated in aging). Even if much converts to NA later, the initial routing can produce more NAD+ in key tissues. Nicotinamide (NAM)** can inhibit sirtuins at high levels — NR/NMN avoid this issue better. Result: Head-to-head animal data frequently shows NR > NA for NAD+ boosting in muscle, liver, etc. Human blood data shows NR/NMN often achieving 1.5–2.5x+ increases at tolerable doses, while plain niacin needs higher amounts and doesn't always match the fold-change or duration. 3. Why the Skeptic Video's Argument Has a Hole The video correctly notes the conversion fingerprint (NAAD elevation) and microbiome role — this is real science. But it overstates ""therefore same as cheap B3."" Higher effective delivery: NR/NMN act like a **protected or targeted form of B3. They survive stomach acid/intestine differently and may modulate gut bacteria positively (extra SCFA benefits). Dose practicality**: You can take 300–1000mg+ NR/NMN without flushing; equivalent NAD-boosting niacin doses often cause side effects or hit other limits. Tissue specificity: Blood NAD+ is easy to measure, but **important tissues (muscle, brain, mitochondria) may respond better to NR due to transporter expression. This matches the ""higher absorption in important tissues"" video you saw. In aged models (the Sinclair-type mouse studies), this efficiency difference is clearer because aging downregulates natural NAD salvage pathways — extra precursors like NR help overcome the bottleneck better than basic B3. Practical Reality Check If all that mattered was final NA, then cheap niacin would dominate trials — but it doesn't fully. Many direct comparisons (animal + some human) still favor NR/NMN for fold-increase, sustainability, and tolerability. That said, the conversion does reduce the ""magic"" — they're probably premium, better-tolerated B3 delivery systems rather than entirely novel molecules. Your observation is spot-on: The strong blood NAD+ increases shown early in the video (for NR/NMN) wouldn't happen if they were identical to plain B3. The pathways, kinetics, and tissue targeting create meaningful differences, even with microbiome involvement. This is why the debate continues."
0,4 months ago,,1,I love your videos but I have a question why does this video seem to be AI generated?
0,4 months ago,,0,Super interesting! Thanks for breaking it all down etc :)
0,4 months ago,nmn_vs_nr_nad,0,I tried both.  NR is COMPLETE GARBAGE period.
0,4 months ago,,0,HOWEVER...increased NAD levels have not been shown to have any significant benefits in humans.
0,4 months ago,,0,€2.00 Thanks!
0,2 months ago,authority_trust,0,Just more snake oil
0,10 days ago,just_take_niacin|safety_side_fx,0,"So Great feedback and source information BUT i am so disappointed you skipped telling people how to naturally get Niacin Vitamin B3 Surely we should be pointing people to natural sources not a bottle of pills. Chicken, Fish, red meat and liver For the veggie alternative Peanuts, Whole grains, Mushrooms and yeast extracts (Good old marmite) If you have a good diet you already have all the vitamins you need, stop getting sucked in to the supplement world."
0,3 months ago,,0,I blame joe rogan
0,4 months ago,authority_trust,0,"Thank you, Brad, for supporting what is long in the revelation that miserable Mr. Sinclair is proven criminal crook repeating the same fishy pattern for filling his pockets over and over. Harward should be ashamed to give him whatever rights of using their name to clearly con man. We should sue him for our money wasted for lousy supplements. I will talk with legal expert to trigger class action lawsuit, for billions and billions spent on this hoax. Wake up call for consumers in these times of lies."
0,4 months ago (edited),just_take_niacin|price_value,0,"Ha, don't take a $60 NMN supplement when you take nicotinic acid for a few dollars - but take my $60 multi vitamin which has nicotinic acid already.... Ingenious marketing..."
0,4 months ago,authority_trust,0,Brad Stanfield unfortunately was diagnosed with a brain disease called depression. Please pray. 🙏
0,2 weeks ago,evidence_studies,0,"A study to assess mitochondrial health vs. NAD+ increase should be studied. If mitochondria are defective, NAD+ might to be as effective as the ETC is suboptimal and id doesn’t translate to adequate ATP production. Inflammation should be checked as the body, if I recall well, eats a tons of NAD+ when under systematic inflammation."
0,4 months ago,,1,WOW so interesting! What about the supplement NADH which also exists? Same story I assume?
0,3 months ago,,1,Can you make a video on L-Carnosine?
0,1 month ago (edited),nmn_vs_nr_nad|authority_trust|benefit_recovery,0,"""Long COVID' is a symptom of WHO sponsored serum injections that are causing injury and motality into the hundreds of millions. Numbers climbing! Immune already destroyed by these injections, I can't imagine it to be a good example for recovery with NR or NMN."
0,6 days ago,,0,"I take both, it does seem to reduce eye-ache I was having... but can't feel much more benefits"
0,4 months ago,nmn_vs_nr_nad,0,Must have given NR and NMN thousands of dollars in the past 5 years would love to have back
0,4 months ago,just_take_niacin|evidence_studies|authority_trust,0,"Dr Brad Stanfield can you ever understand NAD+ is like a fuel - you can burn the house down with it (inflammation) or you can power a healthy machine (the body) with it - so, YOU ABSOLUTELY NEED NAD+, but never see the studies using just the ""fuel"" - as if you don't control the burning (CD38, PARPS and other inflammatory NAD-consumers and the accumulating NADH and nicotinamide), you increase the inflammation in the body!! David Sinclair is not stupid. Plant-based diet (doesn't have to be 100% plant-based), fiber-rich colorful food, exercise and hormetics do exactly that - these control the inflammatory enzymes and nicotinamide recycling back to NAD+ and NADH oxidizing back to NAD+. no point in looking at studies testing NAD+ alone!!! The burning should be controlled and directed!!"
0,4 months ago,,0,You are officially struck off Joe Rogan's Christmas card list
0,3 weeks ago,,0,"here we go again, hahahahaha. you are crazy"
0,2 months ago,nmn_vs_nr_nad|price_value,0,NR and NMN are extremely expensive sources of NA and NAM.  Nothing more.
0,3 months ago (edited),just_take_niacin|no_effect|safety_side_fx|evidence_studies,0,nicotinamide is not nicotinic acid though. you switched between those without explaining. also it's a shame you fall into the same trap as the ones you preach against with that last study showing both show no benefit. that study makes no sense and raises the same questions about what you promote but have shown no study to appease those.
0,1 month ago,,1,Another AI doctor video?
0,3 months ago,,0,We didn’t believe you anyway when you had negative statements about the products………🙄
0,1 month ago,benefit_energy,0,Oh wow. I just ordered some NMN hoping it would give me an increase in energy as per anecdotal reports. I guess I’ve been fooled by clever marketing.
0,4 months ago,just_take_niacin|nmn_vs_nr_nad,1,"Is the only functional benefit between niacin and both NR and NMN, is that niacin raises blood glucose during the initial breakdown, while NR and NMN don’t?"
0,4 months ago,evidence_studies,0,in other news medical studies are biased and BS to make money for billionaires not help people!
0,4 months ago,,0,"another day, another L"
0,4 months ago,nmn_vs_nr_nad,1,"I've seen a massive benefit to NMNH, has anyone studied that one?"
0,4 months ago,,0,So it is all Preis-Handler path activity and not the salvage pathway
0,4 months ago,,0,This is a huge claim you're making.
0,4 months ago,,0,"Dude is saving a lot of people a ton of money on bullshit supplements. Thanks, doc."
0,4 months ago,,0,So it appears NAD does nothing in terms of improved health parameters
0,2 months ago,evidence_studies,0,How could anyone take a study with only 6 participants seriously 🤦
0,4 months ago,,1,https://youtu.be/gBUrkDA0INo?si=YCUYh4Ng3iNGw0_V
0,5 days ago,price_value|authority_trust,0,I eat a gummy multivitamin and it cost 9 bucks for 4 month supply it just effective as nmn or any snake oil they sell you
0,4 months ago,,0,"Its a con,"
0,5 days ago,just_take_niacin|nmn_vs_nr_nad|dose,0,"I began to wonder some time ago if the whole point of NR and NMM was to offer a non-flush alternative to niacin. I gave up on both RN and NMN and began taking 500 mg each of niacin and niacinamide figuring one or both would find a path to boost NAD. In short, I followed my gut and it seems my gut was correct."
0,4 months ago,nmn_vs_nr_nad,1,What about NMNH?
0,4 months ago,just_take_niacin|nmn_vs_nr_nad|evidence_studies,0,The only flaw in that study was not to study nicotinic acid supplementation vs. NMN/NR.
0,4 months ago,nmn_vs_nr_nad,0,I stick to Tru Niagen
0,,just_take_niacin|dose,1,"4 months ago (edited) When you take a Centrum you get 20 mg of B3, 125% of USRDA, that is boosting your NAD, or is it the wrong form of B3? Actually, it uses the Niacinamide form, not Naicin (Nicotinic acid). Would it work nonetheless, getting turned into Naicin?"
0,4 months ago,nmn_vs_nr_nad|tmg_methyl|benefit_energy|benefit_cognition,0,"So, I am a person who gets Long COVID.  I am a male 58 years of age and I have gotten three confirmed cases of Covid and I have suffered badly afterward all three times.  I have O+ blood.  I did take NMNH this last time but I don't know that it really did anything as I only took it for 30 days.  I can tell you all that I took A LOT of supplements this last time as I was suffering very badly with low energy, brain fog and depression.  I mainly concentrated on other vitamin B's like Methylated B12 and Methylfolate.  B1, Benfotatamine, Sulbutamine etc.  I contracted my last case of Covid in June of 2025 and I am only now feeling more like normal...  ...I say like normal.  I was having hearing issues like moderate hearing loss and tinnitus before Covid but the hearing loss has gotten much worse and I believe that Covid could be a reason for this.  Stay safe people, stay healthy...  ...wash your hands frequently, stay away from touching you face if you haven't washed your hands, etc.  Take all the precautions that you can.  For some people, Covid may not badly affect them...  ...for others like myself, it can cripple you or even kill."
0,4 months ago,just_take_niacin|nmn_vs_nr_nad,1,"If this is true, and both NR and NMN are both converted to nicotinic acid, why is there no flush when you take large amounts of these NAD+ precursors?"
0,4 months ago (edited),,0,They discovered an enxyme that reverses age.
0,3 months ago,authority_trust,0,David Sinclair needs to be imprisoned for his scamming. No wonder he acts do shifty when he's being interviewed. He knows what he is
0,4 months ago,dose,1,So what do I buy? And how much should I take?
0,4 months ago,,1,Can't you make a 1 or 2 minute video? .. Goddamn
0,4 months ago,,0,I know it because you are  not a researcher
0,4 months ago,nmn_vs_nr_nad|form_absorption|benefit_sleep,1,"Another question -  interested in your opinion about taking liposomal NAD+. obviously, the liposomal form is otherwise metabolized then NR and NMN?"
0,1 month ago,,0,So many of these comments sound like pro-pharma bots
0,1 month ago,nmn_vs_nr_nad,0,Brad: Don't fall for the NMN/NR marketing trap! Brad: Buy my multivitamin instead 😂
0,4 months ago,just_take_niacin|nmn_vs_nr_nad|evidence_studies,0,This is still very speculative. We need to study which uses nicotinic acid directly to raise the levels to the same levels as nmn and NR. Anything short of that is speculation.
0,4 months ago,,0,"David Siclair is a failure, I do not trust him a bit."
0,3 weeks ago (edited),just_take_niacin|nmn_vs_nr_nad,1,"It also seems there's inconsistency in this video presented. At first it shows NR & MNM are first converted to Nicotinic Acid but later it shows NR & MNM are converted to Nicotinamide, so which is which MNM & NR get converted to?"
0,4 months ago,just_take_niacin|dose|benefit_skin_hair,0,I can't take 500mg of niacin without my skin catching on fire.
0,4 months ago,,0,as always totally wrong
0,4 months ago,nmn_vs_nr_nad|authority_trust,1,"People, it’s all a grift.  NMN, NR and PLOT TWIST: Dr. Brad Stanfield’s microvitamins too… look below at link with consumer labs multivitamin rankings… SPOILER:  microvitamins isn’t ranked!  It FAILED out of the gate! Don’t buy any of it!  It’s all grifters calling our grifters to sell their own grift - even Brad Stanfield. https://youtu.be/WbTiF_o_bnM?si=NZLnh-cNgUr6f13D Timestamp: 3:30. EAT REAL FOOD and walk a lot!  There’s nothing more effective."
0,3 months ago,,0,A 10 minute add for his shitty vitamins...
0,4 months ago,purity_counterfeit,0,I know you're too embarrassed to respond to recent criticism of your microvitamin product - but hopefully you are AT LEAST reviewing the purity issues (as cited by a third party lab) - such that the next followup review will not find the same inaccuracies..... the videos can wait - fix your product first!!
0,4 months ago,just_take_niacin,1,So taking b3 is also useless after all?
0,4 months ago,authority_trust,0,David Sinclair is a scammer
0,3 months ago,evidence_studies|age_gate|benefit_cognition,1,"Not translating into functional benefits? That's merely because they weren't looking in the right places. Case-in-point; As for the 2025 meta analysis (with a clearly flawed design), how did you arrive at the conclusion that individuals who are merely over the age of 60 are the ""ones who should benefit the most""? NAD+ doesn't necessarily decline just because you're over 60. As such, the authors were evaluating the wrong subset of individuals. Why didn't they design the study around primary NAD+ depleting pathologies, such as Alzheimer’s disease or T2DM? In the AD brain, chronic inflammatory transcription factors and DNA damage leads to an increase in PARPs, CD38, SARM1, ect, which further exacerbates the depletion of NAD+ in the brain. As Covarrublias et al. 2021 concluded, when PARPs, CD38, SARM1 were inhibited, NAD+ levels in AD were significantly increased, and AD brain dysfunction and cognitive impairment improved."
0,3 months ago (edited),purity_counterfeit|price_value,0,So would you please review your opinion on Resveratrol as I dumped a $30 bottle after I watched your video claiming it's basically fake and ineffective. Thanks
0,2 months ago,,0,"Your intro is click bait and purposely misleading , Im very disappointed"
0,4 months ago,nmn_vs_nr_nad,1,But don’t NR and NMN serve as a powerful prebiotic for your microbiome?
0,4 months ago,dose|safety_side_fx,0,"And be aware that taking nicotine’s acid at higher dosages can contribute to many disease states from cardiovascular to liver damage and diabetes. Dig deep on research before taking any supplements suggested by anyone on the internet, whether they be health influencers or even MD’s. They do not have to contend with your lifelong injury/damage you sustain when abiding by their recommendations."
0,3 months ago,,0,saysb the vax promoting fool
0,4 months ago,just_take_niacin|nmn_vs_nr_nad|dose|timing_protocol|safety_side_fx|benefit_joints,0,"Take 1000 mg of NA (niacin) and see what happens. You will almost certainly nearly ""explode"" with the very unpleasant flushing. Take 1,000 mg of NR, and you will experience no side effects.  Taking 1000 mg of NR raises NAD levels in the blood by an average of 140%. Taking 300 mg of NR raises NAD by about 50%.  Either of those doses will cause the flushing of NA (Niacin).  Try them yourself.  I cannot post inks here.  I have taken NR for 8 years at 300 mg and for several years now, at 1000 mg.  For that time frame, I have not had a cold or the flu.  My elbows have become smooth, and I no longer feel stiffness in my muscles in the morning."
0,4 months ago,evidence_studies,0,"There’s a neurologist that studies, Alzheimer’s, and I’m pretty sure some of you guys will know who he is. He has his own nmn and shroom supplements, He claims there are studies that show NMN reducing blood sugar and helping menopause reducing weight gain, and all these other claims. I have yet to see the studies"
0,4 months ago,evidence_studies,1,"You and all other are reporting pathology as biology every f-ing day. No No No. It is not age related decline, it is deficiency related decline. Seriously,  how stupid can an entire world be? What is the baseline? Baseline is sick people! Every single person they include in any study is significantly deficient in a range of system level molecules. Yes pathology of diseased people is the result of the study presented as biology of healthy people."
0,4 months ago,,1,Why not invite Dr. Brenner to discuss the matter?
0,3 weeks ago,just_take_niacin|nmn_vs_nr_nad|evidence_studies|fda_ban,1,"Your wrong, b3 doesn't enter the tissues in studies at same rate as NR, do more reaeach. Also b3 is hard to take high does due to severe flushing. It seems your always trying debunk supplements and leave out the full story. You seem biased, are you an MD who always tries to discuss discredit supplements and promote drugs? Or is this channel a front for big pharma?"
0,4 months ago,authority_trust,0,Sinclair is a snake oil salesman
0,2 months ago (edited),just_take_niacin|storage_heat|placebo,1,wait sorry im dumb so does it turn into the acid or nicotinamide... or both? cause if it turns into nicotinamide thats actually funny cause i was worried about  nmn just being a 50$ vitamin b3 pill but if it just does that anyway no wonder it still works? cause the bottle i bought where past expiration....  (i got refunded) but anyway  when nmn expires or degrades as far as i can tell through what little research i did it just turns into vitamin B3 nicotinamide i probably shouldnt take anymore.. but i can also still feel the  effects cause i tried one anyway weather its placebo or not idk.. but its g02 max from coach greg  im not sure if its the massive B12 because as he was talking about it when people were becoming crazy for it lol  saying NMN requires b12 to work. so theirs like 10000% b 12 in their but it messes with your heart.... idk how or why but as a fat man  who hasnt takin it in a year  my heart rate was spiking as ive been gaining weight again but after that pill. i mean my heart rate slowed endurance went up even with the expired pill? i know placebo is a powerful effect but idk... lol  i didnt believe it the first time i took it either but... i still rememeber i went from walking 2 miles when i was losing weight too 3-4 after taking it the endurance effects were real from something in that pill
0,3 weeks ago,,0,The fact that you manufacture a way to mention Micro Vitamin in every video is just SO distasteful.
0,4 months ago,authority_trust,0,Anything from Sinclair should be disregarded. We should stop giving him attention.
0,4 months ago,price_value,0,No one wants to see cheap AI slop inserts.  Stick to you and the science
0,4 months ago,,0,ai footage..automatic dislike!
0,4 months ago,,0,"I KNEW YOU WERE WRONG THE MOMENT YOU SAID IT! . . . . . . I WILL STILL TAKE BOTH, NMN AS WELL AS, TRIGONELLINE. . . . ."
0,4 months ago,,1,First?
0,13 days ago,authority_trust,0,Sinclair is an obvious snake oil salesman.
0,4 months ago,,0,Why does he sounds like he swallowed two goose and it is trying to speak through that
0,4 months ago,,0,"Anybod dont let you be decived by this bullshit, nmn is a miracle substance. This is so dumb i cant beliefe it."
0,4 months ago,benefit_recovery,1,"I’m totally sick of hearing that this war is being run by Donald Trump. That’s clearly not true. At this stage the independent media is looking as lame as the Democrats and the mainstream media. All we’re getting is “Oh dear, isn’t he awful ?” TRUMP IS NOT DOING THIS. He is an infantile buffoon FOR A REASON. He IS the distraction. For God’s sake, enough of the hand-wringing and righteous angry judgements ! Find and expose WHO IS ACTUALLY RUNNING THIS SHOW. This YouTube  is just cathartic drama for dopamine, and career building."
0,4 months ago,price_value|authority_trust,0,"Sinclair is a scam artist. He is trying to do the same thing with NMN and MetroBiotech as he did with Resveratrol and Sirtris (and GSK). Sirtris was founded in 2004, sold in 2008 to GSK for $720m and was shelved.  Some biological pathway work, grabs up patents around it, gets a handful of preclinical candidates… sell sell sell the company based on your Harvard and research background. He doesn’t care if he knows the biological mechanism is not quite worked out.  That’s his whole thing.   Get people to trust his expertise and buying his company based upon his academic background."
0,1 year ago,,0,""" THIS WOULD BE A CRIMINAL ACT !!!!!!!!!!!!!!!!"
0,2 years ago,fda_ban,0,This is why we need to expand the longevity movement until the FDA complies.
0,3 years ago,benefit_energy,0,M&M has given me a lot of energy aswell.
0,3 years ago,fda_ban,0,Did with GHB and NAC and TA-1; it is the MO of the FDA
0,3 years ago,fda_ban,0,It's most as ridiculous as the fda banning vitamin c or zinc
0,3 years ago,,0,I wish people would learn how to gatekeep😒
0,3 years ago,fda_ban,1,Why thank David?  He is on the Board of the company leading the charge that made the FDA ban it.
0,3 years ago,form_absorption|fda_ban,0,"I suggest stockpiling coconuts, just in case someone wants to sell coconut powder as a drug and therefore the FDA bans coconuts."
0,3 years ago,fda_ban,1,Supposed to be banned? That can be found on all internet
0,1 year ago,fda_ban,0,banned ultimate orange because the efferdrene was very effective 😊
0,2 years ago,authority_trust,0,I suppose Dr David Sinclair decided he could make some money from this venture and restrict the sale to pharmaceutical companies and thereby limiting access to NMN to the general public.  Now I know where his heart is.
0,3 years ago,fda_ban,0,FDA should not have the power to ban anything. These body's should only advise and research.
0,1 year ago,,0,If they ban it definitely take it.
0,1 year ago,,0,I was wondering what happened because I have a whole bottle of it so it’s safe to take
0,3 years ago,,0,Glad it’s not band in japan
0,1 year ago,fda_ban|age_gate,0,NS video. This video is 2 years old and it's not banned.
0,2 years ago,,0,Ban Sugar And Seed Oils Not NMN
0,1 year ago,,0,Sounds like something I need.
0,3 years ago,fda_ban,0,FDA is representative of big business not the people
0,3 years ago,,0,"Find it naturally in foods,nature is always better."
0,2 years ago,benefit_energy,0,I’m buying NMN easily online. My doctor recommended it to me and it worked immediately to restore my energy. After only one week I’m wondering how many more benefits I can look forward to.
0,3 years ago,authority_trust,0,I wonder about Dr Sinclaire.
0,2 years ago,,0,I can't get any more
0,3 years ago,,1,"If NAC is being recommended and don’t want you to know, guess who is the right one?"
0,2 years ago,fda_ban,1,"What's Worse The NIH, FDA, CIA, FBI, WHO, ?"
0,3 years ago,fda_ban,0,They banned GH3....the FDA needs to be replaced asap
0,1 month ago,,0,An organization that wants to keep you sick wants to ban this. Keep that in mind.
0,3 years ago,,0,Excellent!
0,3 years ago,,0,All that means is you can’t sell it as a supplement or health product. It is still legal to buy n use
0,1 year ago,just_take_niacin,0,"So just take B3 and NAD+ while eating a salad made of avocado, cucumber, broccoli, and cabbage."
0,1 year ago,,0,Must keep it.  It is fantastic
0,2 years ago,,0,They want MONEY for drugs and not as supplements for all.
0,2 years ago,,0,Def buying me this now!!!
0,3 years ago,fda_ban,0,FDA sees the profit potential! It’s all about the money!
0,3 years ago,tmg_methyl,1,Can you tell me more about Methylene Blue?
0,2 years ago,,0,Pharmaceutical companies trying to keep people from helping themselves. Thanks government for all your help.
0,2 years ago,price_value,0,$1.99 Thanks!
0,3 years ago,,0,"They did this with red yeast, and eventually lost. DSHEA should protect this if it is found in food products."
0,3 years ago,,0,I’ve been taking NMN for a couple of weeks. Hopefully they don’t go through with the ban. But we all know the all mighty dollar will be the deciding factor. There’s petitions you can sign and send to your state’s representatives. All you need to do is put some info on there. It’s already filled out with a statement. People care but rarely care enough to take 5 minutes to send something to their states rep.
0,3 years ago,,0,LIKE 👍 👌 💛 THANKS
0,3 years ago,,0,its because of good ol fashioned corruption
0,1 year ago,nmn_vs_nr_nad,1,What about NMNH?
0,3 years ago,,1,Anyone know the shelf life of NMN pills?  I’m thinking about stocking up.
0,1 year ago,,1,You all realise this is just a marketing ploy to make you buy it? Nobody is talking about banning it
0,1 year ago,just_take_niacin,0,How can you ban vitamin B3
0,3 years ago,fda_ban,0,"It's great, that's why is banned."
0,2 years ago,dose,1,Dr. How to take prebiotic and nmn? And dosage?
0,3 years ago,,0,Thank you for the upload (Liked/shared/subscribed) it will help me in further research on this subject.
0,3 years ago,,1,"Still don't know what it is, other than that its contained in natural foods like avocados! ...?"
0,3 years ago,,0,Good info Dr Yang!
0,1 year ago,,0,😊😊
0,3 years ago,,0,Its a terror  from fdi of  taken the cheep produkts from us noemal pepol
0,3 years ago,,0,Marketing
0,3 years ago,just_take_niacin,0,Nicotinamide Mononucleotid
0,3 years ago,,1,Where can you buy a trusted brand? Thamks
0,3 years ago,,0,I've been eating M&M's for years now.
0,3 years ago,,0,That’s why it is best to grow and raised your own food. You cannot trust all these commercial food growers. Their interest is always to profit from people.
0,2 years ago,,0,❤❤❤❤❤❤❤❤
0,3 years ago,fda_ban|authority_trust,0,"If this is how fda works, banning good things but not bad things for our health then for me, it would be better to abolish it or change it to SDA (Sinclair David Administration)."
0,3 years ago,just_take_niacin,1,What's the difference between NMN and plain ole B3?
0,1 year ago,no_effect|benefit_energy,1,"I’ve been taken this for months and I have only continued because I paid for the 3 months worth but I feel nothing at all? I already ate healthy and slept well but did find my energy levels during the day and these haven’t any improvements at all, it may work for some but I will not be buying again"
0,3 years ago,fda_ban,0,I buy it in Asia where it's not banned
0,3 years ago,,0,Tu much people use it just we don't get what banded it
0,3 years ago,,0,"But they approve birth control, mifepristone, etc for over the counter…"
0,2 years ago,,1,Where can you buy legitimate NMN supplements?
0,3 years ago,fda_ban,1,"FDA ban is a sure sign that you’re on to something worthwhile. Where do you buy this NMN, Buddy?"
0,3 years ago,,0,"I can get Crack out of a vending machine in newyork, But I can not get NMN to extend my life."
0,3 years ago,just_take_niacin,1,may i know what type of B3? nicin or the other one?
0,3 years ago,,0,"Because people's Palms are sweaty, mums spaghetti, on my sweater already"
0,3 years ago,,0,56 and play basketball a lot. NMN does the job.
0,3 years ago,,1,Why do they want natural stuff been patented?
0,2 years ago,dose,0,Would like to try ! Can mệt me know how much to buy a bottle
0,2 years ago,,0,Who provide in Nepal hetauda
0,1 year ago,,0,Engeman
0,3 years ago,,0,Where and how can I buy good quality NMN online. I am in Canada.
0,1 year ago,,0,Praiz
0,3 years ago,just_take_niacin,1,Can’t we just use vitamin B3 instead??
0,2 years ago,fda_ban,1,I'm looking for an alternative to NMN after hearing it was banned by the FDA. I don't want to break the law... what should I take instead for NAD?
0,3 years ago,just_take_niacin|price_value,1,Isn't this B3 precursir named NADH but fir much better price  ?!?.. 🤣🤩😁😉☺😏🤭
0,2 years ago,cancer_risk,1,If you have cancer does NMN help it grow?
0,3 years ago,fda_ban,0,Not banned!
0,3 years ago,fda_ban,0,You have only to look at the new food pyramid to see where the heart and mind of the FDA is Lucky charms is healthier than meat
0,3 years ago,,0,Mmm is very harmful . I grew red mold on my body after a few days on the diet. Threw out the whole supplement and things went back to normal
0,3 years ago,,1,Which supplement is next?
0,3 years ago,fda_ban,0,I hate the crony capitalism in the FDA. It’s quite alarming
0,2 years ago,,0,"No, not dangerous. Profitable."
0,3 years ago,,0,Corporate Capture
0,3 years ago,just_take_niacin,1,is NMN the same as vitamin B3?
0,1 month ago,fda_ban,0,"They do not like the public to have the power to treat are self. And the don’t want to us to live longer , the big pharmaceutical company detest the public the privilege of being healthy, they will be at a loss and gain on profit from healthy people ,"
0,3 years ago,,0,Where can one buy your NMN. I went to the link supplied but there was nothing to indicate a buying platform.
0,3 years ago,,0,I tried it and it was nothing at lease for me
0,3 years ago,,0,What is it
0,3 years ago,,0,But I can buy cigarettes and alcohol with no questions
0,1 year ago,price_value,0,its totally unsafe to take....give the monopoly of it to friends...ok now its perfectly safe enjoy the price x40 =D
0,3 years ago,,0,What is NMN
0,1 year ago,,1,"Without defining what NMN is first and foremost, what’s the point of the rest of the explanations? NMN - non meaningful news."
0,3 years ago,,0,What foods is this found in
0,3 years ago,,1,What scientists?
0,3 years ago,,0,In
0,1 year ago,evidence_studies,0,It’s been tested on mice 12 studies on humans show it doesn’t produce the results it claims
0,3 years ago,,0,"To be fair, his last album was crap, i say the FFA definitely should ban slim shady."
0,3 years ago,fda_ban,1,It’s still being sold? Not banned?
0,3 years ago,,0,Sounds like a supplement or a peptide at most to me.. not sure where this “drug” crap is coming from
0,3 years ago,,1,Where can I buy NMN?
0,1 year ago,,0,The drug companies are probably all in war right now and that’s why this evil have the excuses to “inverstigate”.. PURE EVILNESS!
0,3 years ago,,1,MNM ?
0,3 years ago,benefit_cognition,1,Yea they mandate what could amount to poison for your body but yea this they need to keep away from citizens huh ? Yea cuz it could help them to focus
0,3 years ago,fda_ban,0,"You Dr.....are not a serious person .You said in title that FDA banned NMN , but actually you said at the final that does not banned."
0,3 years ago,,0,Eng n engm
0,3 years ago,,0,"The pronunciation of Mitochondria is My-to-chon-dria  (Long 'i' sound next to the ""m"")"
0,2 years ago,,0,Eat lots of avocados and juice baggage.
0,3 years ago,,0,sale as a natural supplement .. there you got it . has noh chemical make up.thus cant be patented and thus regulated.. sooo this is there way :)
0,3 years ago,,1,FULL FORM OF NMN?
0,3 years ago,,1,so its not for sale in america????????????????????????great
0,2 years ago,,1,Why can't he even pronounce nmn properly ?
0,3 years ago,fda_ban,0,Has it been banned yet
0,1 year ago,fda_ban,0,GET RIDGE OF THE FDA A BAD LOT
0,3 years ago,fda_ban,1,still trust FDA?
0,2 years ago,fda_ban,0,The FDA needs to ban the FDA
0,3 years ago,authority_trust,0,"Sinclair doesn’t look young, unless he’s in his late 60’s."
0,3 years ago,,0,"Go2 max, it works!"
0,1 year ago,no_effect|benefit_energy,1,"I’ve been taken this for months and I have only continued because I paid for the 3 months worth but I feel nothing at all? I already ate healthy and slept well but did find my energy levels during the day and these haven’t any improvements at all, it may work for some but I will not be buying again"
0,3 years ago,,0,Nothing new
0,1 month ago,fda_ban,0,The banning of NMN is funded by BIG PHARMA since it  will improve health and decrease sales of deadly prescription drugs.
0,2 years ago,fda_ban,1,Is it still banned?
0,3 years ago,,1,You created. your own brand?  Hmmmm
0,2 years ago,,0,Clickbait title...smh
0,3 years ago,,1,"I had a father and a mother.  I don't need any more, thank you anyway. Especially one so determined on developing (and using?) bioweapons and preventing public use of potential therapeutics."
0,2 years ago (edited),authority_trust,0,David Sinclair is greedy
0,3 years ago,fda_ban,0,Soon FDA are gonna ban bananas as performance enhancing drug! 😂
0,3 years ago,,0,Sounds like  large amounts of cash could be made by a corp that donates to scum in givernmentso. Once again the eff's game tge sysrem.
0,1 year ago,fda_ban,0,I can’t believe they are people in the comments from US that still belive FDA is actually working for the common good 😂😂
0,3 years ago,fda_ban,0,The FDA is pretty much the worst institution in the World. I'd rather trust a Druid.
0,3 years ago,,0,so the evil scientist trope was real..
0,3 years ago,fda_ban|authority_trust,1,"So David Sinclair is responsible for TRYING to make this a drug and have it banned? If so, I will BAN David Sinclair!!!"
0,3 years ago,nmn_vs_nr_nad,0,Just take NR lmao
0,3 years ago,authority_trust,1,scams?
0,3 years ago,fda_ban,0,FDA is just an American thingy
0,3 years ago,,0,They should also ban creatine and glycine
0,3 years ago,,0,it is no longer sold on Amazon
0,2 years ago,,0,...hijknmnop...😂
0,1 year ago,fda_ban,0,Old news. Judge decision to eliminate FDA ruling. This is out of date.  This video should be deleted. It is not accurate.
0,3 years ago,authority_trust,0,I blame Sinclair ... money rules us
0,3 years ago (edited),fda_ban,0,So this gives us another way of looking at supplements that are not banned... these do not work or are of little effectiveness 😮😢 Remembering that the food industry can improve the quality of the products spoken of here.... Unless the pharmaceutical industry tells them not to do it 🤔🤔
0,3 years ago,,0,廢文
0,3 years ago,just_take_niacin,0,"well, if vitamin B3 can convert into NMN and vitamin B3 is for sale without problem so is better to buy vitamin B3 and problem solved"
0,3 years ago,,0,If it increases insulin maybe not so good for diabetes !
0,2 years ago,,0,CCP doctor.
0,3 years ago,,1,Another whohan advocat ???
0,3 years ago,nmn_vs_nr_nad,0,"NR (Nicotinamide riboside, niagen) is better anyway, because NMN supplements have to convert to NR before entering a cell.  The mysterious transporter has been debunked for NMN entry into cells directly."
0,3 years ago,fda_ban,0,"If the FDA says its bad, then that means its great!"
0,3 years ago,form_absorption,1,"I get mine in powder form from China. Do you think there is a possibility that this foreign made nmn might not be the same quality, or substandard ?"
0,2 years ago,fda_ban,0,"It sounds like the FDA should ban this horrible, life threatening supplement as soon as possible. God bless America."
0,1 year ago,dose|form_absorption|fda_ban|age_gate|benefit_cognition,0,"Do not take this! I am a 40 years old male and in perfectly good health. I bought this after going over multiple reviews and online videos such as this, of the positive impact it has. Upon consuming just 1 capsule (175mg) a day for a week, I started having mild brain fog and lightheadedness. I thought it might be work-related stress. After taking this for a month, my brain fog only got worse. I have stopped consuming it for two weeks and I am already feeling better. It looks like there is a massive campaign to sell this to you. I wish I had come across more honest reviews. This drug is not FDA approved and it is dangerous. It should not be allowed in the market and content such as this should be questioned."
0,3 years ago,,0,Sorry! His accent is annoying!
0,3 months ago,,0,"You haven't really changed your mind, you've just found another reason to support your original 'mind'."
0,3 months ago,,0,Science is sometimes behind results. I'm taken it and feel it's been a positive change in my life so I will continue to take it
0,5 months ago,,0,Always knew it was too good to be true in humans
0,3 months ago,tmg_methyl|evidence_studies|authority_trust,0,This is so well explained - I've been researching NAD+ and NMN for months and this finally clicked for me! The way you broke down the reproducibility problem and what the human trials actually show vs. the hype was exactly what I needed. Adding TMG to the protocol makes so much sense now. Thank you Dr. Stanfield!
0,3 weeks ago,nmn_vs_nr_nad|dose|timing_protocol|tmg_methyl|benefit_energy|benefit_cognition,0,"I’ve tried it all. NR, MMN, NAD IV’s, injecting NAD+ subQ…what works well: 900 mg of NMN in the morning with 500 mg TMG in addition to 25-30 mg NAD+ injections subQ twice per week. Been on this protocol for 4 months…holy crap do I feel good. Tons of clean energy and mental clarity, memory recall, and processing speed through the roof. A game changer."
0,4 months ago,evidence_studies,1,"I believe the first study mentioned, indicated an activation of the gene linked to fasting and THEN increased utilization of NAD. Has that been studied in humans?"
0,4 months ago,no_effect,0,I tried NMN for a year. Didn't notice any effect and dropped it again.
0,4 months ago,,0,"i'm glad I saw this video. I was considering buying some of these subliment, but my guts told me it was too good to be true"
0,5 months ago,,0,After covid I don't really trust doctor recommendations anymore. But I've looked into NMN. It's legit.
0,6 months ago,nmn_vs_nr_nad|evidence_studies,0,"What we do know is that NR & NMN do increase NAD. What still isn't clear is exactly the benefit of increased NAD. What may need reconsidering is which functional outcomes to measure, perhaps it isn't about lifespan extension but healthspan increase: lowered inflammation vs longer telomeres, better insulin sensitivity vs fasting simulation, there are studies that appear to support this."
0,7 months ago,,0,"Moral of the story, exercise helps with your longevity 😊"
0,3 months ago,,0,"Very interesting angle.  Like so many supplements, there can bea huge amount of hype."
0,7 months ago,,0,"Whenever I want to know what NOT TO DO, I come here! His ""science"" is always changing. I prefer my good, eternal and reasonable principles then this."
0,6 months ago,nmn_vs_nr_nad|evidence_studies,1,Will you be doing a new study on the brand new data on NR and Alzheimer's?
0,5 months ago,just_take_niacin|nmn_vs_nr_nad,0,"Nicotinamide mononucleotide (NMN) features a phosphate group attached to a ribose sugar and a nicotinamide base, acting as a direct precursor to NAD+. This added phosphate makes NMN a larger molecule that often requires conversion to nicotinamide riboside (NR) by the enzyme CD73 to enter cells, a key difference from NR."
0,6 months ago,evidence_studies,1,What do these studies say about the efficacy of injection NAD+?
0,4 months ago,,0,Thanks Brad and that was the most sophisticated way I have ever seen anyone plug their vitamins.  Well done.
0,6 months ago,authority_trust,0,I heard similar years ago from someone named something like Dave Sinclair
0,7 months ago,nmn_vs_nr_nad|benefit_energy|benefit_sleep,0,"NMN/NR supplementation is experimental, like many cutting‑edge longevity strategies. It may help maintain energy metabolism and cellular resilience, but it’s not a guaranteed longevity miracle. Many experts say lifestyle factors — exercise, sleep, diet, fasting, blood sugar control — are far more reliably supported by evidence than any single supplement."
0,6 months ago,nmn_vs_nr_nad|dose|evidence_studies,1,I enjoy your content and especially the fact that you reference everything with studies - thank you! I always feel that I can trust your opinion. I have a question about comparing the 2016 NR mouse study with the ITP NR study: could the lack of benefit seen in the ITP be due to the much lower dose used? The 2016 study used 400mg/kg and the ITP used 1000ppm in the chow. That would be at the most about 200mg/kg. I don’t see anyone else pointing this out so please tell me if I’m wrong. Thank you again and also for your recent video about mental health. Wishing you and your family the best!
0,7 months ago,nmn_vs_nr_nad|placebo|evidence_studies,0,Almost everyone taking nmn long term is having much better health outcomes especially when coming from poor health and placebo is getting less effective due to conflicting information around these days. Sometimes its not about a deficiency as to why a supplement may work for you sometimes getting levels up a certain amount triggers other factors that come into play. I was on the fence about it until i tried it personally. I would want to see more studies in detail as to what happens to the body at certain levels and what higher nad+ or the nmn and nr themselves are likely triggering in the body and to what type of people its happening to.
0,7 months ago,benefit_energy,1,"So, may not affect longevity, but does it affect mitochondrial health and improve energy production?"
0,7 months ago,evidence_studies,0,"Many clinical trials are small and short — and often do not show strong, consistent improvements in things like muscle strength, body composition, or meaningful age‑related outcomes."
0,4 months ago,,0,Tell that to the people pinning NAD+.
0,7 months ago,,0,"Great video. In todays YouTube it’s nice to finally have a professional voice that tells the truth without hype, so people can be better informed. Nicely done"
0,5 months ago,,0,i Take everyday nad plus
0,7 months ago,,0,My NADs are a force for good.
0,7 months ago,nmn_vs_nr_nad|placebo,0,"After reading many comments, I need to say something. Remember that just because one effect is disproven, that doesn’t mean it doesn’t have other effects that are significant, and doesn’t mean NMN or NR are placebo."
0,7 months ago,placebo,0,"I felt great for years after starting NAD. Maybe it was placebo, maybe it wasn’t,"
0,5 months ago,,0,I love your show because it is so founded in actual science.
0,5 months ago,just_take_niacin|nmn_vs_nr_nad|cancer_risk|evidence_studies,0,"..Preclinical research across multiple cancer types now shows that the NAD+ salvage pathway, the same biological mechanism targeted by popular anti-aging supplements like nicotinamide mononucleotide (NMN) and nicotinamide riboside (NR), can directly fuel tumor growth. The findings create a sharp tension for the millions of consumers taking these supplements to slow aging: the very pathway they are boosting may, in certain contexts, accelerate cancer cell proliferation. While some studies also point to immune benefits from NAD+ supplementation, the emerging picture is far more complicated than supplement marketing suggests."
0,7 months ago,,0,"Thanks for the heads-up, doc.  Any research that cannot be reproduced should be discarded.  Too many frauds."
0,7 months ago,fda_ban,0,"I guess the FDA is glad they did not get to ban it from public access, or else it wouldve been a big waste of time for big pharma to patent."
0,4 months ago,,0,Cheers Brad.
0,7 months ago,tmg_methyl|benefit_energy,0,"woW! this video puts you right in the crucible. i have no dog in this race, but have taken nmn supplements for 5yrs and often wondered if i saw any benefits. i eventually started taking the cofactors such as TMG, glutathione, glycine...a whole bunch, like about 13. since nmn was easy to take, lately i would put off taking all all the others if busy, and after 3-4days i'd notice an energy loss. but that was for not taking some 13 other proven beneficial supplements. as one of those who could never pin down whether nmn was actually doing anything noticeable, especially after 4yrs in my late 60s, this video of yours gives me real pause. will keep tuning in to you and others on this issue."
0,7 months ago (edited),nmn_vs_nr_nad|tmg_methyl|benefit_energy,0,"There is a big difference in life extension, symptom alleviation, and quality of life . I have taken both betaine and NR. I have taken them separately as well as together. I have consistently felt an energy increase while taking NR alone and with betaine. So again life extension is the most touted benefit but it was always “achieving” this claim through increased energy production. In this regard it is viable and I don’t know about you but I would choose an energized life and death vs a lower energy life and death even if my life isn’t any longer. Feeling better is typically associated with higher energy levels and NAD+ precursors have consistently shown to increase NAD+ which should result in more ATP over the same time period."
0,5 months ago (edited),nmn_vs_nr_nad|tmg_methyl|price_value|no_effect,0,Damn I just ordered NR without TMG- so confusing. I tried NMN and felt no difference. It’s so expensive and I can’t justify ordering it when I see no results
0,7 months ago,just_take_niacin,1,"Shall I stop superdosing Niacin? I really enjoy the flush sensation, I do it every week"
0,7 months ago,price_value|safety_side_fx,0,Well good I stopped wasting time on that and switched to reducing weight and very short but extremely intensive exercise :) Way cheaper and actual benefits
0,7 months ago,dose,0,"Brad, thanks for your research. and your vitamins. I like the low dose. I feel safe taking 2 or 3 per day."
0,7 months ago (edited),just_take_niacin,1,B3 NAD. - Alpha and Gamma tocopherol  which one increases life? It is a mixture and source Mitochondria? Extending telomeres / Telomerase
0,6 months ago,,0,"NMN does it interact with the covid vaccine itself. NMN stories came out in 2015 or 2016, where they were researching it and it came up in the news as an antiaging type thing."
0,7 months ago,,0,I've tried many supplements only to find out for one reason or another they cause a bad reaction. So I'm very cautious about trying any new supplement. I keep it to just a small amount of supplements and try to eat a balanced diet and regular exercise.
0,7 months ago,,0,"I've avoided NAD supplements because I already have slightly higher than average hematocrit / hemoglobin levels and there is some evidence that NAD can rise those levels even higher, which can lead to issues."
0,7 months ago,dose,0,"Doc, please explain about creatine dosages, how many grams should we use 3,5,10,15 or even more on a regular basis, for years, what dosage is safe and optimal for long term use for brain and muscles"
0,7 months ago (edited),dose|form_absorption|benefit_cognition,1,How do we know we consumed the proper dose per scoop on your microvitamin powder? What if some ingredients are more concentrated in one area and the other isn’t so we won’t get the proper dose each time. Am I overthinking it? One of the reasons why I haven’t gotten into it yet and still focus on individual supplements rather than one that they have everything
0,7 months ago,,0,Thank you for this thoughtful posting…wishful thinking by unscrupulous scientists destroys trust .
0,7 months ago (edited),benefit_energy|benefit_recovery,0,"At times my work schedule can become insane. One time I had to do 7p-7a shifts for 3 straight weeks. As expected my energy levels fell quite a bit by the middle of the second week. For example I found myself unable to sprint during my normal 3x weekly workouts. I was also getting more sleepy towards the end of my shift. I had gotten an NMN supplement the last time I had done a 2 week stretch in case this kind of thing ever happened again. I took it for 10 days and found that I had normal energy, like I hadn't been working 2 weeks in a row. I finished my shift normally without feeling sleepy and was able to sprint again during my workouts. After the 3 week period was over I stopped the NMN cold turkey and was as tired as I would have expected after working 3 weeks straight. I had no urge to resume taking the supplement and have not since."
0,6 months ago (edited),nmn_vs_nr_nad|dose|form_absorption|price_value|benefit_cognition|benefit_joints,0,"NR or NMN I dont know... But I did NAD+ IV and yes, it worked for me more than a week about 100mg IV. My knee was in pain but I was able to hike next day after the IV..  Hike is not much like 2-3 hours, but I dont have pain and hike pretty good. Just hour  or 2 after the IV, my brain fog was gone...... Currently  I am on NR 500mg daily but I don't feel the same effect as IV,, oral admission usually only result 10%-30% bioavailability (depends on person). I have done a lot research but I only on NR about 3 weeks, I will try 3 more months to see If you want instant boost NAD+. IV is the way and 250mg probably good for week or two... you are looking $500+ per IV session"
0,6 months ago,,0,Thank you for the very informative and detailed video. I think you explained complex topics very well👍👍👍
0,7 months ago,evidence_studies,0,"There was at least one clinical study that showed NMN produced a small but statistically significant increase in the distance aging patients with intermittent claudication could walk without pain, Sorry, I no longer have the citation."
0,7 months ago,tmg_methyl,0,"I take nmn , hmb , carderine and tmg  most people cant tell how old i am"
0,7 months ago,tmg_methyl|no_effect|benefit_energy,0,Nad makes me so tired and taking it with tmg helps but I’ve stopped nad since I got no benefit. I still have been taking tmg and I guess will continue to take it
0,7 months ago,,0,Cheers
0,7 months ago,timing_protocol|benefit_sleep,1,"Is there anyone who had a similar experience to mine? Because when i tried NAD ,I could not sleep at all at night. I took it in the morning,because I suspected such a thing might happen (i get this even if i drink  a small coffee after one o clock in the afternoon). After three days,I stopped."
0,7 months ago,nmn_vs_nr_nad|no_effect|evidence_studies,1,"Inconclusive.....  And I suppose/predict that studies of people who take NMN/NR will exhibit the same phenomenon that likely explains health benefits from following ""recommended"" diets: Healthy User Bias.  These people are doing lots of thing to improve their health; its' difficult to figure out what is most important.  Add to that the combination of individual genetics and life history ( I'll have to read the articles ) but, is there no benefit for anyone?  Will I rely on average results? Or look at the range of results to find what might be helpful to me?"
0,7 months ago,evidence_studies,0,"At present, it is not possible to claim the existence of a single pathophysiological mechanism or a validated biomarker for the condition commonly defined as 'Long Covid,' as studies show highly variable symptoms, heterogeneous definitions, and an absence of standardized diagnostic tests (see, among others, the results of the systematic review by A. Natarajan et al., 2023; and the review by the European Centre for Disease Prevention and Control (ECDC), which indicates low certainty of evidence)."""
0,7 months ago,no_effect|benefit_sleep,0,I tried lipo nmn for about a year and felt nothing so I dropped it. The only thing I’ve found that actually makes me feel better is sleep and exercise
0,7 months ago,benefit_skin_hair,0,"I used Basis several years ago, everything worked better, my nails were growing like crazy and were like they were from steel. I still have epic nails due to NAD+ supplements. Not sure if I will live longer but sure as hell I am healthier and stronger."
0,7 months ago,tmg_methyl,0,"I've always been sus on the recommended TMG accompaniment with NMN. If one supplement needs another supplement to work, that's a bit of red flag. Methylation my foot 🙄"
0,4 months ago,,1,"So increased NAD+ does what, exactly?  Do we even need NAD+?"
0,7 months ago,timing_protocol|placebo,1,"""take supplement twice a day on empty stomach"" -> people spend more attention to keeping their belly empty for that, they lose weight, they become healthier. How is this scenario accounted for? Maybe we'd see improvements in both supplement and placebo group. I had this thought when I started brushing my teeth shortly after dinner, no more snacking cause I already brushed"
0,7 months ago (edited),,1,"But is the converse true? Also, what about the salvage pathway?  It limits NAD availability."
0,7 months ago,purity_counterfeit|authority_trust,1,Dr. Stanfield are your supplements third-party tested?
0,7 months ago,nmn_vs_nr_nad|dose,0,"I've taken the NAD supplement (Niagen, 300 mg, one time daily) from the Life Extension foundation for at least 2 years.  I've not noticed anything that might suggest a beneficial effect, nor have I had my NAD levels in my blood tested.  It's claimed  that NAD is a cell regenerator.  It may be beneficial in some other (non-tested) way in humans, but then again, it may be useless."
0,7 months ago,,1,"Can one instead stimulate mitophagy and replace these old mitochondria with new mitochondria which then should produce the original NAD to stimulate the Sir-2 gene, correct?"
0,7 months ago,cancer_risk|evidence_studies,0,"I forgot to save the link, but another study showed that taking NMN was horible for people with cancer or people who didn't know they had cancer. Apparently NMN feeds cancer, make it grow faster, etc."
0,7 months ago,form_absorption|benefit_energy,0,"NMN powder from Renue by Science definitely increases energy. In fact, I cannot take it because it revs me up too much even at small doses, I get jittery and anxious.  I am a healthy female. My body simply said NOPE to this supplement, guess it wasn't needed."
0,6 months ago,,0,"Есть отличные добавки анти эйдж, так и называется Геропротектор NMN. Принимаю сам уже давно. Рабочий препарат, стало заметно больше энергии."
0,7 months ago,nmn_vs_nr_nad|no_effect|evidence_studies|benefit_energy|benefit_sleep,0,"Well, this is a bit strange, a real doctor stating 'no benefits at all' to long covid patients in the study (Effects of Nicotinamide Riboside...), but a Grok summary citing ""meaningful improvements in Fatigue severity, Depressive symptoms, Sleep quality, Some aspects of executive function..."""
0,7 months ago,nmn_vs_nr_nad|evidence_studies,1,"The long-Covid cohort study you cite as putting the nail in the coffin re the usefulness of upregulating NAD+ via NMN and NR only tested NR, which failed, as you say, to produce a positive functional outcome. But I wonder if that would also be the case if NMN had been the precursor used in that study? My guess is that, yes, NMN would have produced the same outcome, because it did using it in previous studies. Your thoughts?"
0,7 months ago,,0,"Informative video. Thank you, doc.."
0,7 months ago,,0,You are the best!
0,7 months ago,evidence_studies|benefit_cognition,0,"Cognitive and Brain Health Studies A phase 2 trial in older adults with amnestic mild cognitive impairment (aMCI) showed increased hippocampal perfusion, but no measurable improvement in memory performance over 12 weeks. NeurologyLive A small pilot study in peripheral artery disease (PAD) patients reported improved endothelial function and cerebrovascular response, along with preliminary cognitive enhancements. PubMed Summary: There are biological signals around brain blood flow and vascular health, but clear cognitive benefits are not yet demonstrated."
0,7 months ago,,1,"Yup okay, but longevity aside, NMN converted into NAD+ help support the creation of new mitochondria, and feed APT, is it not?"
0,7 months ago,,0,The overwhelming lesson is…LIFESTYLE not supplements!
0,7 months ago,evidence_studies,1,The study in patients with long COVID was done in 58 patients. Don't you think this is too small of a sample size to see a potential benefit? Were they thinking the effect would be that large? These studies don't seem to be powered appropriately to make firm conclusions about whether they work or not.
0,7 months ago,,0,Vid thumbnail looks like a Dexter promo... I approve!! 👍🏼
0,3 months ago,just_take_niacin|nmn_vs_nr_nad|form_absorption|evidence_studies,0,"[PDF] Differential effects of B3 vitamers on ketogenesis in hepatocytes H Meeusen, A van Helvoort, JA Gorter, EA van Vliet… - … a patient-friendly ketogenic diet for … … Nicotinamide riboside is uniquely and orally bioavailable in mice and humans. Nat Commun 7 , 12948, doi: 10.1038/ncomms12948 (2016)… First quantification of nicotinamide riboside with B3 vitamers and coenzymes secreted in human milk by …"
0,7 months ago,,0,Enjoy your youth.  Aging and death come unbelievably quick.  It is unreal how fast we die.
0,7 months ago,,0,All the best for you
0,7 months ago,,0,Amazing video
0,6 months ago,placebo|benefit_recovery,0,"if NAD levels increased, how come  they didn't see any changes in the body. Maybe not in the short run but in the long run, there must be changes. not everything is a placebo"
0,7 months ago,nmn_vs_nr_nad|evidence_studies|benefit_joints,1,I thought there was a valid study showing NR improved gait speed in older adults? The lead researcher was recently hosted on Modern Healthspan
0,7 months ago,just_take_niacin,0,Niacin all the way 👍
0,7 months ago,nmn_vs_nr_nad|dose|form_absorption|tmg_methyl,0,"Due to 80-years-young yours truly’s love for life, humankind, and this gorgeous planet, to up his healthspan and lifespan he exercises moderately, has a highly healthy lifestyle, eats 95% certified organic food, and takes many supplements Monday to Friday, including these liposomals—Apigenin (50 mg), Berberine Bark Extract (500 mg), Ca-AKG (700 mg), CoQ10 (125 mg), Curcumin (126 mg), Fisetin (100 mg), Magnesium Glycinate (263 mg), NAD+ (500 mg), NMN (208 mg), NR (500 mg), Spermidine (50 mg), Trigonelline (250 mg), and TMG (72 mg). 💕☮🌎🌌"
0,7 months ago,,0,I got fired at the nmn factory for throwing away the Ws
0,7 months ago,nmn_vs_nr_nad|tmg_methyl|safety_side_fx|authority_trust,0,"I am probably going to jettison my NR supplements (TruNiagen), which I've been taking for 11 months. I'll review when/if something substantive changes in research. Plus it will save me ca. €130 for a regular 3-month subscription! I also recently ditched Berberine for its supposed blood sugar lowering effects. I'm taking TMG (as recommended by Siim Land) and Dr Stanfield suggests there is some basis for this. (Grok AI advised me that Nattokinase has little or no weighty benefits. If any followers have any substantive insights on this supplement, please share.)"
0,7 months ago,evidence_studies,0,I studied biochemistry for over a decade and have degrees in molecular biology and biochemistry. I never thought mice studies are very relevant to human physiology.
0,7 months ago,benefit_energy,1,So does this mean that NAD or precursors don't improve a person's energy levels?
0,7 months ago,,0,The only thing i know is that NAM deleted almost all of my aging spots.  ANTI AGING WOULD ONLY BE A PLUS
0,1 month ago,authority_trust,0,"Dr Stanfield please give a talk about ""vinposetine"" we'd like to hear what you have to say"
0,7 months ago (edited),,0,"Personally, and void of any advice, NAD seems to help me with bowel issues."
0,7 months ago,,0,DeLauer is shaking in his boots.
0,7 months ago (edited),,0,One of the greatest academic misconducts perpetuated by personal fame and gain has started to be exposed for this paper-churning lab.
0,4 months ago,,0,Why am I very sceptical about YouTube “doctors” when they are wearing scrubs 😂😂😂
0,4 months ago,benefit_skin_hair,1,but what about for skin and hair?
0,7 months ago,cancer_risk,1,"If ive had breast cancer in the past with a good prognosis, meaning it shouldn't come back, is it ok for me to take nmn?"
0,6 months ago,benefit_energy,0,Soo my question. Which is kinda retoric as i know the answer if there are therapeutics with NAD+IV or IM ot SC to do this exact specific increase vitality and energy why taking NMN which is a precursor won t do the exact same things as it increases NAD +levels which helps with vitality and energy
0,6 months ago,placebo,0,NMN makes a difference to my brain function when I take it - absolutely not placebo.
0,7 months ago,benefit_energy,0,You know....I really do apprrciaye your energy level and excitement on health issues.  But...there is NO single longevity secret compound.!!!  The body has 100's of thousand of compounds.  That if we lack these compounds...spins us off into lacking our full longevity potential. Even something as simple as Long-COVID symptoms....the medical community has no perception of the major components of basic Long-COVID biochemistry. Soo...no...NAD was never going to work for that. Jeffery...⚘️
0,7 months ago,,0,NMN is dangerous😮
0,7 months ago,evidence_studies,0,Why did the difference in mice running on treadmills show such a difference and davids student's mothers regain their periods after the usage or nmn
0,6 months ago (edited),,0,"Hey Brad, it seems that your description of the reproducibility crisis (a terrible name imo) is incorrect. The term refers specifically to an issue surrounding old papers in specific areas like social sciences. Its use as a pop science term these days is more problematic than helpful as it simply makes people think ""papers can't be trusted""."
0,7 months ago,just_take_niacin|nmn_vs_nr_nad,0,So much for the benefits of NR and NMN how about the risks... Niacin and NR and NMN all raise 2PY and 4PY due to the overflow pathway and there is a correlation with these metabolites in the bloodstream and coronary artery disease. This is probably the reason why niacin therapy for LDL lowering does not give any net benefit... On one hand LDL is lowered and on the other hand CV risk is increased by 2PY and 4PY production. See Hazen et al for the details.
0,7 months ago,no_effect|evidence_studies,0,"I think it is a stretch to think that the ""long covid""  study shows anything about NMN other than it has no effect on ""long covid""."
0,7 months ago,,0,"""It's extremely unlikely that any other""....some controlled experiments may be needed, just a thought"
0,7 months ago,,0,Thank you for bringing this to light
0,5 months ago,cancer_risk,0,Nmn as a potential to feed cancer cells. I think I can do without it!
0,7 months ago,,1,"Data is terrible for lifespan, but what about healthspan?"
0,7 months ago,evidence_studies,0,Reproducibility studies are not 'glamourised' and require more of the researcher in terms of skill and ability. They seem to be lacking in so many fields. Nice to see it being called out.
0,5 months ago,fda_ban,0,"Nah, NMN works well. Especially the longer one is on it. I'm pretty sure those in the FDA that wanted ban it is probably Israel related"
0,7 months ago,dose|price_value,1,What about NAC? Is this a waste of money? Im vegan and supplement NAC and 1 gram of glycine at bedtime (Glynac).
0,7 months ago (edited),just_take_niacin|safety_side_fx|age_gate,0,"I’m a smart person I think, but to this day I do not have the ability to grasp what NAD or NMN  are. I think it’s a mental block. Update: I went down the rabbit hole, and I get it now. : NMN can make NAD which may improve the body. Other things can make NAD, not just NMN. Niacin (Nicotinamide) can make NAD. (I took Niacin last year (Nuchido Time) and flushed into a full body rash & went to the ER). So, I’m not doing that again. Exercise creates NAD, so I’ve been doing that - and I’m kinda cute for 66 years old, so I’ll stay old school"
0,7 months ago,,1,What about NAC?
0,7 months ago,just_take_niacin|tmg_methyl|price_value|evidence_studies,1,"My take? tin foil option: Industry wants those cheap, so made that last study present disappointing results. Like MSG. To keep it cheap. They can't patent it. It is already used in food, better to make people disregard it. They make easy money, off something that helps people... but make it look bad to keep the competition out... Less tin foil option: NMN and the like work... But not alone. does TMG work just as well when the person is eatting a low B3 diet? There could be a whole bunch if such chemical Combos that help the Mitochondria."
0,7 months ago (edited),,0,Eating less to live longer simply means that your organs/body come with a pre-programmed amount of operations it can perform in its lifetime.
0,7 months ago,,1,Could age be a factor on its effectiveness?
0,7 months ago,placebo,1,So basically nmn is useless an might as well be a placebo? Is that what u are saying?
0,7 months ago,benefit_recovery,0,"Hmm. Recovery from ""long covid"" is not the same thing as anti-aging. It's like measuring the sound your bicycle makes when you want to know how fast you are going. Sure, there may be some correlation, but maybe your bike is just squeeky."
0,7 months ago,,1,"What? I’ve been taking NMN thinking I am doing my part in Longevity. NMN, Glycine, what is next ? So nothing works."
0,5 months ago,,0,No
0,7 months ago,,0,"The Stethoscope (as flamboyantly draped around your neck in your morbid, posey thumbnail) has now become more a ""symbol of doctoring"" rather than a (once ubiquitous) diagnostic auscultation tool. It still should be...but most doctors seem too busy staring at their computer screens to bother getting it out of the cupboard...or wherever they forgot it was."
0,6 months ago,,1,Since kids has high Nad+. Does it mean that kids has no long covid?
0,7 months ago,evidence_studies,1,Are you sure that it was long Covid and not post vac syndrome? Did they masured the Covid vacination status of the participicants of the study?
0,7 months ago,just_take_niacin|nmn_vs_nr_nad|tmg_methyl|price_value|placebo|safety_side_fx|evidence_studies,0,"NAD precursors are only going to help people low in NAD.  For the long covid study, they clearly did not test me because one of my issues with long covid was that I needed more NAD; I started feeling better once I started taking NAD precursors.  There are many causes of long covid and low NAD is only one of the possible causes.  For the naysayers, go ahead and say placebo and maybe people who do not need NAD precursors will stop buying them and the NR prices will come down.  NAD precursors such as NR, NMN, and niacin can deplete methyl groups and that is the reason why it can be important to take TMG along with NAD precursors.  People getting side effects should examine the possible reasons including methyl group depletion and taking a higher dosing than needed."
0,4 months ago (edited),just_take_niacin|nmn_vs_nr_nad|safety_side_fx,0,"NR and NMN are repeatedly shown to behave as precursors of nicotinamide and nicotinic acid following degradation in the gut.  Very obvious in both PK animal models and in humans.  NAM and NA are NAD+ precursors, and NMN and NR are sources of both; if they have an advantage, it is likely their ability to be converted to both NA and NAM.  NMN and NR are not privileged in any way, and in some cases, in particular with NMN, long-term use seems to create disturbances of tissue redistribution of existing vitamin stores, creating an overexcretion phenomenon producing quantities of free nicotinamide and NR getting lodged in the kidney, likely the origin of the renal failure in murine models of yore.  The promotional machine of Chromadex Tru Niagen, which has hilariously just been struck down in a monumental feat of litigiousness, for which the people at Chromadex are now famous, having lost every legal battle that they've entered, in each instance, losing proportionally larger chunks of the legal manifold, allowing them to operate in the dietary claims space.  NR has now had to retract it's use claims and has had to appeal most others, with the exception ""may increase NAD under certain circumstances.""  hahahahahahahahahaha https://www.supplysidesj.com/legal-compliance/nad-tells-niagen-to-modify-claims-on-tru-niagen"
0,7 months ago,,0,Dr googley eye
0,7 months ago,,1,how is this even anything becayse people are defiency in other part of the mekanism? thats why so many suplements dont work
0,3 months ago,,0,This back and forth is starting to piss me off. I'm going back to Flintstones chewables
0,7 months ago,,0,"Let go of the idea of a single longevity substance! There are hundreds of systems in the body whose function is important for aging, and even more substances that affect one or more of these systems. It is madness to think that a single substance will stop aging in all systems in the body."
0,7 months ago,,0,"So while the idea has promise, it’s not yet definitively proven to produce the same anti‑aging benefits seen in animals."
0,7 months ago,no_effect,0,"Took NMN for 3 months, didn't feel a thing"
0,7 months ago (edited),just_take_niacin|cancer_risk,0,"NAD is better than NMN, when it comes to your natural processing of it and flushing or reuptsking the ones u don’t need. Don’t take MNM, then u need another antioxidant to remove NMN is dangerous, can protect cancer cells. NAD is healthier because the body can control it. NMN is like throwing fuel directly on the motor, NAD is like filling up the gas tank and let the motor only use what it needs"
0,7 months ago,placebo,0,"Nmn and nad,.all placebo effecf..maybe, just maybe, people taking these have taken charge of their health, improved their lifestyle, dropped some weight and started regularely exercising."
0,6 months ago,,1,What’s long covid got to do with it?
0,7 months ago,,0,Higher NAD levels alone do not guarantee improved human health 🧠
0,7 months ago,,1,So wait... NAD does NOT decrease with aging? what the actual bs have i been told...
0,4 weeks ago,,1,"Soooo when I start taking these supplements, I start feeling better. What about that?"
0,4 months ago,fda_ban,0,This dude has got to be getting paid by the fda
0,7 months ago,,1,Why do all these guys have something to sell?
0,7 months ago,,0,"Hey Doc, just for your information. Long Covid is a problem from having a vaccination for something that never existed."
0,7 months ago,,0,Almost 2026 and still not a sellout. Please stay like this Dr. Brad. Thank you.
0,7 months ago,safety_side_fx|evidence_studies|benefit_energy|benefit_sleep,0,"I love your channel, and I'm not a supporter of NAD supplementation, but this last study of 58 patients is weak and at best (58 patients is a tiny number) only tells you about the effects on fatigue, sleep quality, anxiety, and depression in the context of having long COVID. Moreover, a 20-week treatment in humans, like this study, is equivalent to treating a mouse for 3.4 days!  I'm never a fan of such tiny treatment windows and evaluations on longevity.  I agree with your overall impression of NAD, but this long-COVID study is not the study to end on.   Best"
0,7 months ago,fda_ban,0,To be completely honest you seem to work for big pharmaceutical companies
0,7 months ago,,0,00:13 Bill Gates: This mofo spittin
0,7 months ago,evidence_studies,1,That reproducibility problem cant that be used on the study that didnt see an effect as well. I mean its just one study?
0,7 months ago,,0,🤔
0,7 months ago,tmg_methyl,0,IS TMG SAFE
0,7 months ago,nmn_vs_nr_nad,0,You just saved me hundreds of TruNiagen dollars a year. Thank you.
0,7 months ago,evidence_studies,1,"Don't the p-values indicate this study wasn't powered to tell us anything statistically significant?  P=0.84? I mean, that is useless if I'm remembering my statistics correctly."
0,7 months ago,nmn_vs_nr_nad,0,Clear lesson: NMN and NR don't help with long Covid.
0,7 months ago (edited),just_take_niacin|nmn_vs_nr_nad|tmg_methyl|safety_side_fx|evidence_studies,1,"This is a solid debunking of NAD-precursor hype, but I think it quietly overreaches in the opposite direction. It feels a bit like you're throwing out the baby with the bathwater here, and I'm worried that your audience will jump to the conclusion that ""NR didn’t extend lifespan, therefore NAD precursors don’t matter"" when the reality is more nuanced. NR/NMN failing to extend lifespan in ITP mice doesn’t falsify NAD’s role in aging... it shows that raising NAD alone, late in life, without removing other constraints, isn’t sufficient. Aging is a multi-bottleneck problem, not a single-lever one. NAD is still necessary for DNA repair, sirtuin signaling, mitochondrial function, etc. You simply can’t extend lifespan without it... but you also can’t extend lifespan with it alone. Negative results here mostly demonstrate compartmentalization, timing, and delivery issues (blood NAD ≠ tissue NAD ≠ functional repair), and downstream metabolic effects like increasing the pressure on the NAM clearance pathway and homocysteine levels if not addressed properly, not irrelevance. Same issue with the long-COVID argument: failure in an acute-chronic inflammatory pathology doesn’t generalize cleanly to baseline aging biology. In short: this video correctly dismantles simplistic supplement narratives, but the data currently supports “necessary but not sufficient by itself to extend human lifespan,” not “dead end.” Edit: I wanted to come back and point out it doesn't look like the increased load on the clearance pathway was taken into consideration with the interventions testing.. i could be wrong but i didn't see any mention of it when i did a quick review... Mechanistically, increasing NAD turnover without increasing capacity to clear nicotinamide (NAM) can create metabolic backpressure that inhibits sirtuins/PARPs and stresses methylation via NNMT, potentially impacting DNA repair, mitochondrial signaling, and homocysteine balance. I wonder whether some of the neutral or negative outcomes seen with NAD precursors could partly reflect unaddressed NAM clearance constraints rather than irrelevance of NAD itself.... perhaps this is the reason behind the reproducibility issue?"
0,7 months ago,tmg_methyl,0,"Man, stop asking everyone if they’re on TMG the second they report benefits. Give me a break!"
0,7 months ago,authority_trust,0,Why no one is holding David Sinclair accountable for lying to millions of people
0,7 months ago (edited),price_value|safety_side_fx|evidence_studies,0,"Studies on NMN are very mixed, and the general consensus when you look at the beta analysis from metabolic gurus is that results are inconclusive. The use of a video like this is for people to stop wasting their money and also to expose scientists in big business who want to sell companies for $700 million when there's no real evidence of what they're selling. I hope we stop having magical thinking about supplements and look at clinical evidence instead. Otherwise we're all just witch doctors choking down gel caps and hoping for the best. Thanks Dr B for your work and the video."
0,7 months ago,price_value|cancer_risk|evidence_studies,0,What I can tell about this type of thing is that basically studies will always show that a natural thing doesn’t work wether it’s this or taurine or whatever else they’re suddenly discover it feeds cancer it does nothing your head will explode. Research is just disguised gate keeping where they formulate studies in immensely corrupt and knowingly deceitful ways to support drugs and profit and attack the cheap solutions that keep saving lives. Every time I look into the study it’s immensely flawed it isn’t hugely misleading. They studied insanely tiny doses or did other things to negate the positive effects or they used small doses in extremely sick people or they didn’t use co factors or they used the worst version of said treatment agent. Every freaking time that’s been the case then they frame the study as saying said natural thing doesn’t work and YouTubers make videos casting doubt on that treatment as it gets more views to have a hot take and even if the title or thumbnail just frames it like that some may just see that and not watch the video and assume there’s full validity to it.
0,6 months ago,,0,🤙🤙
0,7 months ago,,0,So very glad I held out and didn't jump on this bandwagon! Great video! Great information!
0,7 days ago (edited),just_take_niacin|nmn_vs_nr_nad|tmg_methyl,0,Nicotinic acid is said to deplete methyl groups which TMG provides. It seems methyl group depletion drives histamine release which can cause issues. I guess that happens also with NMN and NR. I guess that's why you have to consume NAD precursors with TMG.
0,7 months ago,,1,Can’t test for long covid though? This is self reported illness no?
0,7 months ago,tmg_methyl,0,Heard about NAD precursors several years ago. Absolutely never heard of TMG.
0,7 months ago,just_take_niacin|evidence_studies|benefit_cognition|benefit_recovery,0,"Brand new research shows that supplementing NAD+ is not effective for Alzheimer's, but triggered upregulation is. Pharmacologic reversal of Alzheimer’s disease in mice reveals potential therapeutic nodes in human brain” by Kalyani Chaubey et al. Cell Reports Medicine ""In advanced disease amyloid-driven 5xFAD mice, treatment with P7C3-A20, which restores nicotinamide adenine dinucleotide (NAD+) homeostasis, reverses tau phosphorylation, blood-brain barrier deterioration, oxidative stress, DNA damage, and neuroinflammation and enhances hippocampal neurogenesis and synaptic plasticity, resulting in full cognitive recovery and reduction of plasma levels of the clinical AD biomarker p-tau217."" There would clearly be human volunteers lining up for this: AD is a death sentence."
0,7 months ago (edited),,0,The Bible teaches we all will live forever in new bodies designed to never die. Location is the crucial information. If you want to know where you will live forever read the Bible..
0,7 months ago,,0,You are dead wrong. Do more research on the NICE trial (PAD)
0,7 months ago,,1,Great update.  Thank you.  Do you think that NAD drips follow the same logic (ie lack results)?
0,4 months ago,evidence_studies|fda_ban,0,"You forgot to mention the real reason why initial studies rarely lead to usable products for the masses.  Big Pharma has yet to figure out a way to monetize it in a meaningful way, or that it would diminish their long-term plan of treating symptoms rather than providing cures."
0,7 months ago,,0,"3:33 except he is and was exposed long ago. He helped found Metro Biotech and holds patents connected with Elysium Health. Ive always gotten weird vibes from the guy and the more you dig, you more you learn."
0,5 months ago,,0,I'm skeptical about him. He is funded
0,7 months ago,safety_side_fx|benefit_skin_hair,1,"dr brad, why is your skin so bad lately? i hope you are doing the biohacking too and not eating trash food"
0,7 months ago,,0,"Y-Power is much, much more effective and balanced than these simplistic ideas."
0,7 months ago,fda_ban,1,So the fda trying to ban NMN was all just smoke and mirrors??
0,7 months ago,,0,"Very clear doctor, thank you very much"
0,7 months ago,,0,I've learned so much from your videos.
0,7 months ago,fda_ban,0,The FDA banned it as big pharma wanted to own it. Now they've reversed the ban and is legal as a supplement again.  Therefore i'm not sure i believe the ''science'' on this one.
0,7 months ago,,0,"I've been reading and reading, new breakthroughs and how we will like 20+ years longer. 20 years ago, they said we would have a pill in about 20 years. So I was hopeful I would be around to try it, but my time on earth is getting shorter and shorter."
0,7 months ago,authority_trust,0,"I took NMN for about a year. Felt better initially,  but that improvement didn't last. Blood tests showed no changes. My trust in David Sinclair waned. Were he ever to apply to be a snake oil salesman, I would write him a testimonial."
0,7 months ago,authority_trust,0,"I believe in Bryan Johnson and Sinclair, they are better equipped with research and resources, people believing in you will end up getting old and dumb. We all know that you are trying to sell your vitamins by showing you are credible and bash others - classic pattern"
0,7 months ago,,0,Sounds like one egg a week
0,5 months ago,,1,Bro why are you talking about long covid?
0,7 months ago,safety_side_fx,0,"I took NAD a few years ago and it helped me and my wife look and feel younger eventually I started getting headaches from taking the supplement, i tried again last year to take it but both of us were complaining of headaches from it"
0,6 months ago,,0,"In order to believe the results of this trial, you first have to believe that ""long covid"" exists."
0,7 months ago,benefit_recovery,0,you're not wrong but giving this stuff to chronically sick people is useless. same for anyone who doesn't exercise. there are almost no mitochondria to improve. those of us who exercise and run 15-50 mile weeks need this stuff.
0,7 months ago,,0,"Going back to your roots, should’ve worn the white robes again"
0,7 months ago,evidence_studies|benefit_recovery,0,"I don’t take NMN or NAD. I don’t tink the lack of improvements of the symptoms of long covid patients is a proof that they don’t work. The strain on the NAD system might be a consequence of the Covid infection and not related at all the way the body can restore its normal functions. To be clear: Covid dommage NAD systems, NAD is in no way associated with recovery of Covid symptoms. The study your mention show that the authors did not had recent Long Covid research when they designed it or did not do their literature review correctly.  It is still possible that long term supplementation will prolong their life, there is no proof that this effect is not present despite no improvements in their covid symptoms. But I agree that everyone should be cautious with supplements that can prolong your life, you will probably live longer if you wait a few years for the results and don’t take anything that it actually harmful. Their is a lot of products that are beneficial to others animals and toxic to humans and vice versa."
0,17 hours ago,,1,Is this one of the videos where you come back months later and say you were totally wrong?
0,6 months ago,,1,Thanks for this very insightful video as always. Did you know NMN is sold as lab chemical not as food supplement in EU? I made a video about this. https://youtu.be/HaE3RA1n57I?si=20RRhgcP3Frd3Tq-
0,7 months ago,,0,so long story short.exercise is still the longevity drug that is according to Dr. John Scharffenberg.
0,7 months ago (edited),nmn_vs_nr_nad,1,So NR and NMN supplements are worthless for humans?
0,7 months ago,nmn_vs_nr_nad|dose,0,"Most negative NR/NMN trials aren’t evidence of zero effect,they’re tests in the wrong conditions. Outcomes are most likely to look flat when doses are modest (often <300 mg/day), durations are short, and participants are already healthy, leaving little physiological deficit to correct. In contrast, the clearest positive signals tend to appear at higher doses (around 600–900 mg/day) and in people with metabolic or inflammatory stress (insulin resistance, elevated inflammation, impaired circulation). In those settings, the benefit shows up where aging hurts first, functional capacity and vascular/inflammatory health (example, walking endurance, arterial function, inflammation markers), rather than dramatic changes in muscle size."
0,7 months ago,,0,i listened to Eminem music and got no anti aging benefits. dont know what all the fuss is.
0,7 months ago,authority_trust,0,"David Sinclair has aged, that’s all you need to know."
0,7 months ago (edited),evidence_studies,1,"The Placibo effect is bullschito. It's only a temporary state of mind until the reality of what is being treated kicks back in and the person wakes up. Anecdotal evidence experienced long term is evidence something works. We have your opinion and sources, but other experts have their sources to support their opinions too. If you were really honest you would quote both views exhaustively and then let the people decide. Oh, and mice ain't humans. When will labs leave the damned mice alone? How about the researchers experiment on themselves. If they did that, no one would be dying from covid because the researchers would not have survived to poison us with their amyloidosis causing mRNA jabs. Take Nattokinase to dissolve the aggregate folding proteins that are killing you slowly right now."
0,6 months ago,tmg_methyl,0,"NMN + Resveratrol + Spermidine + TMG + MSM → this upgrades your DNA on another level. But the rule is simple: No alcohol. No sugar. No junk food. No cigarettes. Break this and you get no real benefits. For maximum known age-slowing today: - Ca-AKG - NAC - Omega-3 - CoQ10 - Taurine - Vitamin D3 + K2 - Astaxanthin Stress is a silent life-shortener. Control it with: Magnesium glycinate + Ashwagandha AND no sugar for breakfast — avoid glucose spikes and glycation, because glycation accelerates aging. This isn’t hype. This isn’t opinion. This is the path."
0,7 months ago,nmn_vs_nr_nad,0,When i first took NR after 15 minutes i felt amazing and as if a beam of light was coming out of my face I'll keep taking NR/ NMN
0,2 months ago,fda_ban,0,Obvios to me big pharma paying you
0,7 months ago,evidence_studies,0,"Interestingly, there are some human studies showing some effects in neurodegenerative diseases."
0,3 months ago,tmg_methyl|authority_trust,0,Dude just wants to sell his TMG supplement lol he mentions it in every comment. David Sinclair doesn’t sell any supplements.
0,7 months ago,tmg_methyl,1,Would a woman want to take tmg then? I wouldnt want to elevate testosterone.
0,7 months ago,evidence_studies,0,"People need to stop freaking out over mouse studies, maybe even stop doing mouse studies altogether except where toxicity testing is concerned."
0,7 months ago,no_effect,0,Long Covid is vaccine injury not a virus so no wonder it would have no effect.
0,2 months ago,,0,25% of all women are treated   with meds for mental illness. Which means shocking 75% are still untreated. That’s insane.
0,7 months ago,nmn_vs_nr_nad|evidence_studies,0,"Thanks for sharing this Dr. Brad. I've been using NR and NMN for 5+ years. I'm 57 and play squash 3 times a week for 2 hours. Even in my 40's I always had a lot of pain the day after exercise. Now, I easily brush it off and I have no pains or aches at all. I think NR/NMN has made it possible for me to exercise at my current levels. I started to give NMN to my cat 1 year ago at age 16 (ragdoll). After a while the old fellow started to want to play with his toys again and running around in our living room like a much younger cat. NR/NMN does SOMETHING in my experience. Looking forward to see more studies on NR/NMN in the future."
0,4 months ago,benefit_joints,0,"This seems to assume that long covid is caused by NAD+ deficiency. I dont't think your initial assumption here is correct. You certainly don't seem to argue this, just use it as a base assumption. Without this base assumption, there are a million reasons why people with long covid don't improve the symptoms of long covid with an increased NAD+ pool. Like saying beta blockers are useless becsause they don't help people who have rheumatoid arthritis."
0,7 months ago,cancer_risk,0,NAD inhibitis p53 activity and fuels cancer growth.
0,7 months ago,,0,I have been taking NMN through colon enema and I swear it makes me super strong can’t explain it
0,7 months ago,,0,I find it disconserting that he pushes his own product at the end.    This whole video is completely suspect now.
0,7 months ago,,0,I think it really needed to be questioned if Dr. Brad's expectations here are realistic.
0,7 months ago (edited),no_effect,0,Hot take… but long covid is in your head… I mean we see things like PCoCC and biofeedback techniques eliminate “long COVID”… these are like lifestyle changes… the fact the NAD had no effect point away from a diseased cause
0,7 months ago,,0,"I’m not one to jump on the bandwagon! Human nature is all about greed, if there is money to be made then all types of claims will be made! Long COVID has just been shown to be caused by the actual vaccine and not the virus 🤷‍♀️where the pharmaceuticals are concerned, integrity and transparency is not a strong point!"
0,7 months ago,evidence_studies,0,Had me til he mentioned Long Covid 😂 Tells you the can’t reproduce studies but wants to take THIS one as settled science too.
0,7 months ago,,0,kek. can never win huh
0,7 months ago,authority_trust,1,david sinclair no bueno - does anyone listen to him anymore?
0,6 months ago,just_take_niacin,0,"Ele falou de levedura , vitamina do complexo B tem em levedura de cerveja. NMN  era um percursor da vitamina B3."
0,7 months ago,nmn_vs_nr_nad|price_value,0,I have used both NMN and NR for awhile. Not sure if I feel anything either. I take many supplements and honestly I don’t think I feel anything from any of them.  I did just receive a new bottle of NMN today.  I use the Bulk Supplements brand so if it’s useless it only costs 18 dollars not 87 like I paid from DoNotAge brand.
0,7 months ago,purity_counterfeit,0,"Long COVID is fake,  so it makes sense nothing (other than therapy) would work on it."
0,7 months ago,,0,Keep in mind dr Brad got the clot shot.
0,7 months ago,,1,Extended release?
0,6 months ago,,0,"Long CONvid is a brain damage and IQ deficiency syndrome. People who didn't take the jab are healthy as a horse, only vacc. people still have CONvid. Coughing reveals them 'cause they have no immune system anymore. Can't believe they still talk about it. What a BS."
0,7 months ago (edited),nmn_vs_nr_nad|form_absorption|safety_side_fx|evidence_studies|benefit_cognition|benefit_sleep|benefit_joints,0,"The spike protein is still in their system.  NMN and NAD will not kill the spike protein. To date, no serious human trials have been done to study if NMN or NR increase telomere lengths.  It's like the entire medical community does not want to look at it.  They always look ""somewhere else."" I asked Grok to give me a full list of all the NMN trials done to date and this is the list: 2025: Liposomal NMN vs. standard NMN in healthy men (15 participants). 2024: NMN for quality of life/physical performance in healthy adults (80 participants). 2024: NMN for sleep/walking speed in older adults (65–75 years; participant count not specified in summary, but ~40–50 based on similar studies). 2024: NMN for NAD+ levels in middle-aged men (14 participants). 2023: NMN for blood pressure/vascular function in hypertensives (19 participants). 2023: NMN response variability study (75 participants). 2023: NMN for aerobic capacity (11 participants). 2023: NMN for blood vessel stiffness (36 participants). 2023: NMN for cholesterol/weight (30 participants). 2022: NMN for endurance/NAD+ in middle-aged adults (80 participants). Earlier trials (2021–2022) often had 10–108 participants, focusing on safety, metabolism, and physical metrics. And the list of NR trials is similar.  But there is one thing shocking about these trials....ONLY TWO of these trials explicitly measured the telomere lengths.  That's damn shocking.  That is the main measure of success, yet they don't look at it. And there is a statistical rule called ""The Law of Large Numbers.""  To sum it up, it says that you really have to do trials with over 1000 patients before you can draw any reliable conclusions.  But since only two of these trials looked at the telomere lengths, and with very few test subjects, it is super clear that all the tests to date are baseless and useless.  So I'll keep taking my NMN and NR supplements, thank you. Do your own research.  Ask Grok."
0,7 months ago,cancer_risk,0,Likely everything in excess Caused cancer
0,7 months ago,price_value,0,"Wow, I spent $185 on this junk over a month ago. Wish I knew about this sooner."
0,5 months ago,,0,So Many paid actors out here
0,7 months ago,purity_counterfeit|cancer_risk,1,Long Covid is mostly a fake psychological issue. Probably not good to see if people determined to stay sick forever are getting any benefit from longevity treatments. Why not test cancer drugs on long covid patients too?
0,7 months ago,cancer_risk|evidence_studies,0,I don’t trust this at all. Everything natural whether it’s this or taurine has a study that says ‘well actually it doesn’t work at all and don’t worry if we’re trustworthy or not we sell drugs and clot shots and we kill infants so you can trust the medical establishment that’s doing this studies and you really should use what we tell you to use and what we make a lot of money on. We’re still using cancer treatments with immensely high failure rates that’s destroy people and it’s basically just using mustard gas on people but it’s really the NAD and taurine that you need to be weary of. You might spend very little and get healthy using it. And as the medical establishment that’s the last thing we want’.
0,7 months ago,,0,Covid may have been imaginary.
0,7 months ago,safety_side_fx,1,i have nmn pills that expired 2 years ago. can they have side effects now?
0,7 months ago,authority_trust,0,I can't believe it! They still praise for the MF Sinclair! He is a scammer! He could even trick to GSK for 700M with the resveratrol hoax and is doing it again with NMN
0,7 months ago,,0,Science is limited and it has become a religion
0,7 months ago,authority_trust,1,"Wait, David Sinclair was spreading BS????  Shocking!"
0,5 months ago,,0,Long covid = vaccine effect
0,6 months ago,authority_trust,0,All scammers in the health industry. Eat real food.
0,7 months ago,,0,"It does longer lifespan, because you stop eating unhealthy foods and instead consuming urself (raw animal fat)"
0,7 months ago,authority_trust,0,So what now with crooky conman David Sinclair. For 20 years guy promotes snake oil for logevity with massive vested interest behind that. In plain English it is called fraud and likely requires thorough prosecution.
0,7 months ago,just_take_niacin,0,"Nicotinic acid (niacin/vitamin B3) was long used for heart health by improving cholesterol (raising HDL, lowering LDL/triglycerides) and reducing plaque. A huge mistake. Excess niacin (from supplements/fortified foods) creates a metabolite (4PY) that triggers vascular inflammation, increasing heart attack/stroke risk. This may be also true for the other precursors of MNM. It will not increase longevity, but may shorten your life. That is why niacin is not prescribed any more for lowering LDL.  It may have killed thousands."
0,7 months ago,,0,Чел даже не понимает что он глуп.
0,7 months ago,,0,Lost me as soon as he mentioned COVID. I don't believe a single word that comes out of his mouth now.
0,5 months ago,fda_ban|authority_trust|benefit_energy,1,"His whole argument is that higher NAD+ didn't improve long Covid symptoms thus it's all bogus? That doesn't make any sense. Long Covid is caused by residual virus particles. Boosting NAD+ isn't going to clear out those particles. In fact it may even make it worse, since Long Covid is basically an autoimmune disease, when you boost NAD+ you are fueling your body's immune function, exacerbating symptoms. I'm getting real tired of Stanfield just being a mouthbox for medical journal lobby and  putting his critical thinking skills on the shelf."
0,6 months ago (edited),tmg_methyl|evidence_studies|authority_trust,0,"So David Sinclair was on to something, after all. There is still plenty of studies left to be done and the synergies with TMG cannot be ignored. HOWEVER.... My no #1 source is the best EVIDENCE-BASED youtuber and that is Dr. Brad."
0,7 months ago,tmg_methyl,0,"Love your content but I love NMN. I don’t take TMG and never have as I already have high testosterone and am female. NMN, Calcium AKG, MNM,and Lactoferrin are my dessert island supplements."
0,6 months ago (edited),purity_counterfeit|price_value|authority_trust,1,"What humanity needs is to find crooky David Sinclair naked pics in Epstein files. He scores on poor people's hope to improve their lives. Why he is still walking free? Such falsehood deserves legal trial and consequences. Also, companies as Do Not Age should re-consider their marketing position on this topic if they wish to stay credible. I stopped ordering anything from them, their ultra expensive SIRT-6 is just another fake BS packed as hope for longevity."
0,7 months ago,,0,"""long covid"" 😂"
0,7 months ago,authority_trust,0,"Yes, Sinclair has lost a lot of credibility in the past half dozen or so years."
0,3 weeks ago,nmn_vs_nr_nad|evidence_studies,0,"You are too negative about NMN & NR on this video and clinical trials dont always mean anything, the medical industry loves to suppress positive trial results, NMN & NR DOES help Long Covid and Glutathione Injections definitely helps against covid and heart inflammation from Long Covid Myocarditis, Vitamin D3 50,000 IUs injections will stop myocarditis pain."
0,7 months ago,evidence_studies,0,hey Brad... sorry to have to break it to you but long covid = vaxx injury.   full 25% OF JABBED IN PFIZER RCT HAD AN ADVERSE EVENT.  TIME TO FOLLOW SCIENCE BRO.. NOT MADE UP BS. lolz.
0,7 months ago,tmg_methyl|evidence_studies,0,"Bro… you’re ignoring tons of research on humans about the functions of NAD+ itself. Forget precursors, studies on the function of NAD+ in the body. It’s very well established precursors increase NAD+ as you admit. Your evidence against it is it doesn’t increase lifespan or fix long COVID (which we don’t even fully understand). A lot of videos are great but this is such a bunk debunk. NMN as my only new supplement in 2025 has greatly improved my health in a variety of noticeable ways, and no I’m not on TMG"
0,7 months ago,,0,Anti aging lol
0,7 months ago,authority_trust,0,I don't consider David Sinclair and Andrew Hubermann as scientist. They are both giant fraud.
0,7 months ago,,0,please validate long covid. that seem like a long shot.
0,2 months ago,nmn_vs_nr_nad|safety_side_fx|authority_trust|benefit_energy|benefit_recovery,0,"I am sorry and love your enthusiasm but there is something better than assumptions, real life experience using a product. I have multiple sclerosis, I could not exercise more than 10 minutes. I started using niagen and then nr and then nmnh which is my favorite. All of them allowed me to exercise 1 hour non stop no fatigue low normalized blood pressure so your claims that these dont work its nonsense. I am alive and have multiple sclerosis no inflammation my mom had alzheimer symptoms all gone with nmnh. So I am a living testimony that nad does work and both nr and nmn work however nmnh is way superior. Dont run a video with lack of real evidence around in youtube and you are a Doctor, Sinclair is a scientist with all due respect please stick to your level of knowledge. I am a professional too engineer, programmer, high IQ researcher my father was a Doctor so I know when something works and these supplements work. Dont listen to this video its pure bs."
0,7 months ago,price_value|authority_trust,0,Con man Sinclair has cost a lot of people a lot of money wth his deception.
0,7 months ago,,1,https://youtu.be/-Ea3UwYZnrA?si=M48M-qEUtHKhIbCv
0,1 month ago,,0,This is an AI video and is 100% untrue.
0,7 months ago,,0,Long Covid... You mean vaccine-induced injury.
0,7 months ago,,0,The body has to work less hard cause it don't have all them calories to burn off n carry around I assume haha
0,7 months ago,purity_counterfeit|evidence_studies,0,You like believing deceptive and fraudulent fake studies
0,7 months ago,,0,How often does a doctor bring up the reproducibility crisis lmao!
0,7 months ago,purity_counterfeit,0,I don’t like fake AI videos! You are better than this. You need to sit in front of the camera like a normal person. If you fake yourself then the items you’re selling are fake too. I’m out.
0,5 months ago (edited),nmn_vs_nr_nad|evidence_studies|authority_trust,1,"UH, David Sinclair has said NMN is superior to NR which is why he takes it, and not NR. And I noted that he had said this before I decided which one I would suppliment with, thus, I use NMN not NR. The studies you site does not even mention NMN and after talking about those NR studies, you tried binding NMN with NR into your nutty conclusions! Which is Bull Crap! You can only comment on NR when talking about NR studies! Got IT?. . . . . NOW, Go Find some NMN studies that debunk NMN suppliments. David Sinclairs research on mice was with NMN not NR. Wake Up! . . . . Again, I knew NR wasn't as good as NMN thanks to David Sinclair's extensive research. The research crisis you mentioned is when researchers are paid to produce contradictory studies after scientic advancements to control public opinions, this situation has been exposed a long time ago..... When the day comes that David Sinclair admits NMN does not work to extend life then I would reconsider. He's the one who's research discovered the importance of NAD first and people like you have been trying to debunk him every since! . . . . . . So Sad....... https://youtube.com/shorts/iwDRZaXPcYc?si=BYbZKFK9txGEJKuQ https://youtube.com/shorts/Z0vZm_gxxVo?si=6wxmZD5TzOxQivy8"
0,7 months ago,evidence_studies,0,"He’s deleting comments citing other studies that refute what he’s saying and critique his conclusions (generic and wild). This guy is a clown, audience are utter midwits."
0,4 months ago,,1,"Man, I don’t really like these AI generated clone videos. Wouldn’t it be nice if you recorded this yourself and spoke to us in your real self?"
0,4 months ago,,1,"OMG! You again!? Trying to discredit a supplement that has already proven effective in several diseases, including even Alzheimer's! It's starting to look bad for you! This is desperation, and you're the one losing credibility!"
0,1 month ago,,0,What a bs video
0,8 days ago,,0,This guy is a clout chaser.
0,7 months ago,,0,I take a good multivitamin and that's it. Most of this stuff is either bullshit or very little return.
0,7 months ago,,1,"Lol, Long covid - is the vax. Are yous seriously asking why NAD does not fight the vax?"
0,5 months ago,,0,Incompetend YouTuber
0,7 months ago,cancer_risk,0,"NAD, NAC, and NMN should come with warning labels. Cancer FEASTS on these nutrients. Any one of us could have a low grade or early cancer without symptoms. Possible cancer is the primary reason why I don't use any of these."
0,4 months ago,,1,Once again you are back to your negative opinions.... Why are you always so out of sync with everyone else? Are you finding what you are looking for...
0,7 months ago,placebo,0,"As soon as he said long covid, I knew he was a 🤡 No such thing as long covid darling it’s a vaccine injury. Only the vaccinated get “long covid” And funny NMN is placebo to you but the vaccine was safe and effective hey doctor 🧑🏻‍⚕️"
0,5 months ago,,1,"I had a high opinion of Dr Brad, till I watched this video.  It is idiotic.  Are you saying the test for all medicines is whether or not they cure ""Long Covid""??? (what ever ""Long Covid"" is). Penicillin? Statins? Antihistamines? All useless because they don't cure Long Covid? How has the test for the usefulness of any medicine become whether or not it cures Long Covid?    This is the ultimate straw man fallacy."
0,4 months ago,,0,"This is BS, do your research people"
0,7 months ago,authority_trust,0,David Sinclair is a grifter.
0,4 months ago,,1,Really AI? Sorry i cant trust medical info from a non human.
0,7 months ago,authority_trust,1,Sinclair is known scammer. Remember resveratrol?
0,1 year ago,benefit_skin_hair,0,I’ve been taking NMN for 6 months and my skin has become smooth from what it was before
0,2 years ago,price_value,0,"After reading the comments I must say that the positive reviews of nmn there sound exactly like some vitamin B defient people finally took some vitamin b, although the very expensive kind"
0,2 years ago,,0,Wow 😮 that is just as shocking as with the resveratrol.
0,2 years ago,evidence_studies,0,A study of top athletes would be interesting to tie it together
0,2 years ago,evidence_studies|benefit_recovery|benefit_joints,1,"Further more,  these studies have a few month trials, at best, why  on earth it should be noticeable anything? Gait?? grip strength? When I first stated to take NMN it DECREASED my performance! - 3 years later, what I called ""my training"" I call it now ""warm up"", before hitting the gym for another hour. going to the beach for summer was a call for ""inflamaging""... I truly think not even in my 30th I had this absence of inflamation."
0,2 years ago,,0,"From my experience, with no chnage in diet, excersice regime, etc, I noticed that running long distances became easier from breathing point of view.. And this was one research done somewhere in Asia supporting this point which was not mentioned here."
0,2 years ago,benefit_cognition,0,This Guy is Great Demotivator for supplement enthusiasts and Biohackers always focusing on pessimistic aspects.
0,7 months ago,tmg_methyl|evidence_studies,1,I would like to see a study that tests NMN + TMG vs TMG alone. That’s what interests me more than studies on NMN alone. People take it together for a reason. Why has nobody conducted this study yet?
0,2 years ago,storage_heat,0,"Thanks, I almost ordered it. Note that Swanson has a BS surcharge on ""free shipping""."
0,2 years ago,nmn_vs_nr_nad,0,"out of all the NAD+ precursors (NMN, NR, NAM, and NA), NR seems to be the best, especially if combined with leucine, since both activate the SIRT1 and SIRT3 genes"
0,1 year ago,,0,"Dr Brad is so legit — game, set, match"
0,1 year ago,authority_trust,0,DrBradStanfield Works for Pharmac. He's always out to diss alternative medicine.
0,1 year ago,,0,Thank you for this! I’ve been on the fence on taking NMN and have felt like the social media influencers are really pushing it weirdly hard. So thank you again for the research and the time you put into this video.
0,2 years ago,,0,This video should be shared on SO many influencer feeds
0,1 year ago,evidence_studies,1,I really appreciate that you are looking up the actual studies and try to present us with unbiased advice! I will continue the research on my own of course. I am studying molecular biology so I might have the means to dig a little deeper than most on this. I am a little sceptical towards these studies though. They didnt do any research on the one thing NMN is supposed to help with which is to slow the rate of aging? I dont think we will have any definite answers for several decades but at least it seems harmless.
0,2 years ago,benefit_sleep,0,"No one supplement will give anyone everything they need.  That being said NMN works in many different ways for the body especially when it comes to exercise performance,  mood elevation and sleep quality.  I am speaking from personal experience.   It's always important to gauge the quality of the NMN one is utilizing.  Without knowing it one can probably surmise that the host has a product of his own to sell. Like l mentioned there's no doubt that other supplements need to come into play but NMN is a definite value add."
0,2 years ago,placebo,0,Man I'm  sure loving this placebo effect.
0,11 months ago,timing_protocol|price_value|stop_restart|benefit_energy,0,I’ve been taking them for over 20 years and nothing has changed I’m healthy and I’ve noticed when I stopped taking any of my $1500 worth of vitamins a year for the last 35 years that I do feel tired sluggish cloudy so you have to stay on your vitamins you have to take them with food so they have something to bind  too
0,1 year ago,timing_protocol,0,I’ve been taking a gram in the morning for over a year. Love it so much
0,2 years ago,,0,ANALYSIS OF VARIANCE SHOULD BE APPLIED STATISTICALLY
0,2 years ago,,0,I thought mmm was for only anti aging. What he covered was athletic performance and insulin resistance etc
0,2 years ago,,0,Thanks for being honest and not selling something 👍🏻👍🏻
0,2 years ago (edited),placebo|authority_trust,0,Thank you! I have tried this for some time with absolutely no notable changes. Lots of money down the loo. Not sure why so many people insist that it has made a difference to their lives. Unless they have financial interests or an amazing placebo effect.
0,2 years ago,authority_trust,0,“Thanks man. There goes my beach house” -David Sinclair
0,2 years ago,,0,"The first NMN trial I found (Yoshino et all 2021) has results nowhere to be found in your review, it concluded: ""NMN supplementation up-regulated the expression of platelet-derived growth factor receptor β and other genes related to muscle remodeling. These results demonstrate that NMN increases muscle insulin sensitivity, insulin signaling, and remodeling in women with prediabetes who are overweight or obese."""
0,2 years ago,dose|form_absorption|tmg_methyl|placebo|evidence_studies|fda_ban|benefit_energy,0,"Thank you Brad for this critical review. I think you are right in saying that these initial pilot studies of short duration, with oral intake of non liposomal nmn ( which multiple studies show breakdown in the gut) are showing nmn to be as good as placebo. In the absence of sufficient human trials and with great amount of indirect evidence from mice and lab work, it would be unreasonable to write off nmn as hype. Loss of methyl groups is an issue as well. This  would counteract the desired effects especially with longterm use. Those of us who have been there since the beginning about 6 years ago have probably learned how to use it ahead of the evidence emerging and frankly can see the difference in our appearance, strength and stamina. Lets hope proper large trials with right formulation and dose, and adjuncts such as TMG,  can be established now the FDA has given it to pharma to research."
0,2 years ago,nmn_vs_nr_nad|dose|evidence_studies,0,"But if I understood you correctly the studies were at a dosage of 250mg, as you say it is possible that it is been used up before it gets to the muscles. So if they ran the trial with higher doses 1 gram and above this should allow enough by the other processes with some to get through to the muscles. But these studies does not look at the whole MNM - NR - NAD loop as it should be recycled but due to increase in inflammation etc it gets used up."
0,1 year ago,,0,"I've been conned! I don't think I'll be buying NMN next month, thanks for the brilliant insights."
0,2 years ago (edited),evidence_studies,0,"Saying that all influencers improvements is just due to diet and exercise is too simplistic reductive, it could be that there are benefits that studies haven’t captured yet. And I say that as someone that hasn’t tolerated nmn well at all"
0,2 years ago,,0,8:05 hairstyles changed slightly 😃
0,2 years ago,,0,Supplementing with NMN without fixing the NAD Salvage Pathway probably limits the efficacy
0,2 years ago,benefit_energy,0,"I get the points you make here in this video, but I tell you I'm taking NMN since almost a year without changing lifestyles, diet and intermittent fasting: well, first days I could totally notice I took something new in terms of energy. If a discontinue the use for some days and then I reintroduce it, then I get again the same effect, so NMN definitely energizes me. I also regularly exercise and obviously I feel more energetic and willing to do more things. The thing is when you take it everyday then you get use to it and do not notice anymore. Thanks btw for the findings you shared which otherwise I should have go through myself one by one. But also all the people commenting before me and sharing our experiences to understand together how the hell this stuff works!"
0,2 years ago,,0,"Honestly, I am not surprised"
0,2 years ago,tmg_methyl,0,"I do had a boost in performance after I have mixed NMN with TMG, and a big boost in excercise."
0,2 years ago,form_absorption|storage_heat|stop_restart,0,The Powder form is better and you have to keep it in freezer. Sorry Doc Im a beleiver in this stuff since I have ran out recently can really feel the difference
0,2 years ago,price_value,0,Right. I did not take the high-priced NMN.
0,2 years ago,dose,0,"2:25 ""The NMN group was slightly healthier"".. perhaps. They had lower triglycerides, but that was the only difference. Then the only thing that could possibly mean is that healthier people benefit more from NMN. It's to stay cautious seeing the group is small.. but this was also at very low dose NMN.. Only 250 mg/day."
0,2 years ago,dose|benefit_recovery,0,"I play a lot tennis - tennis elbow is my major pain point everyday, and then this NMN helps me relieve from this. I don't feel soreness anymore - even though I play the same every week like before. I take 500mg daily."
0,2 years ago,,1,Any research yet on the benefits of injectable NAD?
0,2 years ago,tmg_methyl|evidence_studies|benefit_sleep,0,"Brad , NONE of these 12 studies findings addressed NMN effect on cellular DNA methylation or PACE aging rate . THOSE TWO are the relevant contribution of boosting NAD levels in individuals 35-90. The ONLY human study worth examining would be a long term study on incidence of “age related diseases/hallmarks of aging - this study didn’t even look at insulin resistance /metabolic syndrome over time using NMN with a type 2 diabetic study population . NMN ain’t a molecule that will affect “body composition sleep patterns 😂"
0,2 years ago,just_take_niacin|dose|evidence_studies,0,"Just watched the resveratrol video from two years ago where you apologized for recommending it in the past, only at the end of the video to hear you say you are currently taking Niacin for NAD levels. Goes to show how much more on this topic there is to learn. Not a criticism by the way, it's easy to get misled by studies, I'm surely guilty of it as well and was also taking NMN, this video alone is saving me 10$ a month so it is very much appreciated."
0,2 years ago,,0,I’ve only ever heard great things from people taking nmn
0,2 years ago,safety_side_fx,0,13 March 2023 NAD+ precursor supplementation prevents mtRNA/RIG-I-dependent inflammation during kidney injury
0,2 years ago (edited),,0,I’m not surprised. I’m a 53 year old regular exerciser and I saw no positive benefit from 6 months of taking NMN.
0,2 years ago,safety_side_fx,0,"Over time, this can result in serious damage. ""Prolonged strain on the kidneys can lead to kidney stress or damage, particularly in individuals with preexisting kidney conditions,"" Best says. While Best notes that creatine is generally considered safe when used as directed and most people can tolerate it without kidney issues, this is a good reminder that it's crucial to stick to guidelines when consuming it—or any other dietary supplement."
0,2 years ago,evidence_studies,1,"Well done.  To answer the question about the affect of NAD boosters on aging would be quite difficult:  what biomarkers could reliably be used?  Should some epigenetic clock be checked in a research setting after a supplementation trial? To your point, i havent seen yet human trials clearly showing notable rises of NAD in tissue after oral supplementation of NAD boosters."
0,2 years ago,just_take_niacin,0,Niacin flush is the NAD king.
0,2 years ago,,0,How is NMN measured in the muscle tissue versus standard blood testing.
0,2 years ago,dose,0,I started taking NMN 250 mg about a week ago to treat my respiratory problems: phlegm buildup and constant coughing. I haven't coughed since I began.
0,2 years ago,dose,0,you forgot a column specifying dosage in your matrix!
0,2 years ago,authority_trust,1,"thank you for this great summary. What I do not get though is why Sinclair is holding on to this so adamantly, no matter what the evidences are???"
0,2 years ago,,0,"I take it with resvertrol, I think as you should...."
0,6 months ago,placebo|safety_side_fx|benefit_cognition|benefit_recovery,0,Off course you should focus on a great diet doc exercise. That is obvious to a 3 year old.  I’ve been taking NMN for 6 weeks and what im experiencing is not a placebo. I am a 60 year old ex heroin addict and I am very aware of what is going on in my body and mind. A friend told me to do MNM but didn’t tell me what it did. I had b never heard of it before. After 6 weeks he sent me a description of what it has done to him dnd it is exactly the same. There is a very specific physical effect I won’t go in to but this can’t be placebo because I didn’t know that it would do this. If you suffer from depression and anxiety or you are a recovering addict then try it. It’s made a profound difference to me.
0,2 years ago,placebo,0,"Brad, given some of the comments on this video, maybe you should do a placebo video and a confounding variable one too !"
0,2 years ago,authority_trust,0,David Sinclair claims it is revolutionary supplement and he must be awarded with Noble Prize fir it
0,2 years ago,nmn_vs_nr_nad,0,It seems the science has yet to show why exactly we feel better on NR or NMN but feelings are science just not ready to explain it.
0,2 years ago,,0,I take NMN and i feet good.  Im a fighter snd i see a lot of results in indurance and other thinks.  All friends are taking theyre very happy.
0,2 years ago,,0,"Again, NAD+ is NOT only vital for muscles - and this is your fixation: exercise!"
0,2 years ago,,0,Please do a video on Nattokinase please.
0,1 year ago,,0,Thank you for this very  helpful. I won't waste my money
0,2 years ago,form_absorption,1,What about liposomal NAD? Bypassing the gut
0,2 years ago,,0,"This looks at increases in NAD+ through too narrow a lens. One of the most exciting potential benefits of restoring NAD+ to more youthful levels is supporting SIRT1 also SIRT2, the guardians of nuclear and mitochondrial genomes. Mitigating accumulated damage to DNA is a plausible mechanism for mitigating aging. I say “potential” because much more work needs doing to investigate this mechanism, but point is there’s more to increasing NAD+ levels than just overt and measurable physiologic benefits. When you change the oil in your car you get no immediately noticeable improvement in the “physiology” of the engine. But failing to change it is catastrophic."
0,2 years ago,form_absorption,1,How about Liposomal NMN ??? Would that not go straight into the cells?
0,2 years ago,,1,"Haven’t you been taking and touting NMN, Doc?"
0,2 years ago,,0,Wow! Bummer! Ive been taking it for a good 8 months
0,2 years ago,authority_trust,0,"I love your work Dr Stanfield Thanks to you I am saving money by NOT buying Resveratrol, Gamma Vit E and Nad"
0,2 years ago,dose|safety_side_fx|evidence_studies|authority_trust,1,"It would be beneficial if some billionaire would sponsor a clinical study for these same indicators, muscle strength, heart health, and arterial regeneration with individuals who were treated with umbilical cord derived mesenchymal stem cells (uMSCs) aka medicinal signaling cells, aka pericytes with regard to ""anti-aging studies"". Could you do a review report with regard to the beneficial effects, length of time within circulating blood, and dosage applications of umbilical cord derived mesenchymal stem cells as an application to kidney, liver, heart tissue healing and system healing within the anti-aging and  translational rejuvenation  medical practice ?"
0,2 years ago (edited),evidence_studies|authority_trust,0,I guess I can wait for the meta analysis then. Thanks Dr. Stanfield.
0,2 years ago,,0,"Thank you brad for your honest work. If you roast the main product of a company that provide you funding, that's a thing."
0,2 years ago,placebo,0,But whenever I resume NMN I have the exact same experience: My ability to maintain a borderline sub Zone 3 effort lasts significantly longer. The effect is so intense that it simply cannot be put down to placebo. It just can't. Something is going on which simply hasn't been explained yet.
0,2 years ago,safety_side_fx|evidence_studies,0,"one of the best videos about NMN, indeed it delivered the missing big picture over the studies"
0,2 years ago,authority_trust,1,Dr David Sinclair mentions you have to take resveritrol with NMN to get any benafitss from NMN. What do you think?
0,2 years ago,fda_ban,0,"I started taking it shortly before the fda ban just because I didn’t want to ever fear missing out on it and I noticed 0 difference even at higher doses. Was very disappointed, various herbal adaptogens work worlds more noticeably"
0,2 years ago,,0,"Your video denies every recommendations by david synclair, nmn, metformin, resveratol, protain intake. Very interesting."
0,2 years ago,evidence_studies,0,The thing is any studies can be manipulated.  I don' know if this stuffs any good but I'm taking it anyway.
0,2 years ago,placebo,0,Thanks Brad! I would have been fine with the placebo effects. 😢
0,2 years ago (edited),,1,"If NMN raises NAD levels in blood, then why its not reflected on other tissues, like muscles, brain cells, etc?"
0,2 years ago,,0,"I can confirm that NMN didn't change anything for me after 2 years. I just wonder about the very positive comments below NMN videos 🤔 maybe its because they changed their habits to positive while taking NMN. By the way there are more women who claim that they don't feel an improvement with NMN, men are much more positive. 🙏Hope that you won't get too much hate from believers in NMN. Thank you for your brave work and honesty. God bless you 🤗"
0,2 years ago,safety_side_fx,1,Broken down in the gut and liver... but does the raised NAD levels in the blood not contradict that?
0,2 years ago,evidence_studies|benefit_sleep,0,I would be very interested in your take on Urolithin A studies for mitochondrial health.
0,1 year ago,benefit_sleep,0,"Thank you so much for your ZEAL and COURAGE in sharing the TRUE POSITION of this NAD Supplementation. Your advice on BETTER DIET, EXERCISE & HIGH QUALITY SLEEP is always recommended for everyone. Thank you for the reminder even in this context. God Bless. Proverbs.10:22"
0,2 years ago,,1,What about AKG?? Do you need to pair Glycine with NAC to get its benefits?
0,2 years ago,just_take_niacin,1,How about MNM has a positive effect on neurotransmitters and is making people feel great? Also a bit easy to dismiss influencers. (Niacin has influence on serotonin I believe)
0,2 years ago,nmn_vs_nr_nad|evidence_studies,1,I wonder what studies on NAD Iv therapy would show?
0,1 year ago,nmn_vs_nr_nad,1,"I've noticed all the NR supplements now throw in resveratrol for some reason, despite that one getting completely debunked as well. I wonder if there's anything that does actually raise NAD+ levels. Can you explain why not apigenin?"
0,2 years ago,benefit_energy,0,"I'm 45 and I've been taking 1.10 g of NMN daily for over a year. The difference in energy and awareness levels are definitely noticeable. Not much has changed in my daily routines and diet. IMO everyone should give it a try for at least a year and record their own experience and results. For me, it's been a good investment so far. Time will tell later on, for sure."
0,2 years ago,just_take_niacin|form_absorption|benefit_energy|benefit_joints,0,"Hmm I think I will stick with my B vitamin and magnesium powder (which also has CoQ10 and taurine) ... it works very well in getting rid of my hypermobility-related fatigue with its plain old niacin etc., and its ingredients work together"
0,2 years ago,,1,"Dr. Brad, can you please share your thoughts on Acetyl-L-Carnitine in a future video?"
0,2 years ago,evidence_studies,0,"I super appreciate your hard work, wow, 12 studies, I would have been a bit too lazy so I would have skimmed through them😅"
0,2 years ago,,0,table breakdown so nice quality i like
0,2 years ago,nmn_vs_nr_nad|form_absorption|stop_restart|safety_side_fx|evidence_studies,0,"I bought the wrong one. My bottle says, 'Liposomal Nicotinamide Riboside 1500mgs.That's taking 2 capsules. I have only been taking one. The company is Aquifoly. When I first started taking it, I felt strange. But, now I am not feeling weird symptoms. My husband on -the-other hand had an increase in blood pressure. He takes Heart medicine. When he stopped taking it, his blood pressure came back down. So, he decided to start taking Niacinimide. He didn't experience any harmful side-effects with this form. These studies are great, but I suggest anyone considering starting this regimen - talk to your Doctor."
0,2 years ago,,0,"I took NMN for a year, and didn’t feel anything, so stopped after my annual subscription ended."
0,1 year ago,dose|age_gate|benefit_energy|benefit_sleep,0,"Not sure what to think here. Im not social media savvy, have had health conditions after COVID. I didnt think much of this nmn. But i purchased and took for 2months straight. Within a week i slept better and had more energy. Its not in my head. Something improved which was sleep pattern, not feeling and not feeling fatigue during the day. I did stop takinh only because i wanted to do more research. But finding vidoes like this is great. Not sure what to think here. I have a good diet, not always into excersis but stayed fit. But i didnt purchase this because of a hype or anything more from a point where im too young to have deteriorated with health after the forst Covid hit and my health plumated down with other conditions. Maybe more reserach on the positives of what it does and possibly more research on dosage and aide effects is what is needed."
0,2 years ago,,0,Thank you for saving our pockets 😂
0,2 years ago,,1,What about taking NMN with some sort of bio-availability enhancer like Boron or Schisandrin b to drive uptake in to the muscles?
0,2 years ago,benefit_sleep,0,"Great analysis, thank you. I hear also the ""unfortunate"" echo of three most important things for longevity again: excercice, exercise and exercise. Plus enough sleep. Not again! Poor humans. I mean, exercise is fun, but ..."
0,2 years ago,evidence_studies,1,"Hey Brad, I see that Vince has just covered a sirt 6 study. Would you be able to look at that one too please?"
0,1 year ago,purity_counterfeit,1,"The one area that concerns me in these trials, what is the source of the material tested?  Second, is the substance tested for purity?  In other words, did they just order junk off of Amazon and take it at face value?  Did they have it tested before using it?  On 12/10/2021 Consumer Labs posted a report where 14 of 22 nmn products they bought on Amazon had no detectable levels of nmn."
0,2 years ago,nmn_vs_nr_nad|no_effect|stop_restart|authority_trust|benefit_energy,0,"Dr Stanfield, your findings match my experience taking NR which I understand is supposed to act similar to NMN.  I notice no difference in energy, strength, nor anything else so I stopped taking it after a couple months."
0,2 years ago,,0,Will save my money.  Thanks Dr Brad.
0,2 years ago,storage_heat|placebo|evidence_studies|fda_ban|authority_trust,1,"As someone who understands how study design and the pool of subjects chosen can have a major influence on the outcomes, I'd have to say that there is a lot to be desired regarding most of the NMN studies done -- irrespective of whether they were industry sponsored or done via academic centers with no financial interest. First of all, the pool of participants for the studies were all too small (well below a hundred, let alone the gold standard of a thousand), and the endpoints chosen (with the exception of metrics like HbA1C) not the most clinically substantive, if not conclusive. Which matters when considering we still do not know a lot about NMN, especially when trying to ascertain outcomes data from short and simple study designs which seemed to vacillate like moving goal posts... To be sure, NMN is a rather delicate metabolite that can degrade quickly in the body. It has a short window of utility, making it unlike vitamin D which the body can store for use later. The window of opportunity for its use as a nutraceutical regarding its efficacy remains both elusive and varied person to person, which may or may not be dependent on a myriad of other factors depending on what it is you're looking for. That said, what is indisputable however is the fact that many have observed first hand benefits from taking it (including yours truly). Is it all a case of mass placebo effect? I think not... While the hype around NMN as a cure all against aging has died down (no pun intended), whether or not it can benefit our lifestyle regimen as it relates to things like exercise, and whether it can actually mitigate age related degradation of our epigenome, a much larger, and more conclusive longitudinal data set is needed. Due to the relative newness of this active ingredient (now sanctioned by the FDA from being sold as a dietary supplement) the only clinical data we can cite conclusively at this stage is its safety in the near term, something which many may be able to agree on."
0,2 years ago,tmg_methyl|evidence_studies,0,None of these studies measure the effect of NMN on biological age (as calculated by extent of DNA methylations)
0,2 years ago,form_absorption|safety_side_fx|evidence_studies,0,"From the comments I see that there is still something to NMN, which somehow these studies missed on. It seems like there are two factors on the effectiveness: delivery method and the pre-treatment NAD+ levels. It seems that it is most effective for people with low NAD+ (mostly old people), and when it is taken sublingually or in any other way that bypasses digestive system."
0,2 years ago,,1,What do you think about pentadecanoic acid?
0,1 year ago,authority_trust,0,Sounds right to me!! Anything that is PUMPED CONSTANTLY by YouTubers being PAID to do so!! Then..........  ITS A SCAM!!
0,2 years ago,benefit_sleep,0,"The only difference I saw taking NMN was improved deep sleep according to my fitbit.  As soon as I stopped, the deep sleep tanked"
0,2 years ago,form_absorption,1,Thanks for the video. What about NADH sublingual supplementation?
0,2 years ago,,0,"I would like you to review about akkermansia, it looks  semaglutide like"
0,2 years ago,,0,I agree!!
0,2 years ago,dose|form_absorption|safety_side_fx|authority_trust,0,"3/4 of the research papers quoted used 250mg or less per day for the subjects,  taken in tablet or even powder form by swallowing and not sublingually. I know little about how blood NMN is supposed to be taken in by the muscles,  but the one thing I'm sure is that Sinclair himself takes at least 500mg-1g per day.   We need new research that involves higher dosages and different delivery formats!"
0,1 year ago,evidence_studies,0,I think these studies are missing the point of NMN.  Except for the safety one.  And glad to see that NMN does increase the NAD in the blood as that circulates all over the body and can support DNA repair to help protect aging affects.
0,2 years ago,placebo,0,It looks like that the placebo effect has medical properties...this should be looked into...placebo might be manageble....
0,2 years ago,tmg_methyl,1,It's possible that it can reduce methyl groups which would be poor.  Recommend betaine.  Thoughts?
0,2 years ago,,0,Subbed.
0,2 years ago,dose|benefit_sleep,0,"I'm interested to see how NMN will work for CVD and potentially for weight loss, I feel like the only time NMN will improve aging is if your ""aging"" metric is how much NAD+ is circulating in the blood"
0,2 years ago,evidence_studies,0,"Please quote the research papers, to double check on the statistical significance of them. Sadly a vast majority of medical doctors are missing this Part, hence more then 60 percent of medical studies are worth only as toilet paper. However I am intrigued to See if these papers you quote will prove to have a solid mathematical foundation."
0,2 years ago,tmg_methyl|benefit_cognition,1,"If we end up finding a supplement that helps DNA translation or the methylation pace I think we won't see any biomarkers improving as these processes could take decades. Wouldn't you agree? In the NMN case we don't see improvements in mouse longevity data nor human biomarkers so for now, I agree is better to focus on other things!"
0,2 years ago (edited),safety_side_fx|benefit_skin_hair,1,What side effects do Finasteride and Minoxidil (hair loss medication) have on longevity and general health?
0,2 years ago,just_take_niacin|price_value|placebo,0,"I've bought NMN three times (10g 15g and 30g) with long periods in between, because I can't tell if it's placebo or if it works. I always go back to using Niacin Nicotinic Acid B3, it just feels way more powerful and beneficial (and it's 100x more cheaper)."
0,1 year ago,form_absorption|placebo,0,"I’ve been taking NMN for 3 months now, but I’m starting to worry about the manufacturing process: On the European market, it’s mostly chemically synthesized and produced in China. After all, it’s something you take daily. I do feel an increase in performance, although I can’t rule out placebo effects, considering all the information my brain has absorbed about NMN."
0,2 years ago,,0,Well Done Dr. Brad.
0,2 years ago (edited),benefit_energy|benefit_sleep,1,"Dr. Stanfiled I didnmt watch every second of this video per time constraints, however. You mentioned in another supplement video that you do take the recommended does of 50microgms a day of NMN. Is this still true? I take it relentlessly and I really notice it. I also notice that it causes fatigue because it ramps me up so much that I take a day or two off from it or lower the doses and I sleep fantastically! Thank you so much for your thorough presentations!"
0,2 years ago,,0,Thanks for helping to burst my bubble 😂 Much needed and valued objective critical review of the scientific evidence. Thank you. 🙏🏻
0,2 years ago,,0,"I appreciate your well researched videos, cheers to great health!"
0,2 years ago,,1,How is the current knowledge with taking CD38 inhibitors like apigenin and quercetin? Does it work?
0,2 years ago,dose,1,We would like to know the dose given. Also we would like to know what form the NMN was in before given. If it wasn't in a stable state before given to the subjects then there is a chance the NMN levels in the doses could of significantly dropped possibly to almost zero by the time the reached the subjects?
0,2 years ago,dose|stop_restart|safety_side_fx,0,"I tried it; after about 2 weeks of the recommended dose, my eyes started itching very badly (the insides of my eyelids). The itching went away when I stopped the NMN. Taking half of the recommended dose didn't cause itching, but there were also no other noticeable effects."
0,2 years ago,,0,Great video
0,2 years ago,,0,Thanks ❤
0,2 years ago,,0,thank you!!
0,2 years ago,,0,Great your starting to impress me.
0,2 years ago,,1,"i rather enjoy your channel, brad! you do some pretty solid presentation and research. out of curiosity, can we get a ”making of” episode? i want to see behind the curtain(s)! i want to see how you and your team: - you decide on a topic and research - write the script - prepare for a shoot - shoot - edit - post production - deal with the fallout thanks! --kaws"
0,2 years ago (edited),,0,"Im curios to try NMN, But Creatine, old reliable, proven, safe and works is always in my stack. 👍"
0,2 years ago,,0,You are the hero we need ;) Good job!
0,2 years ago (edited),,0,"Caffein is the only supplement that significantly helps me ride my bike faster. I've tried NMN, beta alanine, creatine, sodium bicarbonate, and various nitrate boosters. Unfortunately you can't use it much more than two or three times a week."
0,2 years ago,form_absorption,1,What about Liposomal NMN?
0,2 years ago,authority_trust,1,Dear Dr Stanfield What do you think of Dr Nichola Conlon’s Nuchido TIME + that she is selling?
0,2 years ago,,0,"I don't expect any change in the things mentioned, all I expect is it might keep my cells in good condition. All the other stuff is just fluff."
0,2 years ago,,0,What about the old mouse outrunning the young one after boosting its nad
0,2 years ago,just_take_niacin,0,"I'm wishing I didn't spend so much money on it. It makes me flush terribly as well, I'd rather not take it."
0,2 years ago,,0,Thank's for your work
0,2 years ago,,0,Thanks
0,2 years ago,,0,thanks sir. Too good.
0,2 years ago,just_take_niacin|cancer_risk|benefit_skin_hair,0,I am prone to skin cancer. My dermatologist recommended nicotinamide with fernblock by Helio. I love to know your opinion of the product.
0,2 years ago,placebo|evidence_studies,0,"This really doesn't mean anything if not the brand, storage temperature and storage time is considered in each study. Most likely has at least one study used NMN that has been storages warm or too long and therefore wouldn't have more effect than the placebo. If it is not declared,  then that study have to be excluded from this list. NMN brands, and the short halflife must be considered for correct data. Please have this in mind next time. Thank you."
0,2 years ago,,1,What about niacinamide?
0,2 years ago,,0,Thanks for this!
0,2 years ago,,1,What about telomeres and microbiome?
0,2 years ago,,0,"I would like yo congrat u, amazing work"
0,2 years ago,benefit_skin_hair,1,"- I've been taking Basis from Elysium Health for several years now which has had one very prominent effect that I'm curious about. For most of my life I've had serious skin drying issues during winter months, and every single year my hands dried out so bad that every knuckle cracked and bled regardless of what I put on them. After the first week of taking the supplement the texture of my skin noticeably changed and the dry/cracking during the winter has completely stopped. I didn't make any other changes at that time. Any thoughts on how this might have happened ?"
0,2 years ago,dose,0,After hearing this video I am going to dose with AKG rather than this supplement. I doubt we will get all the benefits a mouse does because the dose level most of these supplements produce is out of bounds for a human.
0,2 years ago,no_effect,0,So has no effect on endurance. So what does have an effect on endurance.
0,2 years ago,storage_heat|evidence_studies,0,"The title of the video is misleading. It seems these 12 studies don't address the ""anti-aging"" effects of NMN, like the boost in the action of sirtuins and the maintenance of epigenetic stability. Despite the relationship between age reversing and athletic performance, they are not the same thing."
0,11 months ago,,1,"Brilliant! Thanks Dr. brad, you just saved me a bunch of money and wasted hope this stuff would help. Ill skip NMN. Now onto NAD and find out if that actually is worth taking?"
0,2 years ago,benefit_recovery,1,Thanks for the information. Do you have an opinion on the new trend with peptides for muscle recovery and growth?
0,2 years ago,,1,what about SIRT6 ACTIVATOR?
0,2 years ago,dose|timing_protocol|form_absorption|evidence_studies|benefit_energy|benefit_sleep|benefit_recovery|benefit_joints,0,"I don't know about these studies applying across age groups and level of fitness. My experience (physician athlete)has been very positive with NMN. Not new to consuming supplements or physical training. Have been training for 45 years. This NMN is a uneque experience. Have been taking it daily for four weeks (low dose 400mg/day)and things are different,  better. Stiffness, aches and pain following, during workouts  either completely gone or almost gone. No more stiffness following sitting for a few minutes (this started) almost a year ago. Minute ventilation is increased at rest(perhaps a carbohydrate metabolic affect; CO2 production/ventilation; tidal volume seems increased). Sleep and waking is much improved. Waking in the morning is easy now. Simply awaken and have the sharpness to immediately get going to the morning work out. The workout has been up hill interval sprints. Wieght training in the gym five to six days a week. As profoundly useful as a good electrolyte mix is at eliminating muscle cramping, NMN has been a game changer in daily energy level, sharpness and functional endurance. For me the top three supplements that result in an undeniable difference has been, Protein powders, electrolytes, and NMN. Sleep is always number one, then training, then quality diet and supplements. Good luck everyone. Hope you find what meets your own age related nutritional and supplement needs."
0,2 years ago,,1,Wondering as a woman who is prone to and has to treat fibroids a third time if NmN could be making them grow?
0,2 years ago,,0,I’ve just had my NAD measured via whole blood sample after doing subq pure nad+ they have gone from 13 to 40…… something  is working and this is not a precursor
0,2 years ago,,0,Thanks Doc. Gresat that you went through 12 papers.
0,2 years ago,benefit_energy,0,Idk i have taken a lot of different supplements and have been disappointed but nmn seems to help fatigue and endurance.. Haven't noticed anything else though
0,2 years ago,,1,"I love the critical examination, however, let's go with the one finding that you said about NMN in the blood definitely being raised by supplements, but not necessarily higher NMN in the muscles. It would seem logical to me that if NMN is higher in the blood than before, that somehow, in some way, that would manifest itself to some effect on the body. If the blood NMN is higher, does that mean that the muscle NMN (although not initially higher) replenishes itself faster than before? Also, what about NMN impacts on the brain, does having higher blood NMN help there in any way? If something like these effects occur due to higher blood NMN, then that's a real change on the body due to supplementation. Using your medical background, can you brainstorm any possibilities like this due to higher blood NMN levels? Just play the NMN optimist for a change to see what might be possible."
0,2 years ago,evidence_studies,1,"So this studies on  video shows, NMN supplementation increases NAD levels in the blood, but then it doesn't go to muscle cells, etc?? Where it goes then????"
0,2 years ago,,0,"Great review. However, it's unclear how the endpoints you've listed relate to life-extension. The endpoints from the trials seem to be testing NMN as a potential sports supplement. Some guidance on why those endpoints tell us about NMN's potential to extend human lifespan would have been useful."
0,2 years ago,,0,I have always suspicious on NMN and don’t take it!
0,2 years ago,nmn_vs_nr_nad,1,So does this tell you that Nicotinamide Riboside also does not work?
0,2 years ago,dose|form_absorption,1,"Disappointing results, but it would be good to know if you think there is still further interest. That being, method of ingestion, dosage and formulation. Can NMN consumed in other ways actually improve NAD+ in muscle, for example? Sub-lingual absorption as opposed to oral capsule?"
0,2 years ago,,0,Amazing quality video
0,2 years ago,evidence_studies,1,Isn’t taking NMN for increasing mitochondria function? That’s it’s link to longevity. All of the studies you mentioned had nothing to do with that
0,2 years ago,,0,"Great vid, saved us some money haha, thanks"
0,2 years ago,form_absorption|safety_side_fx|evidence_studies,1,are there any specific study with LIPOSOMAL version of NMN? if the issue is the NMN is processed by the liver too quickly...
0,2 years ago,authority_trust,1,"@DrBradStanfield do you still recommend taking Apigenin supplements, or parsley?"
0,2 years ago,safety_side_fx,0,"Well, they are trying to restrict it by making it a prescription drug like some other effective no side effect over the counter drugs. That to me an evident that it is probably working. Still in my second month and I can’t deny positive results but still early to judge."
0,1 year ago,,0,Wild thumbnail
0,2 years ago,,0,"Always interesting, thank you."
0,2 years ago,nmn_vs_nr_nad,1,Great Review!! Thanks a lot for your work. Could you also make one on Nicotinamide riboside?
0,2 years ago,nmn_vs_nr_nad,1,"WAIT ... NAD is critically important in cellular metabolism and its levels drop as we age, so we need to replenish that NAD ... but you seem to suggest there's no use in doing so, or is it merely that NMN, NAD or NR supplementation is unable to do so???"
0,2 years ago,price_value,0,I took NMN. No changes and too expensive 😮
0,2 years ago (edited),,1,"Thanks for breaking it down for us. Is taking NAD a better option? If yes, which brand is to be trusted and what would be the proper way to take it please?"
0,2 years ago,just_take_niacin|nmn_vs_nr_nad|evidence_studies,1,"I tried Nicotinamide a few years ago, and felt like it did nothing for me, but I know a couple of older guys who felt like it was beneficial for them. One was 75, and the other was 86. Maybe NR and NMN are beneficial, but only if you are 75+, and your natural levels have significantly declined? Are there any studies where they limit the participants to 75+?"
0,2 years ago,authority_trust,1,Hey Dr Stanfield are you familiar with Nuchido Time and Dr Nichola Conlon?? Would love to hear what you think.
0,2 years ago,,1,But what about the mouse that regenerated?
0,2 years ago,authority_trust,1,How do you explain Dr Sinclair’s results? Maybe they are looking at the wrong markers.
0,2 years ago,just_take_niacin,1,Thank you for this outstanding overview! Does this mean to you that you'll stop supplementing Niacin for yourself? Thanks in advance.
0,2 years ago,placebo|evidence_studies|benefit_energy,1,"The only thing that would matter in those studies is cellular metabolism, whether it increases or not, right? That is what youth is... How a person feels is very subjective, hence the placebo effect. All yogis state that behind everything is mental energy, what you believe. If you believe you will gain weight, it happens; if you believe you will lose weight, it occurs even without dieting. The power of the mind over the body is extremely potent, hence the placebo effect... but the cell speaks. If you take NMN and your cellular metabolism increases, it's because it works..."
0,2 years ago,authority_trust,1,What does sinclair say about your analysis?
0,2 years ago (edited),form_absorption,1,"First, thank you for that amazing review. It's quite important as we may have been hyped way too much. Is there a possibility that a sublingual protocol provides better results? Or that combining NMN and Resveratrol is important?"
0,1 year ago,no_effect|evidence_studies,1,"It's sooooo frustrating because I'm sure large drug companies don't want any supplement on the market that works! So who knows whether these ""studies"" are telling the truth...... I personally tried NMN 1000 mgs / day along with Trans-resveratrol 1000 mgs / day and didn't notice any improvements, ....but I was on both of them for about 2 months -- maybe I stopped too quick....???"
0,2 years ago,,0,Amazing work! Very disappointing though. But it is good to know the truth.
0,2 years ago,,0,Great review!  Thank you!
0,2 years ago,placebo,0,"That's true with many supplements. Just a lot of hype, promo for business and placebo."
0,2 years ago,evidence_studies|benefit_skin_hair,1,"Dr Brad, do you not think there might be something wrong with these clinical trials? Although I tried at first I haven't made any lifestyle changes. I had unstable angina when I started NMN but it stabilised soon after starting it. I've continued to take NMN for several yeras now and get more and more benefits from it. I have atherosclerosis and nmn is known to be good for the heart. Many people experience benefits from it, but this doesn't match the short term clinical trials. I have never in my life known my skin to feel so good as it does now, how cant that be if these trials are correct? My nose, my ears, feel completely different with my nose appearing narrower than before, and no I haven't lost weight. My benefits are so noticeable to others too. Surely these trials need to be looked into a bit deeper because I feel there is something wrong with the way they are conducted."
0,2 years ago,,0,"Eat right and exercise, same old same old!"
0,2 years ago,,1,Does NAD have to be in the muscle to have benefits?
0,2 years ago,,0,I really appreciate your research. Thank you.
0,2 years ago,form_absorption|price_value|authority_trust,1,"I think the last assertion, that the gut absorbs it all, can't be correct, or it wouldn't raise blood NAD levels. Or am I misunderstanding? You should probably clarify that. Anyway I didn't know there was such hype around NMN and all the various health and performance metrics covered in this video. I just thought it was one of those things that is safe and might help me *live longer*. Does anyone really take it for performance or weight loss? None of this research tackles the fundamental question of whether it helps us live longer or not. I take it because of Sinclair's book: maybe it will somehow make me live longer. Checking whether a particular intervention helps people live longer is prohibitively expensive, so I guess that's why we have this random grab bag of research that looks at a bunch of other stuff. At best, this research rules out a bunch of potential mechanisms by which NAD boosters might work. NMN is still in this category of things: ""nobody is ever going to properly test if it really helps people live longer, but it's safe to take so it's your money""."
0,2 years ago,timing_protocol|safety_side_fx|age_gate|benefit_recovery,1,"Hey Doctor Brad. I hope all is well.  I've seen a lot of your videos.  I think they're great.  Thanks so much for doing this. If it's not too much trouble I'd like your opinion on my diet. A few facts about me. I'm 60 years old, and I'm trying to get into shape one more time in my life and stay that way. For the most part, I've always eaten one meal a day my whole life.   Around the age of 50 I started to become hungry earlier in the day. I was 6ft in my youth, but now about 5,10.5ft. Old age and back surgerys, i guess. I was about 180 to 190 lbs my whole adult life.  I've put on 20 to 30 lbs this last decade.  I've run a lot in my life, and I have a resting heart rate of about 50 bpm. I stopped running around 50 years old because it started problems with my back. Also, consider that this diet really works for me. During the week for breakfast I eat 1 or 2 small hard boiled eggs. A block of chetter cheese about 1.5"" x 1.5"" x 2"" < inches. A pice of hard Italian sausage about 3"" long and 1.5"" in diameter. 12 ounces of coffee heavy on the cream no sugar. For dinner I eat a 16 ounce Kachava.  4 Scoops half chi half chocolate.  About 250 calories per scoop. I also have 1 or 2 , 0 calorie monsters and 1 or 2 bottles of smart water. On the weekends.  An antipasta for lunch and any type of restaurant dinner for dinner. Sea food , Italian,  or Mexican. Also I take a men's health one a day vitamin. I grew up poor and we eat macaroni 6 nights a week and on Sundays macaroni and meatballs. So I know it would bother other people but eating the same thing every day doesn't bother me. I hit 220 lbs to months ago when I started my diet. I weigh myself twice a day and it goes up and down but I'm trending down.  In the morning post poop, I'm 208 to 212 lbs these days. My blood pressure is about 145/80 witch is a little higher lately.  I do take medication for it. So, what do you think??? Thanks for your time. Your the best Doctor Br Nga mihi tuakana"
0,2 years ago,dose,1,"This is ok, but what about dosage of 2000mg, that everybody takes?"
0,2 years ago,,0,"I take NMN to lengthen telemeres, no other reason."
0,2 years ago (edited),evidence_studies,0,"Everything I've heard is that NAD precursors are pretty useless in younger people, like under 35 because the body has all it needs, and that the greatest benefit will be seen in older people, such as the frail elderly people mentioned that for some reason was disregarded. I have also heard that it can take months and even years for NAD to make meaningful changes in the cells after so many years of neglect, atrophy and damage. Remember, the main reason for boosting NAD is to replace what has been lost with age, it is  not a performance enhancing drug, and  a study of a few weeks will not likely find any results. NAD is meant to repair DNA damage in the mitochondria, which does not happen overnight."
0,2 years ago,evidence_studies|authority_trust,1,Studies ignored or missed by Dr David Sinclair who seems in favor of NMN?
0,2 years ago,,0,"The Science Behind NMN–A Stable, Reliable NAD+Activator and Anti-Aging Molecule Christopher Shade, PhD*"
0,2 years ago,authority_trust,0,"Greg Doucette will cry after this video, as according to him, NMN is far better even than creatine. Respect to you Dr Brad Stanfield. Not everything in this world should be about making money."
0,2 years ago,,1,You didn’t cover taking it with resverstrol which is the whole point isn’t it?
0,2 years ago (edited),fda_ban,0,"Big pharma advocate, NMN not good for big pharma and their distributors profits"
0,1 year ago,,0,859 Mills Pike
0,2 years ago,evidence_studies,0,The results of these studies do not mean much to me because it is my understanding that a sirt-6 activator is needed to reap the benefits of NMN.  In none of these studies did they give a sirt-6 activator to the participants.
0,2 years ago,,0,Great summary and analysis. Thank you .
0,2 years ago,,1,"For all the comments that say ""even though physical strength is not improved, NMN is still anti-aging"", but if it is anti-aging, wouldn't you expect to see strength improvements?"
0,,nmn_vs_nr_nad,1,2 years ago Have you looked at NMNH?
0,2 years ago,,0,Excellent work!
0,2 years ago,benefit_energy|benefit_recovery,0,Try it for yourself and then you’ll know. I’ve been taking supplements my entire life and nothing has given me more energy better feeling of well-being and complete elimination of my muscle soreness and inflammation.
0,1 year ago,,0,It halted my IBS.
0,2 years ago,evidence_studies,0,"I am only taking NMN to boost NAD levels, which is proposed to be helpful with anti-aging..  I am not sure the information here proves/disproves that boosting NMN levels is helpful in slowing down the aging process.  Longer term studies would be helpful in determining if it is effective for that."
0,2 years ago,benefit_skin_hair,1,"Wrinkles? Strengthen muscles, interfere with medication"
0,2 years ago,,0,FOR THEE ALGORITHM!!!
0,2 years ago,,1,I thought melatonin was a powerful antioxidant? That's the only reason I've ever taken it.
0,2 years ago,form_absorption,1,any test done on Liposomal NMN?
0,2 years ago,nmn_vs_nr_nad,1,If your takeaways are true for NMN then are they also True for NR?
0,2 years ago,placebo|benefit_skin_hair,0,the hair at the side of my head has turned from greyish to dark brown same with my eyebrows this is observable please tell me how this can be a placebo effect
0,2 years ago,,0,Any medicine to overcome shy bladder
0,2 years ago,evidence_studies,0,I agree with most comments here.NMN supplements improve your ability to live your life's daily ongoing activities a lot. A funny study indeed.  Its a study to say not sure if a blue camry is faster than a red camry. There is also no evidence that those fitted with plastic coolant tank will outperform one with a steel coolant tank. And so here we have it. There is no proof whatsoever.
0,2 years ago,,1,I thought that they took it off the shelf?
0,2 years ago,,0,"good job ! funny reading the hate messages ... hey , dont shoot the messenger ! ( reminds me of religious fanatics)"
0,2 years ago,nmn_vs_nr_nad|evidence_studies,1,"I don’t be believe NMN works unless conditions are right for it. If a person doesn’t exercise or take other signaling compounds, it probably isn’t helpful. Also, I thought the idea was to slow aging. Slowing aging doesn’t necessarily mean improving anything. Isn’t NAD mostly just needed for DNA repair. It’s very hard to measure something like that in the short-term. At least these studies suggest that it’s safe and if it’s increasing blood NAD+ well then how is that different than getting an NAD injection? We know exercise helps promote the recycling of NMN. Maybe some of us respond differently to it. I’m currently in Hawaii, just went through all the stress from the situations going on here and I’m running further than ever. Is it the NMN combined with that stress or is it just that Hawaii is amazing."
0,2 years ago,evidence_studies,0,A great summary of the recent peer reviewed research on NMN in humans. Thank you for continuing to provide valuable and objective analyses on a range of health related issues. Greatly appreciated.
0,2 years ago,,0,"When you said you have taken any men, I was worried."
0,2 years ago,evidence_studies,0,"Disappointing results indeed. However, the title of the video refers to reverse aging and increase lifespan. None of the studies referred to this."
0,2 years ago,,0,Social media hype and epic failure.  NMN is a bust.  There is no fountain of youth here.  I'm glad I didn't waste any of my hard earned dollar on that one.  Very well done analysis.  I'm scratching this one off my list of hopefuls.
0,2 years ago,,0,The biggest flipfloper ever
0,2 years ago,evidence_studies,1,is that from pharmaceutical company studies?
0,2 years ago,,1,is any reason between you and NMN ? Your sounds very personal against NMN?
0,2 years ago,benefit_energy|benefit_sleep,1,"Have you actually taken NMN? I can testify for increased stamina, endurance and as matter of fact, I can’t take it in the evening because otherwise I wouldn’t be able to sleep."
0,2 years ago,authority_trust,0,"Sinclair did say, that NAD boosters are mostly for ""older people""(+60 yo)...as natural levels decrease with age! I see a lot of young people commenting everywhere....did they not even bother learning the basic ""Sinclair theory"" behind these supplements! 😄👎"
0,2 years ago,just_take_niacin,1,Does this mean you're changing the supplements that you take? Are you still taking Nicotinic acid?
0,2 years ago,,1,"Also, does CoQ10 work?"
0,2 years ago,benefit_recovery,0,I got NMN for a while and did zero to me. Go to the gym and be on a zero carb diet your life will be a lot better.
0,2 years ago,price_value,0,Niacinamide is good enough and cheap. No need to by the expensive NMN stuff.
0,2 years ago,dose|evidence_studies|authority_trust,0,"Unless Sinclair has been completely lying in the mice study, and that the main mechanism that works in mice would also work in humans, there's probably an issue with dosing. In that original study, mice got 400mg/kg/day for two months, which is almost two orders of magnitude above what many people are getting through supplements..."
0,2 years ago,authority_trust,0,"Again, thanks for your service and cutting through the bulshit of David Sinclair. Please keep doing what you are doing"
0,2 years ago,authority_trust,0,"Bummer but you’re likely correct. That said, better clue in David Sinclair before he wastes any more money developing his new drug."
0,2 years ago,form_absorption,0,I wonder if liposomal nmn could increase muscle nad 🤔
0,2 years ago,evidence_studies,1,That is nmn .Test studies for NAD+ ?
0,2 years ago (edited),,1,"Does RAPAMYACIN improve  cholesterol, body composition, grip strength, muscle performance, NAD level, cholesterol, etc,etc,etc,etc?? IF IT DOESN’T WHY TAKE IT?  Millions of us take it and benefit from it.  You have partial knowledge about NMN"
0,2 years ago,,1,Why are they trying to ban it?
0,2 years ago,just_take_niacin,1,can i take niacin instead?
0,2 years ago,evidence_studies,0,Testing NMN in young people who already have high NAD+ is pointless.  Please make a summary of study results that actually matter.
0,2 years ago,just_take_niacin|evidence_studies|authority_trust,1,This video is very important. But it takes its eyes off the prize. The various health effects of N.M.N. are NOT very important. The only question is: Does N.M.N. enhance HUMAN LONGEVITY? It seems to work in mice and other creatures. I also want to know: Why does Dr. Stanfield still take niacin (as I do)?
0,2 years ago (edited),stop_restart,1,But who is taking NMN and boosting NAD+ levels for athletic performance? That’s not why I took NMN. (I stopped taking it and now take niacinamide for my NAD+ boost). IDK doc. You mention that it increases NAD+ blood levels but not levels in the muscle. Okay but I take niacinamide to increase NAD+ because levels drop as we age. So I’m good with increased levels in the blood. That’s what it’s supposed to be doing.
0,2 years ago,,1,Why supplement with NMN when you can just take NAD+?
0,2 years ago,,0,So what works NAD
0,2 years ago (edited),authority_trust,0,It's interesting that NMN has extended the lifespan of almost every animal model studied. Did those animal models show positive effects in any of the metrics for which you report the NMN results are disappointing in Humans. Perhaps the mechanism of longevity increase doesn't involve the metrics you cite. I also note that many of the supplements you now disparage you once promoted. It seems things changed about that same time as your little spat with David Sinclair. Both of you seem to me a bit driven by fiscal opportunities. I would love to find more bloggers who are outlining research in this area without seemingly searching for a paycheck. The best I've found is Eleanor  of The Sheekey Science Show.
0,2 years ago,evidence_studies,0,I wonder wtf is going on with the mice then.
0,2 years ago,placebo|benefit_energy,1,"So the boost of energy i feel everyday, right after taking 700gr of NMN, is a placebo effect?"
0,2 years ago,,0,How can I get in Nepal any idea with you
0,1 year ago,,1,What is the best brand for this product?
0,2 years ago,,0,The specific make up of the test subjects is the key to applying this data. This is usually glossed over in order to push a conclusion or opinion. What a shame 😢
0,1 year ago,,0,We find that it does increase NAD but that the NAD does nothing.  🤨
0,2 years ago,,1,What do you believe?
0,2 years ago,,0,Well I've just cancelled my order of verso NMN
0,1 year ago,,1,Which NMN brand is the best here in the UK market?
0,1 year ago,,1,BUT it does increase NAD+ levels which is good right?
0,2 years ago,,1,I thought you can’t buy it anymore?
0,2 years ago,,1,Could I get the NMN at Amazon?
0,2 years ago,,0,Maybe the people ate less healthy food and exercised less than they did before taking it.
0,2 years ago,fda_ban,1,Isn't nmn banned as a supplement?
0,2 years ago,evidence_studies,0,how long are these studies actually conducted.🤔
0,8 months ago,,0,NMN raises NAD+ in blood. That is proven. But whether that has anti-aging effects is not proven.
0,2 years ago,,0,please need your help my daughter takes NMN all longavity  supplements now she pregnant she can continue with supplements or stop it her GP not sure thank you
0,2 years ago,purity_counterfeit|authority_trust,0,"Im new to MNM and before i purchased , i researched extensively, to ensure i got what i paid for. This industry, as lucrative it is, seems to be a magnet for scammers. In saying this, and if infact true, your conclusions are flawed, because you dont name the MNM brands, nor are they tested for purity. I hear there are some products out there that are not even NMN, just mimick its taste and texture, others diluted , some pure and batch tested. NMN is not easy to make, so It makes sense given how varied the benefits are in comments"
0,11 months ago,evidence_studies,1,"All studies he mentioned blood NAD increased. So, NAD improves nothing?"
0,2 years ago,benefit_energy|benefit_cognition|benefit_recovery,0,"I introduced my 46 year-old boss to NMN. Molds that he has had on his face for 20 years have scabbed over and fell off. Personally my brain fog has gone away,And I have energy to workout 6 days a week. Don't let this devil lie to you. He cleary has an agenda. We both started last April."
0,2 years ago,just_take_niacin,0,Niacin is king
0,6 days ago,,0,"That’s why I take Golden Synergy’s High Gear, it’s so good and use’s effepharm as its supplier"
0,6 months ago,authority_trust,0,I really appreciate this post because it highlights how we can be scammed by advertising but also the honesty of the commentator who clearly states that the logic of chasing a 1% gain over and above what you own healthcare can offer❤❤❤❤
0,4 years ago,purity_counterfeit,0,Mislabelling is DOWNRIGHT ILLEGAL in Europe. All those fake brands would be liable for fraud and false advertisement.
0,1 year ago,purity_counterfeit,0,"In Europe—and in Serbia specifically—it is mandatory for every supplement or medicinal product to undergo a thorough regulatory approval process before it can enter the market. This includes laboratory analysis for heavy metals, yeast, pesticides, and various toxins. Additionally, the Ministry of Health, in collaboration with the state-owned Faculty of Pharmacy, must officially approve the product. Every approved product is assigned a unique registration number, which is printed on the packaging as proof that the product has been reviewed, tested, and entered into the official registry of the Ministry of Health."
0,1 year ago,,0,Seeing that a supplement is 3rd party tested is nice.  Being able to view that report is even better.
0,4 years ago,authority_trust,1,"I am devastated. A few days ago Dr. Sinclair,'s story, now this. Can we trust this lab? Who is protecting us, consumers?"
0,4 years ago,,0,"This is sherry from Effepharm Ltd, I'm suprised to see this report, I believe it will help more consumers know how to choose NMN."
0,4 years ago,,0,So now  I will make sure the if I want to buy ANY supplements to check these good companies that passed and give them my business
0,3 years ago,purity_counterfeit,0,I get Toniq and i requested their third party documentation it looks pretty solid
0,1 year ago,,0,I am now trying to familiarize myself with NMN.
0,4 years ago,,0,"LAB DOOR WOULD BECOME AMAZONS WHIP TO CONTROL PR ABOUT WHO SELL WHO DOESNT FOR A FEE, CONFLICTUOS INTERESTS IM AFRAID"
0,4 years ago,,0,I've have used the top supplier. Actually livid.
0,4 years ago,purity_counterfeit,0,"What's the point, paying for something, and not even getting it!! (only harmful heavy metals!) We need more 3rd Party Testing!"
0,1 month ago,,0,You're great doc. Thank you very much.
0,2 years ago,,0,very well done Dr. you should spread out this publication so that the international body of medical notice it.
0,7 months ago,,0,Love to see an update!  I just bought two bags of NMN from Bulk Supplements
0,1 year ago,,0,I take NMN and IMO they are from a very reliable supplier which is why the criminal British government is trying to censor them and/or shut them down.  That tells you everything.
0,4 years ago,storage_heat,0,"Thank you so much, I've been cheated till now."
0,4 years ago,,0,"I'm a bit shocked that I can't find any of the good, reputable brands on Amazon in the UK."
0,4 years ago,,0,How annoying that they didn't look at the major ones!
0,4 years ago,purity_counterfeit,0,"I'm told that some products sold on amazon are counterfeit.  But if the product ships from the manufacturer rather than from amazon, then any issue is the fault of the manufacturer and not that of a counterfeiter."
0,3 years ago,,0,"Sorta wish the brand I purchased was on this list! 'Ascuoli' brand, from Amazon! Nonetheless, thank you for this!!"
0,4 years ago,,0,"Nice reminder. Often buy Double Wood products, and saw it was ok."
0,4 years ago,,0,ProHealth 4ever woohoooooooo
0,2 years ago,price_value,0,"truly appreciate your help in the various things you evaluate for us. I would mention, however, that the way you discussed the above listings left out the one I take, which is Double Wood, in terms of giving the thumbs up to this brand. It tests out, on your chart, at above 97% pure. But the reason I choose it over most of the ones you mentioned is that it is much much cheaper. I do think, when one takes many supplements, this might be a very reasonable way to choose something that is actually rather pure."
0,4 years ago,purity_counterfeit,0,Thank you so much. I was worried 1 of the brands I purchased from amazon was fake NMN ( Komprocha NMN & Resveratrol ) but your list shows it is indeed not real NMN. glad i didnt waste any more money.
0,1 year ago,,0,I would like to know about California Gold Nutrition
0,4 years ago,just_take_niacin,0,Hi dr Brad can u made an special ep on this pls. Thxxxxx - nicotinamide inhibits sirtuins
0,4 years ago,,0,Just ordered some Donotage NMN with your code :)
0,4 years ago,,0,Wish there were more independent tests like this for other products …. or is there and I just do not know where to look.
0,4 years ago,price_value,0,"Really glad to see this, the product I buy is excellent have been taking for years as it was an early starter and keeps modifying with science and the price is right, but it gets abused  with lies from other competitors."
0,4 years ago,,0,Thank you for all the research and valuable information that you provide. You're the only one that I take advices from when it comes to take NMN
0,4 years ago,,0,Awesome fundraiser
0,9 months ago,,0,Thank you Dr Brad.🇭🇲
0,4 years ago,,0,Totally agree! You are one of the very few I trust.
0,4 years ago (edited),,0,Please show the bottles and go more in depth Doctor 🙏. My MNM is purchased on Amazon and the manufacturer is printed so tiny I can’t even read it
0,4 years ago,authority_trust,1,Might wanna work on the highlighting. I freaked out thinking Double Wood was a scam. All good. Thanks for this. PS: Are you a Kiwi too? Based in Auckland by chance?
0,4 years ago,,0,Thank you for this info! I've been using Jarrow products since it was mentioned in one of Peter Attia's podcasts. Subscribing...
0,4 years ago,,0,Whew Toniiq is what i use
0,4 years ago,,0,Thank you so much Dr Brad. I have been taking kamprocha for several a week.... It is really pretty shocking me.
0,4 years ago,,0,Yess it is a short simple video
0,4 years ago (edited),safety_side_fx,0,"Great videos, just started following you! I am switching to Toniiq for my NMN and resveratol. Thanks again, fantastic info."
0,4 years ago,,0,Thank you thank you thank you!
0,4 years ago,,0,Really apprciate this video! Thanks and keep them coming.
0,4 years ago,,0,Great info for reordering NMN.
0,4 years ago,,0,Valuable content. I wish there was more vids like this.
0,4 years ago,,0,What a useful talk.
0,3 years ago,,0,Thank you that helps alot have a greatday
0,4 months ago,price_value,1,Why was Nutricost brand not included? It may be the most bought brand on Amazon.
0,4 years ago,,0,Thank you!!
0,1 year ago,,1,The company that do these independent tests is called Lab Daw? Is that right? I’m trying to look it up to see other testing results for supplements. Thank you!
0,4 years ago,,0,thanks for sharing this!
0,4 years ago,,0,Thank you Dr Brad 😊
0,4 years ago,,0,Thank you for this video
0,4 years ago,,0,Thank you for this!!
0,4 years ago,,0,Thanks Brad.
0,4 years ago,,0,"Great find, doc. 🙏"
0,3 years ago,,0,Thank you for doing this!
0,4 years ago,,0,"Thank You, you're a great guy."
0,4 years ago,,0,Very useful indeed.
0,3 years ago,purity_counterfeit|form_absorption|price_value,0,"$124 bucks went down the drain buying fake nmn from amazon. It was labeled exactly as ProHealth  bottle and had no spelling errors or anything. Yet after 90% of consuming this rice powder, i had zero effect. When i went to amazon to file for return, order was no where to be found."
0,4 years ago,,0,Excelent video. Subscribed.
0,4 years ago,,0,Brilliant thank you Brad
0,4 years ago,,0,Thank you for this video! Super useful!
0,4 years ago,,0,woooooow! that's shady!! Thanks for the vid.
0,4 years ago,,0,"Great info, thx! 🌟"
0,4 years ago,,0,Thanks Brad
0,1 year ago,,0,So good
0,4 years ago,,0,Same applies to fish oil.
0,4 years ago,,0,THANKU
0,3 years ago,,0,I just started using Nootropics and have not see anything on it.
0,4 years ago,dose,0,I got the Jarrow's 125mg.  I'm taking one at 10am in a fasted state and one at 10pm.  I know it's not as much as some folks take but I'm hoping a total of 250mg per day can give some NAD boost based on a bit of research I've seen.
0,3 years ago,,0,thanks
0,4 years ago (edited),price_value|authority_trust|benefit_sleep,1,"I was about to sign up with one of the only two MDs at Neal Barnard's Med center. Alas!  The Doc I chose takes no insurance (medicare) and charges $750 for the first hour-long session, and $350 for 30 min follow-ups!  (Although she does offer fantastic immersion programs for very ill and enthusiastic beginners at $6,000 and $10,000) The search continues!  If you could only suggest organizations that list MDs who are boarded in Lifestyle Med and would know significantly more than we about these issues, that would perhaps be a big help! How about a video on Finding informed doctors who are competent to offer advice, information, and guidance?  We would like WFPB docs, and realize your tribe is a bit different.  Actually, how about a video on WFPB (Low Salt, LOW Fat) compared to your approach and the reasons you are not following WFPB.  We would be very interested is a discussion that goes further than your and David Sinclair's explanation that you are Australian! ( SMILE emogi!)"
0,4 years ago,,0,Please look into the brand Cymbiotika they have nmn they claim is the best nmn on the market
0,4 years ago,,0,I ordered Glorifikation NMN & Trans-reservatrol from Amazon. It's not on the list though. I'm not confident as it was a bargain.
0,4 years ago,,0,ABS manufactures in USA.
0,4 years ago,,0,Thanks for sharing this information. It helps a lot navigating this complicated world of supplements.
0,3 years ago,,0,I checked on Labdoor for a test on Livemax NMN and found nothing on their website
0,4 years ago,nmn_vs_nr_nad,1,Thank you. Where can we find comparisons for NR or Fisetin?
0,4 years ago,price_value,1,"I wonder why nmn from MIRAI LAB is so expensive, maybe this is the real and the best nmn?"
0,4 years ago,,0,You can't say that to supplements up to the standard without the results because another product made from that company is up to the standard. That's not best practice.
0,6 months ago,,0,"Is there an update on this, maybe more brands tested now, as there are more on the market after 4 years."
0,4 years ago,,0,Thanks a lot Brad! Great Info!
0,4 years ago,,1,Can you show the analysis HPLC diagram?
0,4 years ago,nmn_vs_nr_nad,1,Does anyone have any information on the two companies (Elysium and True Niagen)? I get my supply of N.R. and N.M.N from them
0,4 years ago,,0,thanks for this technical explanation Brad.
0,4 years ago,nmn_vs_nr_nad,1,Have you done a similar video on NR?
0,1 year ago,,0,"Is there an equal list of ""safe"" brands available because this just makes you not trust any brand."
0,4 years ago,,1,"If you were to buy NAC, which brand would you recommend? Many thanks."
0,3 years ago,,1,Why NMN and not NAD? I don’t see why people don’t just take NAD
0,1 year ago,,0,You skipped Double Wood who come out good on your chart as well.
0,4 years ago,,1,So the ones that are BRL means that there is more than a 1% reporting difference than what is claimed?
0,4 years ago,,1,Does Dr Brad or anyone else have any guidance about Fisetin source?  I was burned with my NMN purchase and I don't want to throw away my money on a similar Fisetin purchase.
0,3 years ago,,1,Does anyone have any information about the Ascuoli brand sold on amazon?
0,1 year ago,,0,"Mine field, not mind field."
0,3 years ago,,1,What about OUSSIU NMN+Resveratrol?
0,4 years ago,,1,"Hi Brad, is NMN product from GeneHarbor (a Hong Kong company) good ? Thanks"
0,4 years ago,,0,arrg my wife just bought NMN from Bulk Supplements.
0,2 years ago,,0,Amazon order cancelled thanks starrhor still there
0,4 years ago,nmn_vs_nr_nad|dose|safety_side_fx,1,I went from Tru Niagen with 1gram of resveratrol to 1gram of ProHealth Longevity NMN daily w/ 1gram of resveratrol. After 2 weeks started feeling bad anxiety that lasted through the day. Read this has happened to others. Should I start over at a lower dosage and work my way up? Thank you!
0,1 year ago,,0,This was three years ago. Do you have an updated list thanks.
0,4 years ago (edited),,1,"Why don't we see the amount of NMN??  Instead, it's lumped and tagged BRL...WHAT is the actual amount??? If they advertise 500 and the test indicates 488 that is very close to 500 but it's tagged as BRL (below regulation level) give me a break, that is not accurate reporting. The chart does not show the true results...Go Figure"
0,3 years ago,,1,What about NmN supplement from japan? I didn't see them on the market or anywhere else.. has it been recall?
0,3 months ago,,1,What about the brand: Naturecan?
0,4 years ago,,1,What is the best nmn to take? The genex one? I want to buy some but don't want to waste my money
0,4 years ago,nmn_vs_nr_nad,1,Any idea what they actually contain? Hoping it's NR so at least get some effect.
0,3 years ago,,0,Labdoor doesn't list nmn anymore..
0,4 years ago,,0,"Thank you very much and Amazon returned my money and I ordered Jarrow . I wrote a review  on this product ,    i  hope amazon does not take review done . Thank so much for sharing and I will check out Lab Door . Did not mention your name . You provide so much great information. Thanks"
0,3 years ago,safety_side_fx,0,"I appreciate your video highlighting the potential problems, but please slow down in your delivery, you should like a pushy salesman."
0,11 months ago,,1,How about NMN Bio on Amazon?
0,3 years ago,,0,Lab door doesn't seem to even test nmn.
0,4 years ago,,1,"In the results column, what does BRL stand for?"
0,1 year ago,,1,"Hi, did iHealth’s NMN pills got tested?  Thanks."
0,3 years ago,,1,How about a list with good brands?
0,1 year ago,,1,Thank you for sharing but i have a problem i have hypothyroidism so is it ok to take NMN ? Is it ok to take NMN ?
0,4 years ago,nmn_vs_nr_nad,1,"I have taken ProHealth NMN Pro 500 , is it still good ? Or back to take Niagen , safer/better than NMN?"
0,4 years ago,,1,"I consumed fraudulent Komprocha. If I haven't ingested nmn, then what have I ingested?"
0,3 months ago,,1,Do you have links for the good nmn?
0,4 years ago,,1,"Was the point the brands tested were all via Amazon? Was DoNotAge, etc tested?"
0,1 year ago,,1,What about VIVANMN?
0,4 years ago,,0,So which one should I buy
0,1 year ago,,0,Where is GO2 MAX 🤔❓️
0,9 months ago,,1,Do you know anything about Age mate NMN contents??
0,4 years ago,price_value,0,It’s too expensive anyway
0,11 months ago,,0,It's almost impossible to get nmn on Amazon
0,11 months ago,,1,"Sorry, who ran the tests on those brands? I'm a bit slow today!"
0,2 months ago,,0,So I happened to buy a real brand I believe it was German I felt the difference and loved it when I went back to refill it was removed by Amazon I honestly don’t think the powers that be want us to heal and they put this bs out to steal from us
0,4 years ago,,1,I figrured as much. Which ones then are actually good?
0,4 years ago,,1,"If testing done by a company which sell a nmn, how that independent?"
0,1 year ago,,1,Is genex the best then? The higher the number the better?
0,1 year ago,,0,Really good info here. I would have like to have heard you address GeneX Forumulations NMN since it has the highest mg value.
0,4 years ago,,0,Pleaae check nmndirect
0,4 years ago,,1,Any experience with MoleQlar?
0,4 years ago,purity_counterfeit|dose,1,"Dear Dr. Brad, The NMN supplement that I have purchase from ebay is called France sh Grace NMN 500mg. It is not in your NMN Test List.  I am wondering if I should continue to take it, after viewing your List. Is it possible for you to find out if this NMN supplement is safe to use? Thanks for your information about this shocking results. It will save a lot of people's money to waste on the fake NMN."
0,9 months ago,,0,Please review more
0,4 years ago,,0,Thank you!
0,4 years ago,,0,Thanks for doing this. Really helpful!
0,3 years ago,,1,Is there an update to this testing from 2022 or 2023?
0,1 year ago (edited),,1,Which brand is good?
0,4 years ago,purity_counterfeit,0,Toniiq failed another youtube channel's purity test at an independent lab.
0,4 years ago,purity_counterfeit|no_effect,0,"i took a fake nmn for a month nothing happened,,,"
0,1 year ago,benefit_recovery,0,"you say to run it by your own personal doctor, the issue is doctors will never support anything like this product, they will happily give you statins and other vile products. In the UK even getting an appointment for a serious condition is nigh on impossible so the only choice is self-research and usually taking a punt based on facts garnered in this way."
0,3 years ago,purity_counterfeit|dose,0,"GloriFikation NMN + Trans-Resveratrol Supplement 1100mg 60 Caps ,,,       is this brand fake or what ,,,"
0,6 months ago,,1,"Wow what a shocking result! Interesting note about NMN, it is sold as lab chemical not food supplement in EU. I covered this topic in my video: https://youtu.be/HaE3RA1n57I?si=C-Z8BehmxN57Fcnn"
0,1 year ago,,1,What is a MIND FIELD? 🤣
0,10 days ago,age_gate,1,have you a review since then ?   this data is over 5 years old.  WELEYOU seller is not on this list.
0,4 years ago,nmn_vs_nr_nad,0,"Just buy Niagen.  Its NR made in Oregon, and a better precursor anyway."
0,4 years ago,purity_counterfeit,0,I think you accidentally overlooked that the brand ''Double Wood'' which did indeed contain within 1% of their to label claim.
0,4 years ago,,0,It only takes one other doctor to validate these findings for it to blow up. Let’s have at it.
0,11 months ago,,0,Heu
0,11 months ago,,1,May I ask who ran the tests?
0,4 years ago,,0,"Different brands have different NMN extraction methods, but use the same standard test, which in itself is unreasonable."
0,2 months ago,,0,Amazon supports the genocide. You shouldn't be buying from them anyway. They also are tax dodgers.
0,4 months ago,,0,doktor does not anything about these products
0,2 months ago,purity_counterfeit,0,If it’s on Amazon it’s probably fake no surprise the two that aren’t are real
0,4 years ago (edited),just_take_niacin|dose|safety_side_fx|benefit_sleep,0,This is exactly why I have been taking high dose nicotinic acid for the last several years and avoiding NMN. I definitely notice a difference when I don't take B3. Don't believe it when you hear niacin causes liver problems. It's only the extended release stuff which I never use. I'm 52 and my lipid profile is excellent. Same with my LFT's. It also helps me with mood and sleep. Check out Abram Hoffer and the work he did with niacin that has been intentionally discredited and squashed by the APA.
0,6 months ago,purity_counterfeit,0,"The Philippines is the king of fake supplements. There's zero oversight on claims and/or consumer rights. Never order from LAZADA. They deceive you with popular American brand art  but if you look closer, it's not the American brand you thought."
0,4 years ago,,0,I'm gonna try gen x formulations. It has 456 and I weigh 120 pounds (very short) . Even if it's a bit short I should get what I need without double dosing. They come March 29th question here a month from now for results.
0,4 years ago,,0,"The advertisement of your video is too obvious, I will not watch your video again."
0,4 years ago,,0,1% just balls you all rpt all said this work heavily on health and aging now 1%   your becoming a joke
0,4 years ago,,0,"Both brands of NMN I bought from Amazon, have BRL.😳🤯"
0,4 years ago,,1,"If Prohealth's nmn products are as good as you said, why there are so many negative reviews on their Amazon page?"
0,4 years ago (edited),evidence_studies,0,"This study was done by a company that is also in the supplement business, so I'm a little suspicious."
0,3 years ago,,0,"Toniiq has also been tested to contain ZERO NMN, this table being displayed is not entirely accurate"
0,3 years ago,dose|price_value|authority_trust,0,"I've been taking one of the ""BRL"" categorized supplements from the article, which means it's between 88% to 99% pure, according to  the pie chart below in the article. I extensively compared prices to the 3 listed as ""pure"", to discover they range between double and quadruple the price per dose I paid. While I despise snake oil salesmen, I also despise monopoly & price gouging - I think I'll stick with what I'm using."
0,4 years ago,purity_counterfeit,1,NMN Plus shows on amazon a micro quality labs test wherein their product tested for 98% purity. So how can you say they are not legitimate on this chart? Is this not where you got your data???
0,4 years ago,,0,Do not like to market products in any vicious competitive situation! The video is obvious!
0,4 years ago,just_take_niacin|tmg_methyl,1,I thought you were over NMN? And we’re going with Niacin and TMG?
0,4 years ago,,1,NMN doesn’t work so why even bother buying it in the first place?
0,4 years ago,,1,"My friend has been taking NMN max, a brand of NMN, for a long time and has been recommending it to me and sharing the benefits of his use, and now you're telling me it doesn't contain NMN?"
0,2 years ago,just_take_niacin,0,The data seems to say that Niacin is the worst form to take
0,8 months ago,evidence_studies,0,"Thank you so much for your presentation which is based on scientific evidence. According to a paper published by the Novo Nordisk Foundation Center for Metabolic Health May 2025 """"mice retained normal muscle function and health even after their NAD levels were reduced by 85%. Given that NAD levels drop by only up to 30% through aging, the findings challenge the health benefits claimed by supplement companies."""""
0,2 years ago,,0,This always happens right after I purchase a product like NMN. lol
0,2 years ago,,1,doctor braaaadford.  Why is it that I can predict the phenotypes of people who make the best videos?
0,2 years ago,benefit_energy,0,"I don't know about my muscles, but I have more energy and feel less stressed when I take NMN.  I will keep taking it."
0,1 year ago,,0,There are some NMN supplements in Japan too. I wonder if they are 3rd party tested. Thanks Doc!
0,2 years ago,,0,I would gladly pay 2-3$ a month to support your channel
0,3 years ago,just_take_niacin|evidence_studies|benefit_skin_hair,0,The niacinamide study you present at th end for skin wrinkles is related to topical serum containing nicotinamide not the supplement.
0,2 years ago,just_take_niacin,0,"No flush niacin, nmn,  has an addative that negates the flush and also negates the benefits."
0,3 years ago,,0,Comments to support the channel.
0,2 years ago,fda_ban,0,"I read an article that said NMN was banned as a weight reduction supplement, not for promoting longevity."
0,2 years ago,price_value,0,I just take a handful of dry roasted peanuts at $2 a pound.
0,3 years ago,evidence_studies,0,The bottom line ssems to be that it will take years for human trial data to shake out. Everyone should decide if they want to wait for that.
0,3 years ago,just_take_niacin|dose,1,How is the situation in the US? In German fir example the average person has an intake of 36mg of  Niacin in average per day just because of the normal eating habits. So why would there be a need for any supplementation?
0,3 years ago,just_take_niacin|nmn_vs_nr_nad|safety_side_fx|benefit_sleep,0,"Niacin gave me eye vision issues, nmn gives me insomnia. May try nr"
0,3 years ago,nmn_vs_nr_nad,1,What about NAD injections?
0,3 years ago,,0,"I like that you highlighted David’s interest there, thought I was the only one that noticed that"
0,2 years ago,form_absorption|safety_side_fx,0,You didn’t address method of delivery. I take it sublingually so it never enters my stomach.
0,3 years ago,,0,have you heard of the brand VERSO....please do a video on them!!
0,3 years ago,form_absorption,1,What about sublingual absorption? What about liposomal NMN?
0,2 years ago,,0,I think after 2 months of NMN Im starting to feel better also included PC. There maybe is something to it and my NAD is probably tanked due to chronic issue
0,2 years ago,,0,Thank you very much for an informative non biased vid backed up by facts. I was on the fence about this product and im going to stay away for now.
0,3 years ago,just_take_niacin,1,What about niacin ? seems there is evidence that muscle nad in muscle is increased with supplementation.
0,3 years ago,,0,might be easiest to use Quercetin which will keep blood NAD levels high
0,2 years ago,stop_restart,0,"I ran out of nmn two months ago, and now, i missed myself. Im not the 2011 guy anymore, and the world is different to me now, even if they all looked the  same."
0,3 years ago,just_take_niacin,0,When I take niacin it sets me on fire.
0,3 years ago,nmn_vs_nr_nad,0,Ok what about nad+ infusion
0,3 years ago,,0,Thanks for your insight... Instant follow
0,3 years ago,,0,whew! thorough!!!!
0,3 years ago,just_take_niacin|dose,0,Thanks.....your citings and reviews in this videos.... I take 36 mg B3
0,3 years ago,,0,Many thanks dear Brad.
0,3 years ago,,0,THANK YOU!!!
0,3 years ago,authority_trust,0,"So as a side viewer, neutral fella who cares aboit his health, I def can sence this fella, young doctor is after Sinclair, whom Ive been aware of for few years now. Nice to see some challenging and counterpoints. Truth is always somewhere in the middle. Gonna have my first go at nmn tomorrow mornin. Cheers to all and stay young and healthy. I mean, healthy 🤘"
0,2 years ago,,0,thank you swo much for this!!
0,3 years ago,just_take_niacin|dose,0,NIACIN in Amazon is 500 mg per tablet
0,3 years ago,,0,The best thing for anyone to do is try  NMN for themselves.  I can testify to the fact that it works.  It's about how you feel and what improvements occur.   No matter what anyone says l can testify that NMN is great. That's the bottom line for me period.
0,2 years ago,just_take_niacin|dose,1,50 mg of niacin a Mega-Dose? I take 3 100mg tablets a day. How is 50 mg a mega? I'd have to split these tabs in half to get that low.
0,3 years ago,,1,"Hi Dr Brad, could you do a presentation on Allithiamine/ Thaimin Tetrahydrofurfurlydisulfide? Thanks."
0,3 years ago,nmn_vs_nr_nad|benefit_energy|benefit_sleep,0,NR is really good tho. Better sleep and more energy.
0,3 years ago,just_take_niacin,1,What about  inositol hexanicotinate? Is it better to get the flush?
0,3 years ago,just_take_niacin|nmn_vs_nr_nad|dose,0,Even 10 mg Niacin makes be flush. So NMN or NR are ways I can take B3.
0,3 years ago,form_absorption,1,"How do you think Enteric encapsulation will or could change this equation, if at all?"
0,3 years ago,tmg_methyl|evidence_studies|age_gate|benefit_recovery,0,"Everybody’s age and health status is different so hard to compare study results to what we would get. For those over 60, and you need a lift, try it and see if you benefit. Take TMG and Fisetin too!!"
0,3 years ago,,1,"you said it increased blood levels, but in a slightly later breath you then said it was broken down before it reached our blood stream?"
0,3 years ago,,0,"appreciate the evidence based balanced view ,tks"
0,3 years ago,fda_ban,1,Is there still a FDA ban on it?
0,1 year ago,just_take_niacin,1,Great content you have a new subscriber.  What brand Niacin do you take?  Ty
0,3 years ago,just_take_niacin,1,What kind of niacin do you take?
0,3 years ago,just_take_niacin,0,Cheers so much I thank God for you and so funny and it can only be God and that's that for the last month I've been mega dosing of B3
0,3 years ago,just_take_niacin|dose,1,"My Niacin tabs are 400mg each, but now I’m worried that’s a “bit” much?"
0,3 years ago (edited),,0,Hey Brad ❤️
0,3 years ago,just_take_niacin|dose|tmg_methyl,0,"Hmm, just looked into my tablets, and they have 100mg plus B3 is also in my multivitamins. I guess, taking the Niacin every second day is good enough then, with TMG every day."
0,3 years ago,benefit_sleep,0,I appreciate your content. It is good to hear other points of views. I must say i have been interested in Nmn but i like the fact that different doctors have différent point of views so don't pay attention to criticisme since what matters is that you have your integrity in sharing your point of view even if it is a contrarian idea ! 👍
0,3 years ago,form_absorption,0,I really would like to know your thoughts on renewed by science sublingual and nasal spray
0,3 years ago,form_absorption,0,how about if we take it sublingually
0,3 years ago,safety_side_fx|benefit_sleep,0,I would like to continue taking NMN but seems to be giving me insomnia
0,3 years ago,,0,You are amazing. Thank you!
0,3 years ago,safety_side_fx,1,What about lipo nmn. Is that mostly broken down in the liver?
0,3 years ago (edited),just_take_niacin,1,What about Nicotinic Acid megadoses (3g up to 30g)?
0,3 years ago,,0,I would still like to know what NMN is made of other than milk extract
0,3 years ago,just_take_niacin,1,Does niacin have the lipolysis blocking effect as niacineamide?
0,3 years ago,just_take_niacin|cancer_risk,1,So you're saying that by megadosing niacin you may be increasing your risk if you have some form of pre-existing cancer?
0,3 years ago,,1,Is the reduction in NAD due to  reduced  production or due to increased usage by cells ?
0,3 years ago,,1,Would a topical application have a different outcome of absorption into muscle?
0,3 years ago,,1,"Doc, what would you recommend for men approaching 50?"
0,3 years ago,just_take_niacin,1,"Thanks Dr Brad, can you recommend a brand of Niacin?"
0,2 years ago,stop_restart|benefit_joints,0,"When I regularly take NMN my arthritic pain disappears, when I stop taking it, it comes back. I don't know what else to say."
0,3 years ago,,0,Thank you Dr. Brad! This is greatly appreciated!
0,2 years ago,dose|price_value,0,"Didn't do much for me. Maybe a slight improvement with the aerobic performance but nothing spectacular. Maybe my dosage was too low 250-500mg but can't afford like 8 pills a day, a new bottle every other week, that's stupid 😂"
0,3 years ago,form_absorption|benefit_energy|benefit_cognition,0,"Been taking a liposomal NAD+ product for a week, felt great, no tiredness anymore, more focus. Stopped and felt extremely exhausted and bad... not repeating that."
0,3 years ago,just_take_niacin,0,"I tried niacin with ribose and recieved 0 flush. Hhmm, nice."
0,3 years ago,just_take_niacin,0,I watched another video saying the diabetic issue is eating carbs after 3-6 hours of taking niacin.
0,3 years ago,form_absorption,1,"Not sure if this already asked, but what about liposomal formulations of NMN? These are marketed as being more bioavailable as the active ingredient is purportedly absorbed directly into the bloodstream?"
0,3 years ago,form_absorption|benefit_skin_hair,0,"So, if NmN is absorbed thru the skin and not thru the stomach acid acid. Maby dmso how would this play out"
0,7 months ago,,0,They should not be allowed to sell things till they r sure! We r lied to so much!
0,3 years ago (edited),just_take_niacin|dose|benefit_energy,0,"One thing which I would add is that so many doing ""reviews"" are actually paid by the companies, and/or cashing in by marketing on Youtube, etc. When there's money involved, I'm always super sceptical. However, there is a lot of supporting science, and my curiosity got the better of me, so I'm trying NMN to see if there are any results. I'll give it a few months. I had tried high dose B3 before, but nothing whatsoever. I often have tiredness, which I've suffered from all my life. As a teenager I'd get very sick just doing some physical activity, actually vomiting. Tired so much, and have seen little improvements, but nothing as dramatic as the claims for NMN. So, we'll see."
0,3 years ago,,1,"After intense exercise low level sepsis is commonly found, could this be a way in which nutrients in the blood pass (either through capillaries or passive diffusion) into muscle cells as needed?"
0,1 year ago,,1,Dr Brad. I'm going to order your multivitamin. Can I ask which web company designed your site? I really like it. Thanks.
0,3 years ago,just_take_niacin|dose|evidence_studies,1,I have read studies that say high dose b3 can cause a copper deficiency. Isn’t this a big risk of taking high dose niacin?
0,3 years ago,just_take_niacin|nmn_vs_nr_nad,1,So NR and NMN improve insulin sensitive but Niacin worsens it? How does that works?
0,3 years ago,,1,What do you think of the supplements like Novos Core and Boost?
0,3 years ago,just_take_niacin,1,"I'm confused about why someone would take Niacin instead of Nicotinamide, which doesn't cause the flushed face.  Is the Nicotinamide less effective?"
0,3 years ago,form_absorption|safety_side_fx,1,What is your opinion on liposomal NMN then? Theoratically it would bypass the liver metabolism wouldn't it?
0,3 years ago,just_take_niacin,1,Very interesting and informative video. Is extended release niacin recommended? Thanks
0,3 years ago,just_take_niacin|dose,1,"How much nicotinic acid is produced by NMN in the gut percentage-wise? Wouldn’t it be a gas if the amount of nicotinic acid produced by NMN in the gut was very small, and that’s why there isn’t flushing?"
0,3 years ago,,1,"What is the verdict on NMN supplements with resveratrol which are so popular, seeing as resveratrol seemingly has negative effects, ie less exercise endurance, basically the opposite of NMN?"
0,3 years ago (edited),authority_trust,0,I guess the sponsor (DNA) may have answers on those questions.
0,3 years ago,form_absorption|safety_side_fx,1,"I've been taking it sublingual, would that not avoid some of the NMN being covered in the liver?"
0,3 years ago,,1,Any thoughts on sub-lingual NMN or sub-lingual NADH ? Thanks
0,3 years ago (edited),nmn_vs_nr_nad,0,Please provide your reason for avoiding mentioning TruNiagen. Correct me if I'm wrong.
0,1 year ago,just_take_niacin,1,I’m confused. So taking Vit B3 is the same as taking NMN?
0,2 years ago,form_absorption,1,"I wonder, is sublingual NMN any better?"
0,3 years ago,authority_trust,1,"Dr. Stanfield what about Alive by nature NMN,   I have taken it this before and felt great very noticeable . Is this brand a good one also?"
0,3 years ago,just_take_niacin|safety_side_fx,1,Think of much much older population and how some are not able to exercise and do have some diseases and injuries. B3 is great but doesn’t it have some liver and diabetes risks - specially for the elderly and already Ill population?
0,3 years ago,just_take_niacin|placebo|benefit_energy,0,I’ve be trying NMN for a week or 2. I don’t know if it is a placebo effect but I do feel like my endurance has improved. But I don’t feel like my energy level have spiked like if I took a stimulant like caffeine. After I finish the bottle I will jump on B3 to see if there is a difference.
0,3 years ago,,0,Resveratrol has adverse reactions
0,3 years ago,just_take_niacin,0,"As far as i am concerned, i flush like hell with nmn! Regardless of the scientific litterature 🤷‍♀️"
0,3 years ago,authority_trust,1,Donotage is sponsor also?
0,3 years ago,just_take_niacin|dose,1,I keep trying to decide if i need this and what to use? It is confusing and when looking at online info for B-3 the “may help” is ever present when talking about effects!  So is it better to use 50mg of b3 or NAC?
0,3 years ago,no_effect|stop_restart,0,"I stopped taking NMN and didn't notice a difference, but I'm only 33."
0,3 years ago,just_take_niacin,1,Is it ok to just do flush free niacin?
0,3 years ago,,0,A lot of bot comments in here promoting specific brands which seems like a new way of advertising
0,3 years ago,fda_ban,0,NMN not for sale anymore because FDA 😢
0,3 years ago,just_take_niacin|tmg_methyl|benefit_joints,0,Ehen i take the non flashing B3 withon 2 4 fays i brcome obsessive. I dtart having a simple thought and then keep teapeating it. It is stinning. I gave ip on it for a while three times and be it did it again. Hoffer said j the took huhe amounts and hi SS bleeding gums sopped bleeding. Slso his mother got rid of her jaint pain In i sm 72 and have never had joint pain snd nleeding gums. B3 is a methylator. And
0,3 years ago,nmn_vs_nr_nad|price_value|no_effect|evidence_studies|benefit_recovery,0,"Hi Doctor - another similar nad booster NR was tested by NIA in the ITP back few yrs ago and no life extension for mice per below summary.  With ITP have found though several other type compounds over past 20 yrs that did extend life span,  Haven’t yet tested NMN but with NR not of benefit than most likely same for NMN as both big for raising nad and nothing for NR.   If wanted to take some supplement why not use some that shown benefit with ITP and of these those that too found from other studies of benefit for humans. The Interventions Testing Program (ITP) at the National Institute on Aging runs very rigorous, costly life span studies in large numbers of mice, picking a few interventions to test each year. The usual outcome is that a treatment with some interesting past results is found to have absolutely no effect on life span when run through the rigor of the ITP process. We should all bear this in mind whenever modest life span extension in mice is reported by researchers elsewhere in the community. Based on past ITP data, a great many such results are the result of chance or poor experimental design. Today's open access paper reports the latest set of interventions to have shown minimal, gender specific, or no effects at all on mouse life span in the ITP process. Of interest to the community here, nicotinamide riboside supplementation is one of these, and does not extend mouse life span."
0,2 years ago,,0,If someone is not exercising regularly then they don´t really care about their health.
0,2 years ago,,0,according to my experience nadh is the most effective
0,3 years ago,authority_trust,0,"I have a baby face, I have a red light which I use religiously. I have to fight my reaction of not taking Dr Stanfield seriously because of his baby face and his supplement regime."
0,3 years ago,,1,"Dr. Please tell me if 500 gran daily is a good start to take NMN?  Also what supplement would you recommend to,take along with NMN"
0,3 years ago,just_take_niacin|evidence_studies,1,"We need to keep our eyes on the prize. The ONLY thing that counts is: Does NMN or niacin enhance human longevity? We need to test it in yeast, worms, flies, mice, dogs, monkeys, and humans as quick as possible."
0,1 year ago,purity_counterfeit|just_take_niacin|dose|price_value,0,"What a fortuitous stumble across video.  I recently ordered berberine from DoNotAge based on purity tests by another longetitivy channel. Only five grands out of 27 tested at 100% berberine.  Plus, when ordered by subscription massively less expensive than anyone else.  I got an email from them with a link to a research paper showing how effective NMN allegedly is for the elderly.  Just a metanalysis, but I came to YT and here's the first video I chose. I really like his research and methodology.  Interesting that the DNA product came out once again as 100% pure.  Thinking more and more highly of them. I've been taking NOW brand sustained release Niacin 500mg daily for about eight years for increasing serum HDL levels.  Now I just learned I've been treating my cells to other benefits.  And without other expensive supplements. Thank you, Doctor!"
0,2 years ago,,0,I started taking nmn for a good year twice a week (not very high doses) among other slow aging methods for some years now.  Im 34 and get mistaken for a high schooler.  It's flattering and frustating at the same time.  Young looking people don't get the same respect as older looking folks.
0,3 years ago,nmn_vs_nr_nad|form_absorption|safety_side_fx,1,What about liposomal nmn/nr delivery?
0,3 years ago,purity_counterfeit|price_value,1,"Hi Dr.Brad, im trying to get my NMN from china at a more acessible price. It is third party tested by SGS. What is your opinion? I buy them for my mother. It really helps her alot."
0,3 years ago,nmn_vs_nr_nad|dose|price_value|fda_ban,0,What do you think of TRU Niagen 300 mg it’s FDA approved and claims - age better - it’s not cheap either
0,3 years ago,nmn_vs_nr_nad,0,"For what it's worth, I've been reporting on NR/NMN human research results and am equally skeptical about them."
0,3 years ago,dose,1,Why do I see a bunch of bottles on the market that are 250mg & 500mg? Isn't that overkill if the recommendation is 15mg?
0,3 years ago,,0,Thanks
0,3 years ago (edited),just_take_niacin,0,"IAM HISTAMINE INTOLERANT SO MNM+RESVERATROL I CANT STAND, WELL RESVERATROL I CAN HAVE IT... I WILL TEST VIT B3 NOW FOR A MONTH AND AFTER I WANNA TEST THE PURE MNM TO SEE/FEEL THE DIFFERENCE.. IAM SO EXITED  LOL"
0,3 years ago,nmn_vs_nr_nad,0,It is better to take Nicotinamide riboside (NR).
0,2 years ago (edited),nmn_vs_nr_nad|dose,0,I'm 71 and have been taking 300mg NR daily for six years. I can see zero fx positive or negative.
0,1 year ago,,0,89107 Dickens Row
0,3 years ago,,0,Always start with your conclusions.  Same goes for youTube 🥱
0,3 years ago,benefit_sleep|benefit_recovery,0,Just eat right sleep 7-8 hours a day and workout
0,3 years ago (edited),just_take_niacin|dose,0,"Checked my multi-mineral vitamin supplement, provides 125 mg niacin, thankfully never any flushing. *Edit - It says it's niacinamide, so I guess that doesn't cause flushing."
0,3 years ago,just_take_niacin|dose|form_absorption,1,You said you megadose B3 at 50mg. All of the capsules I’m seeing are 500mg capsules. What’s the deal?
0,3 years ago,,1,Can anyone recommend a good nmn brand?. There are so many and some include caffeine which I do not want.
0,3 years ago,nmn_vs_nr_nad|form_absorption,1,What about liposomal nmn or nr?
0,3 years ago,,1,"Just wondering, is it new zealand kiwi accent?"
0,3 years ago,,1,So what is the conclusion? People will die while still looking good (nice skins)?
0,3 years ago,dose|tmg_methyl,0,nmn is working good for me. i have taking nmn 600 mg together with resveratrol 400 mgand tmg for 2 and a half year now. he talk ....
0,2 years ago,,0,The questions ergo the results are wrong.
0,3 years ago,just_take_niacin,1,why not just take B3 ?
0,3 years ago,,1,Does this review apply to men only? What about women
0,3 years ago,,0,Sir it medicine when avilable in Nepal
0,3 years ago,,0,👍
0,3 years ago,,0,Such excellent questions. Thanks for a great discussion. ✋
0,3 years ago,,1,Do they melt in the hands?
0,3 years ago,just_take_niacin,1,"thank you dr for your well put-together videos. I couldn't find on your channel a video comparing nicotinic acid and niacinamide, is there a reason you choose niacin over NAM? are they both equally effective?"
0,3 years ago,just_take_niacin|form_absorption,1,"But it isn't a vitamin ? Not B3. It can't be absorbed anywhere close to the ratios expected to classify it as a vitamin. Well still could be of benefit, but let's call it what it is, not incorrectly label it."
0,2 years ago,just_take_niacin|benefit_cognition,1,Hmmmmm...very much interesting information....but I think you are eventually too much focusing on the muscular aspect...if its not raised in the muscles when the blood level is raised doesn`t mean that it´s not raised in other tissues/organs of the body...right? I myself feel the strongest changes on the mental level...awakeness...fokus...to me it´s a  game changer...because of my own experinece...and all I can say is that high doses of Vitamin B3 as a part of a multi-B-supplement feel a lot different...not as good...
0,3 years ago,just_take_niacin,1,So basically if I take niacin there's no reason for me to take NMN?
0,3 years ago,,0,exercise. eat right. stay off sugar and fructose. done.
0,3 years ago,,0,Shout it from the rooftops.
0,3 years ago,,1,Any updates on this information?
0,2 years ago,,1,Why not just take NAD then?
0,3 years ago,nmn_vs_nr_nad,1,Anyone had NAD+ injections?
0,3 years ago (edited),evidence_studies,0,"So at this point it looks like NMN is great for healthspan and lifespan, in mice. Humans not so much."
0,3 years ago,just_take_niacin,0,Nice. I drew the same conclusion as you. Let’s go niacin!
0,3 years ago,evidence_studies|authority_trust,1,"Well… Dr David Sinclair is busy with this study allready how long,  25 years?  Ok then.."
0,3 years ago,,1,So the short of it? take nmn or not ?
0,3 years ago,authority_trust,0,"Do not age is smart. If you want a favorable recommendation from Brad Stanfield, all you have to do is pay him. Before you know it, he will start selling supplements and completely sell out. I actually don’t think he would stoop that low but it is possible."
0,2 years ago,,0,How can I get in Nepal
0,3 years ago,evidence_studies|benefit_recovery,1,Why you just run a case study on yourself? You have all the tools and resources to answer these questions via your own personal case study.
0,3 years ago,,0,Great work doc.
0,3 years ago,evidence_studies,0,"Regarding NAD+. This study ( https://youtu.be/997OIbBqTfk ) shows that NAD decreases with age, and if the elderly walked 15k steps each day, it increases NAD levels to someone in their 20’s. If this is the case, why would supplements be of any use."
0,3 years ago,just_take_niacin|dose,1,50mg?? that seems really low... I take 1500mg of nicotinic acid a day... is there a reason you are limiting yourself to just 50mg?
0,3 years ago,,0,"I would like to see you sell you own multivitamin. To clear any doubts you should just make the finances public. As long as the majority of profits is spent on research, I don't see your reputation taking a hit in anyones eyes."
0,3 years ago,,0,"The owner of this video and the commenters do not understand the new understanding of how aging works, it has nothing to do or very little to do with what you eat or inject. chemicals are in the middle of the road of the aging process not the foundation start"
0,3 years ago,,1,Why are you talking that fast on that complex issues?
0,3 years ago,,0,This bitter one man war of your's is just sad. You know it yourself too.
0,3 years ago,placebo|evidence_studies,1,Mice and placebo?.. Hm.
0,3 years ago,,0,"Oh man, those quick zooms have to go. Also, you can save yourself half a mil by just waiting until you make your ""Rapamycin Debunked"" video in a year or two.... ;-)"
0,3 years ago,,0,Nmn is just vitamin B
0,3 years ago,price_value,1,So. Don’t spend $60 on that supplement that sounds too good to be true? Got it. Sticking with creatine and fish oil.
0,2 years ago,,1,Triggered?
0,3 years ago,,0,what does real NMN taste like
0,3 years ago,,1,Isn't he a rapper?...🤔
0,2 years ago,,0,SKA-LEE-TIL heh
0,3 years ago,,0,"To be clear; you are a medical doctor, not a scientist."
0,3 years ago,,0,Nix- nada- nothing..I'm better served with my med.mushrooms like Cordyceps milit...and OM's...😁🤩🤭😏
0,2 years ago,dose|fda_ban,1,Why on earth would this “smart” guy presume that the dose given by the FDA would be optimal?  That seems to be a very ignorant presumption.  I have a form of Lyme disease (babesia) and NMN seems to be hugely helpful.  Never presume a government agency’s motives are not suspect.
0,2 years ago,form_absorption,1,"Fail to understand when nmn is not absorbed, why you in the last recommended to buy nmn with reliable sources? Number 2 when nmn had no advantage why another company claim in total rights of a useless supplement, please comment"
0,3 years ago,,1,Thanks for another great summary thank you for your hard work and sharing. What do you think about testing NMN levels before starting supplements? Testing kits seem to be very expansive...
0,3 years ago,,0,Me and my savings thank you
0,3 years ago,nmn_vs_nr_nad,1,"You mentioned that tests  NR effects on muscle NAD+ show that NR doesn't get to the muscle cells but over a lengthy period of time, if you are taking NR and/or NMN for years. Doesn't the NAD+ rich blood eventually have a benifefitial effect of at least maintaining muscle cells as you get older and instead or reversing aging, instead slows it down?"
0,1 year ago,authority_trust|benefit_recovery,0,My estimate is that if I would have followed Dr. Brad Stanfield consistent negativity on non Pharma drugs I would have been dead about 30 years ago. I have been forced by traditional western medicine to develop breakthrough natural formulations that have run circles around traditional doctors. He seems to be fully indoctrinated beyond any hope.
0,9 months ago,,0,NMN pub med
0,3 years ago,authority_trust,0,Dude.  You hate David Sinclair.  It's plain to see.  Get over it.
0,3 years ago,authority_trust,0,You hate sinclair huh😂
0,3 years ago,,0,What is not said... is that you live an unhealthy lifestyle... no supplement will be able to help you.
0,3 years ago,,1,"Why do you repeat the subject in your sentences when you speak? You will say, “The members of this group, they will …” It should be “The members of this group will…” Is this an Aussi thing?"
0,3 years ago,,0,Is this man made or does it occur in nature
0,3 years ago,just_take_niacin|dose,0,I take 1500 mg b3 daily.  Love the flush.  Makes big difference in blood markers
0,3 years ago,authority_trust,0,So far it is a scam.
0,3 years ago,,0,All of this bio hacking.   Yet the average life span continues to decline.   Now at 76 for male in USA.
0,3 years ago,nmn_vs_nr_nad|evidence_studies,0,"professor D.Sinclar said that his studies show that NMN works much better than NR( which you mentioned works average or not at all),  and it has to be taken with resveratrol, AKG (aplha kefoglutarate), and metformin."
0,2 years ago,safety_side_fx,1,This video is very misleading. The thousands of people (myself included) who use MNM know it's astounding benefits. There are no known side effects. We know MNM raises blood NAD levels significantly.. Does it matter if the body stores it in the muscles or not? Do you even know if young people have high NAD levels in their MUSCLES rather than blood? What matters is it works.
0,3 years ago,,0,I still think that Rapamycin (mtor suppressor) combined with extracts of Cordyceps Sinensis (growth and regeneration that bypasses mtor) could be the big thing we are all waiting for.
0,3 years ago,just_take_niacin|dose,0,"In addition to the companies mentioned at the end of the video for Niacin (Nicotinic Acid), I can attest to the fact that I sourced my 500mg Niacin from Nootropics and it gave me a massive flush, so it must have a fair amount of Niacin in it."
0,3 years ago,,0,You think that you are clever because you are reading the scientist article. People who have reviewed this with own personal experience should be the measuring in conjuction with science to back it up.
0,3 years ago,,0,INIMIN
0,3 years ago,just_take_niacin|dose,0,"I'd like to see you do a video on the potential diabetic promoting effects of higher dose B3. B3 will suppress free fatty acid levels (a good thing) soon after ingestion but about 1-2 hours later, there will be an elevated free fatty acid rebound effect that might last 4-6 hours which could promote much higher blood glucose levels if you're eating during that window. Some people quickly end up in diabetic territory if they continue this regimen."
0,3 years ago,,0,NMN is not the real slim shady. Please sit down🙃
0,1 year ago,,0,Did I watch an AI video 💀😂
0,3 years ago,dose,1,"I just started NMN 240 MG a day sub lingual in the a.m, it completely and utterly knocks me out to where i cant function. Anyone else having these experiences?"
0,3 years ago,,0,"Ρε άνθρωπε κόψε λίγο ,μην τρέχεις τόσο πολύ, δεν μπορούμε να σε παρακολουθήσουμε από το τόσο τρέξιμο"
0,3 years ago,authority_trust,0,"I have been told that NMN should not be taken with synthroid (hypothyroidism). Dr. Stanfield, please let me know your thoughts. Thanks."
0,3 years ago,just_take_niacin|dose,1,I believe your supplement stack page says 100MG of Nicotinic Acid.  Would you recommend 50MG or 100MG? Thanks.
0,3 years ago,just_take_niacin,1,Considering the end result is NAD+ will it make sense simply to supplement with nicotinamide rather than nicotinic acid.?
0,2 years ago,,0,I don ‘t believe you
0,3 years ago,just_take_niacin|safety_side_fx,1,So where do we go from here?  Continue taking nmn or switch to niacin?
0,3 years ago,,1,I take NADH.... What are your thoughts??! Please
0,3 years ago,placebo|evidence_studies,1,What's purpose give placebo for mice?
0,3 years ago (edited),purity_counterfeit|just_take_niacin|dose|tmg_methyl|safety_side_fx|evidence_studies,1,"high dose niacin has two potential risks: (1) liver toxicity, (2) higher serum homocysteine, as well as methylation issues. some viewers discuss the liver issue, but not the homocysteine issue.  there's no evidence if taking TMG  with niacin could alleviate liver toxicity. and it is still unknown that is this higher homocysteine due to niacin intake a risk factor. Note that high homocysteine  is a great risk factor for CVD.  In contrast, oral NMN does not have the above two risks. many studies show oral NMN does not affect serum homocysteine nor any liver biomarkers. And the video is biased. Oral NMN does raise whole blood NAD+, but not muscle NAD+, since PH pathway does not appear in muscle. So it is highly possible that oral NMN generates NAD+ through the PH pathway, not Salvage pathway. The claim that oral NMN cannot reach blood is a fake issue, since it is transformed by gut microbiome into NAMN (not NA) and does raise NAD+. The issue mentioned in the video is that oral NMN cannot raise muscle NAD+, but niacin has the same property. A 2020 Cell Metabolism paper shows oral niacin raises whole blood NAD+, but not muscle NAD+ in healthy adults. same as oral NMN.  But exercise can easily raise muscle NAD+, so exercises solve muscle NAD+ issue. The question is can oral NMN, or niacin, or exercises, raise NAD+ in other tissues? or they target different tissues? it is still unknown, but promising in my view. to sum, oral nmn has same or even better benefits of niacin, but has no potential risks of niacin."
0,3 years ago,just_take_niacin|dose,1,Why in the world is the 500 mg dose of niacin so popular?
0,3 years ago,authority_trust,1,Are the companies Brad mentioned at the end of the video legit? I am looking to buy some NMN but so many scams online I am unsure about which brand to purchase. Would greatly appreciate some responses
0,2 years ago,authority_trust,0,I have to say I don't appreciate your bad morning Dr. Sinclair. It's a complete turn off for me. Very childish to use that behavior to get clicks.
0,3 years ago,,0,nutritional yeast > NMN
0,3 years ago,,0,So annoying; so many opinions.
0,3 years ago,just_take_niacin|timing_protocol,1,Is there a best time of the day to take nicotinic acid? With a meal or empty stomach?
0,3 years ago,safety_side_fx,0,No mention of sub-lingual delivery.
0,3 years ago,just_take_niacin|safety_side_fx,1,any suggestions on a vitamin b supplement that dosent cause flushing and rashes ?
0,3 years ago,,1,Can NMN be injected?
0,3 years ago,,0,You never cover the absorption when NMN is applied sub lingual.
0,3 years ago,form_absorption,1,Sublingual?
0,3 years ago,,0,This dude doesn't deserve attention....
0,3 years ago,benefit_energy|benefit_skin_hair,1,"I've been fasting and using resveratrol and nmn for 2 years now. Conclusion: lost 10+ kg, my beard is a little bit more grey, and I think my hair is starting(very early stage) to become grey in small, small areas. I feel pretty much the same as when I'm started, health and energy wise. So does it really work? I don't know. Surely not against going grey. I was 38 when I started, near 41 now."
0,3 years ago,dose,1,"You say you take 50mg dayly,yet every suplement i'm finding online is 500mg.why??"
0,2 years ago,,0,I trying to block this.
0,1 month ago,,0,"So even if it doesn't expand you life, could leave you with better quality of life in our 50s and up"
0,3 months ago,,0,THANK YOU FOR YOUR HONEST WORDS
0,1 year ago,evidence_studies,0,"Would be interesting to have a more specific study on men 60+, when natural levels have declined."
0,1 year ago,,0,Sounds like we should just eat healthy and exercise on a normal basis. This makes sense actually. As most people who eat very healthy and exercise regularly look so much younger and fit than those who don't over the years.
0,1 year ago,evidence_studies|authority_trust,0,Smh david sinclairs studies are yet to be founded and i am greatful for the work he has done and thankful he has dicorvered how to reverse ageing in our dna
0,1 year ago,dose|evidence_studies|benefit_energy,0,It’s amazing how much NMN can potentially affect our health in such profound ways. The studies really highlight its role in longevity and energy. Definitely curious to see if these findings hold true for the long term
0,7 months ago,dose|no_effect,0,"I can personally confirm that NMN does not lower LDL cholesterol. I was diagnosed with high cholesterol but resisted going on medication to lower it. I spoke to my doctor and agreed to improve my diet and look for a more holistic approach. I heard that NMN can help lower overall cholesterol, so I took it religiously for 3 months at 500 mg, but unfortunately it had no effect. I'm now on medication 💊 😑"
0,2 years ago,,0,"As someone who takes NMN now and then, I believe I've had benefits from it. That said, my perceived benefits have been subtle enough to make me question it."
0,6 months ago,,1,If we have NAD + IV therapeutics why NMN precursor can t do the same ?
0,7 months ago,price_value,0,"Thank you, Doc! Going to save $80 a month!"
0,2 years ago,evidence_studies,0,"NMN does not increase NAD very much in muscles.  However, new studies show that Trigonelline does."
0,1 year ago,,1,"What about its effect on mitophagy, specifically through a mechanism of mitochondrial fission or fusion?"
0,2 years ago,,0,how tf is Brad this thorough
0,1 year ago,timing_protocol,1,What about NMN's positive effect on circadian rhythm if taken at the right time of day?
0,2 years ago,,0,Wow..this has been mental pandemic in my view.. Thanks you Doc for treating it one video at a time..🎉
0,2 years ago,,0,"Trigonelline seems like a promising alternative, maybe more effective."
0,2 years ago,authority_trust,0,Waiting for David Sinclair to release his own Baby Reindeer series...
0,2 years ago,,0,"Probably doesn't help healthy individuals with normal NAD+ levels. But, it should help those with health issues such as atherosclerosis, insulin resistance, etc."
0,2 years ago (edited),safety_side_fx|authority_trust,0,"Very Well done! Thank You for this unintended Validation! Felt like i was a majority of one all alone on the planet with this instinctive suspicion.....from the very first moment seeing sinclair, before he even spoke a word of his sales pitch nonsense..i knew in every fiber of my being that he was a snake oil salesman..& was attacked for daring to object. imho....ppl so badly want immortality that they will swallow anything no matter how ridiculous in hopes of getting it. Personally..i would Not want to live in such a world populated by this kind of people."
0,2 years ago,placebo,1,"Can we please talk about the placebo effect? This is my favorite topic. The body is actually proving time after time, that the body can heal itself and or adapt to what the mind believes about the body. So why are we doing surgeries and taking meds when we can just teach people about the magnificence of their own mind body connection??!!"
0,1 year ago,placebo,0,placebo has the strongest effect on pain so bad comparison
0,2 years ago,evidence_studies,1,He has several years already this channel and only now he read all studies on NMN? 😄
0,2 years ago,dose,0,"I always wondered why some companies that sell supliments, particularly elite level sports supliments, like ""monster pack"" multivitamins add so much vitamins, particularly from the B family, sometimes going up to 20.000% of the daily dose. I get that elite athletes may have higher needs than the standard recommended dose, but 20.000% per day every day is ridiculous"
0,2 years ago,nmn_vs_nr_nad,1,"Isn't NMN very similar to NR? NR, discovered by Dr. Charles Brenner would seem to extend healthspan and lifespan as I understand it."
0,2 years ago (edited),just_take_niacin,0,B3 came to earth from outer space so you know its a bizzare vitamin.
0,2 years ago,just_take_niacin|tmg_methyl,1,"Regarding muscle NAD, could you please check Methylated Niacin (Trigonelline)?"
0,1 year ago,form_absorption|evidence_studies,1,Have you examined any studies regarding liposomal NAD+ supplements?
0,1 year ago,,0,"Am i the only one that got muscle improvement, my flabby thighs are now very firm & its only being 7 days"
0,2 years ago,just_take_niacin,0,Niacin is similar to  NMN
0,1 month ago,,0,Really interesting. Thank you
0,2 years ago,,1,Have you ever heard of or discussed MNM with Dr. Nichola Conlon?
0,2 years ago,cancer_risk|evidence_studies,0,Great work and a thorough explanation. I really liked the bottom line. NMN may prolong the life of mice because it may protect them from cancer. But NMN doesn't protect against the cardiovascular disease and therefore most likely does not affect the life expectancy of humans.
0,2 years ago,nmn_vs_nr_nad|price_value,0,NMN is ridiculously expensive! There is another supplement ( NR ) that is a little cheaper than NMN and is purported to be even more effective than NMN.
0,2 years ago,placebo|safety_side_fx,0,I always laugh at the side effects in the placebo groups lol
0,2 years ago,just_take_niacin,0,"Nice video - correction, body converts NMN to nicotinamide(niacinamide) not niacin."
0,2 years ago,safety_side_fx|benefit_sleep,0,I was taking NMN almost 1 year since september of the last year I'm battling with very hard insomnia...I don't know exacly if this came from MNM but I also have no other idea...
0,2 years ago,tmg_methyl,0,"I thought NMN needed to be coupled with ALA. Followed by TMG and then Apigenin to complete the NMN-NAD+, NAM/NAMPT cycle."
0,2 years ago,just_take_niacin|nmn_vs_nr_nad,0,Niacin has side-effects that NR and NMN don't.
0,2 years ago,placebo|stop_restart,0,"Yeh I stopped taking it a while ago. I work construction and found a benefit at first, potentially placebo worsened by the hype. I was clean from methamphetamine for 12 months at this point after a bad addiction so maybe I was more easily influenced by the Rogan effect lol"
0,2 years ago,price_value,0,Thankfully you are out here looking out for humans.  Too many people pushing products with no real proof of benefit.  These people are just looking for clicks and kickbacks.  Such a shame.  We need unbiased advice.  Everyone needs to make a living but at what cost. Thanks!
0,2 years ago,just_take_niacin|dose,1,"So 50mg of niacinamide (vit B3), not 500 mg as sold in USA stores like Whole Foods?"
0,2 years ago,nmn_vs_nr_nad|dose|placebo,0,"Mhh I don't have the feeling that it works like a placebo 😅 I'm taking 300mg Nmnh, and I'm feeling good."
0,1 year ago,,0,He doesnt blink. AI
0,2 years ago,evidence_studies,1,"Dr. Brad, can you report on Klotho studies, please? Thanks."
0,2 years ago,no_effect,0,"I took it for 3 months and felt no difference, but also took blood tests before and after those 3 months. No difference there as well."
0,2 years ago,,0,"Great round Dr B! Now do NMN and female fertility, please. :) Lots of women are taking it for that reason AND are taking it later in life to extend fertility window."
0,2 years ago,benefit_sleep,0,"I was wondering if it effective for people who are very sedentary and  don't have it produced as much in their body when the body responds to exercise stimulus.  I remember feeling very energetic for the first two days and then normalised. I might get some but I'm more interested in getting hyaluronic acid, omega 3, creatine, hydrolysed collagen, vitamin D and vitamin c"
0,2 years ago,,0,Could you make a vitamin thats designed for 60+ women as I would like to help my mother but don't want to make things worse for her with good intentions.
0,2 years ago,,0,"I took NMN for a couple of years, and didn't 'feel' the energizing effect. Both my NMN were purchased by very respectable companies (Elysium and DoNotAge)"
0,2 years ago,,0,Great vid ty. No nmn for me
0,2 years ago (edited),just_take_niacin|evidence_studies,1,"A health supplement should first and foremost do no harm. The final point you raised is concerning, however as I understand it, since NMN is a derivative of B3, it may not directly increase metabolites 4PY & 2PY like other forms of B3. Have any studies on NMN found elevated levels of these metabolites?"
0,1 year ago,,0,"Great video, thank you. +follow"
0,1 year ago,just_take_niacin|dose,0,Great video. Nmn seems overhyped stuff thats not worth it. I just consume a small dose niacin/nicotinamide to boost nad.
0,2 years ago,tmg_methyl,0,"Dr Brad, if NMN works, wouldn’t you expect to find an improvement in various aging markers such as longer telomeres, better methylation, … and other measures of aging such as Grimage, Horvath clock, etc"
0,2 years ago,,0,"Finally a comperhensive video on NMN, time to find out if GO2 Max is really a worthwhile supplement or not."
0,2 years ago,just_take_niacin|dose,1,Would 80mg of Niacin (in the form of Nikotinamid) be safe if I take it every other day instead of every day?
0,2 years ago,,0,RECAP PLZ
0,1 year ago,,0,Thank you for the content
0,2 years ago,,0,Much appreciated.
0,2 years ago,,0,"What I'm wondering is how can a supplement be made that directly effects muscular NAD levels. While exercise does increase NAD levels in muscle, the amount of which it increases still diminishes with age. I think NMN is on the right track but I'm hoping further r&d will be done in order to produce a new form that can directly increase NAD levels in tissue. Being able to keep muscle NAD levels from falling as you age would be a huge deal."
0,1 year ago,evidence_studies,0,"The study used the hydrochloride,  for me it is worthless.  Glucosamine Sulfate is a different story.  At least for me."
0,2 years ago,price_value|evidence_studies,1,"A longevity-supplements thats makes you die earlier . Works maybe in mice but in Human not so nice.. (b)millions were made, but for what price?"
0,2 years ago,,0,"great vid, but 4 ads in 8 mins, maybe drop that back a bit Doc."
0,2 years ago,,0,Thx. Much appreciated
0,2 years ago,,0,So what you recommend I should stop... Anyway thanks for your reviews
0,2 years ago,just_take_niacin|dose,0,i do 100 mg of niacin every morning
0,1 year ago,form_absorption,0,bonjour Are there any studie on taking  in grip sublinguale merci.
0,1 year ago,dose|placebo,0,NMN did work and not by placebo effect....do take at least 1000mg and try it 1 or 2 months.
0,2 years ago,price_value,0,The research seems to show that NMN is safe and likely beneficial but from my own experience I think the benefits are minor. It’s quite expensive so I no longer take it.
0,2 years ago,placebo,1,Do you think the opposite of a placebo effect exists in life?
0,1 year ago,evidence_studies,1,Why are poor quality studies published if they are supposedly peer reviewed?
0,2 years ago,just_take_niacin,0,Just take Niacin
0,2 years ago,,1,"Weren't you taking it, back in the day? What did you think?"
0,1 year ago,,0,👍🏻👍🏻
0,2 years ago,authority_trust,0,"DR. brad stanfield, You really do go deep and research all angle its such a reverlation thank you so so much such a rare"
0,2 years ago,,0,😁😁😁 I'd like to see this guy discussing eith his wife ! HAHAHA!
0,2 years ago,placebo,0,"On one side you said previously nmn is a placebo, however you cannot seem to keep thinking & speaking about it...😂"
0,2 years ago,,0,❤️💖🙏💖❤️
0,2 years ago,placebo,1,"If it works, can one say that the supplement is as GOOD as the placebo?😅"
0,2 years ago,purity_counterfeit|just_take_niacin|tmg_methyl,0,"Don't take fake Niacin (NMN) but take real Niacin, be aware of flushing and if you go for higher dosing do also take something for methylation such as TMG."
0,1 year ago,,0,soooo that means NO NMN for us
0,3 months ago,authority_trust,0,This guy is no David Sinclair.
0,1 year ago,no_effect,0,Took NMN for a year. Experienced no benefit.
0,2 years ago,,0,Please make a Video Herballife & Fitline products
0,1 year ago,benefit_energy,0,"Unless you add physical exercise to these supplements -NMN, Resveratorol, & Metformin(depletes B12,B9 beware) there won't be any difference either in stamina or energy levels. Whether it will have any longevity effects it's doubtful. Why everyone try push their own agenda or brands instead of educating people. YouTube means purely business nowadays."
0,1 year ago,,0,"did nothing for me, good or bad."
0,2 years ago,,1,Is this an AI host or did some editor F-up the audio sync? If i had to bet on it i would say AI
0,2 years ago,,1,誰不知 能看未來?!
0,1 year ago,,1,I wonder if Eminem takes NMN? 🤔
0,2 years ago,just_take_niacin|dose|placebo|evidence_studies,0,"Instead of placebo vs high dose NMN, there should be a few clinical trials between RDA B3 vs high dose NMN. Because the individuals may be already deficient of B3 in their diet."
0,1 year ago,,0,lets be honest who knows ..
0,1 year ago,,0,Way to sell some products
0,5 months ago,,0,I wish I had seen this earlier. Wasted 90 dollars already
0,2 years ago,,0,"Oh no, it has changed again……."
0,1 year ago,,1,is it just me or is the audio very badly synced to the video (basicly almost a 2nd off-sync?) i can barely watch it.. please you are doing yourself no favor with this.
0,10 months ago,form_absorption,1,"You are constantly saying that ""you get the same benefits if you work out regularly, and thus, it's useless"" ... don't you get it, that people want miracle drug TO NOT WORK OUT and have same benefits? People want to buy fitness in the bottle or capsule."
0,2 years ago,,0,Plug microvitamin ✔
0,2 years ago,dose,1,What about 500mg niacinamide DAILY intake?
0,2 weeks ago,benefit_recovery,0,So it's do nothing You have eat healthy and workout
0,2 years ago,dose,1,"How much NMN was given and for how long ? Overall, this guy is negative in most of his videos"
0,2 years ago,,0,This guy is AI generated.
0,2 years ago,,0,Well people are just like rats so I'm taking it .
0,2 years ago,evidence_studies,1,"Wait, genetically modified mice are aging faster, but we can't stop it? If we know genes responsible for aging, why not stop them?"
0,2 years ago,,0,"Dork, Charlton. Pleasure to give a thumbs down 👎."
0,2 years ago,authority_trust,0,Sinclair looks sounds and behaves like a magic elixir salesman. Dude is a total fraud
0,2 years ago,dose,0,"Don't tell me Glucosamine and Chondroitin does not work, I gave it to my dog for about 8 months and then upped the dose untill two years later. If only what I know now."
0,1 year ago,,0,He should just stick to rapping
0,2 years ago,,0,Ive seen  positivr. Wellbess improvrnents. Sincr taking NMN   FOR A  YEAR. ( I HIGH B VIMOOEX MULTIPLE VITAMIN IS CRUCIAL
0,2 years ago,,1,Hi. What do you think about Muchido Time +. Is it any good?
0,2 years ago,placebo,0,Placebo effect is very real and it has an invers relationship with the intelligence level of the individual.
0,2 years ago,,0,The gist of the video is that NMN is useless.
0,2 years ago,,0,Terrible report... It destroyed my illusions about NMN :)
0,2 years ago,no_effect|stop_restart|benefit_recovery,0,"66yo, run 6k/day, 3d/week CrossFit, plant based plus fatty fish .. 3yrs NMN … stopped taking it .. absolutely no difference … zero … nada …"
0,1 year ago,,0,You are very confusing guy. Sometimes you say  NMN is bad and sometimes you recommend it. Pls stand by one path.
0,2 years ago,,0,"You have some sort of hostility coming out , I'm not watching anymore ."
0,1 year ago,,0,This is all a BULLSH!T ADVERTISEMENT 😡
0,3 years ago,,0,absolutely disgusted with the corruption and hypocrisy
0,3 years ago,,0,They did the same thing with NAC
0,3 years ago,fda_ban,0,"FDA also disband HCQ during the peak of COVID which saves a lot of people I personally knew and recommended to take Tylenol, water and ventilator instead… good job to those now rich people in FDA…"
0,3 years ago,benefit_sleep,1,"Diet, exercise , and sleep. Where have I heard that before?"
0,3 years ago,,0,We can still get m&m's very easily here in France.
0,3 years ago,cancer_risk,0,"There is an article spreading around about Nicotinomide Riboside as well, brain cancer metastasis...."
0,3 years ago,authority_trust,0,Sinclair is a blight on humanity.
0,3 years ago,,0,We need total uproar
0,3 years ago,,0,"Elena Goun from MU published recently, probable reason"
0,3 years ago,,0,"NAC, is back on the market. We still have hope people."
0,3 years ago,,0,It's still online to order.
0,3 years ago,form_absorption|tmg_methyl,0,I take Red wine from time to time. I want to keep taking the NMN and the TMG powder.
0,3 years ago,,0,Idk about that They still have em on Amazon
0,3 years ago,,0,"""Follow the money""."
0,3 years ago,,0,New $ information $ that came to light..
0,3 years ago,,0,Keep fighting for truth in science Dr Brad!
0,3 years ago,cancer_risk,1,What about the article that  riboside may increase incidence of brain cancer?
0,3 years ago,,0,This is sickening
0,3 years ago,,0,"Well well well, how the turntables"
0,3 years ago,evidence_studies,0,God I wish you could get on Joe Rogan to talk about this as well as your Rapamycin study.
0,3 years ago,,0,Not so!
0,3 years ago,,0,"Thank you, for your honest review. :) I've been singing the mnm song for too long, it seems. ;)"
0,3 years ago,,0,History is repeating itself And no surprise!
0,3 years ago (edited),,1,What gives government the right to tell me and my doctor what I can or cannot take?
0,3 years ago,authority_trust,1,"Thanks for the information Dr. Stanfield, Seriously Sinclair is it all about the dollar for you?"
0,3 years ago,,0,Damn just started taking the stuff
0,3 years ago (edited),cancer_risk,1,Ginger and garlic are next? It might help with slowing cancer profits.
0,3 years ago,,0,Of course they would because it works
0,3 years ago,,1,I can’t find any NMN on Amazon. I thought it was safe and now it’s gone? So confused. 😢
0,3 years ago,,0,They are seeing the dollars to be made 💰
0,3 years ago,authority_trust,0,"Dude, you just put a massive target on your head from The Sinclair Syndicate!! 😳😬"
0,3 years ago,,1,Wooooow shocking! Thanks for sharing. Is there more of this?
0,3 years ago,,1,What?!!!
0,3 years ago,,0,Fair play dr. Brad!
0,3 years ago (edited),fda_ban,0,A couple expert higher ups in the FDA stepped down when the clot shot mandate for children was proposed.  Does not speak well of the FDA that is still operating.
0,3 years ago,,0,SHOOTS FIRED!
0,3 years ago,authority_trust,0,Sinclair is trying corner the market
0,3 years ago,price_value,0,"GlyNAC, epithalon. Nmn is too expensive!"
0,3 years ago,fda_ban,0,Didn't pay their lobbying fees. Pay and pay until you get authorization like Marijuana.
0,3 years ago,,0,🎤 mic drop!!! You broke that down.
0,3 years ago,,0,Thank you
0,3 years ago,authority_trust,0,Never trusted that Sinclair for some reason.  Can't... quite... put my finger on it...
0,3 years ago,,0,Update appreciated 🙏
0,3 years ago,,0,Feeding the YouTube algorithm. Great video.
0,3 years ago,,0,"Wow, thank you!"
0,3 years ago,authority_trust,0,"Thanks, Sinclair!"
0,3 years ago,,0,Fascinating thank you
0,3 years ago,authority_trust,0,David Sinclair strikes again!!
0,3 years ago,purity_counterfeit|nmn_vs_nr_nad|price_value,0,"Any substance can be bought as a chemical consumable, without any promise to cure you from whatever. This is how I personally do NR. Don't worry. Find a chemical supplier and order as a chemical with certain purity. Way cheaper this way!"
0,3 years ago,,0,I just bought some.
0,3 years ago,,0,Important information to know about. Thanks for sharing
0,3 years ago,,0,Thank you the new info.
0,3 years ago,,0,No profit in having people live.
0,3 years ago,,1,What brand of creatine do you recommend or do you use?  Thank you for all the information.  I am enjoying learning from your channel
0,3 years ago,,0,Further reason why there is no need to have these three-letter agencies. No where in the constitution does it instruct the creation of any of these agencies in government
0,3 years ago,,0,Thanks for the great video.
0,3 years ago,,0,It works then
0,3 years ago,,0,You can still sale your products in Mexico....✌️
0,3 years ago,,0,"Umbrella Corporation - we dont need NMN, thanks to you."
0,3 years ago (edited),nmn_vs_nr_nad|price_value,1,Oh no!! Should I stock up now? I wish the darned stuff wasn't so expensive... And what about NR? When will NMN stop being available?
0,3 years ago,,0,probably means they work as advertised yeah and someone has a patent pending somewhere
0,3 years ago,fda_ban,0,I dont see anything from the FDA that says it is banned
0,3 years ago,fda_ban,1,Fda banning something? I better get some
0,3 years ago,,1,"Hello Dr., are you able to make a video regarding SARMs?"
0,3 years ago,,0,At the end of the day it's all about business and promotion
0,3 years ago,,0,"They do this periodically eg bentofamine, which best I know, one can get in supps now."
0,3 years ago,,0,getting all necessary nutrients from diet is hard when taking into account CODEX ALIMENTARIUS.
0,3 years ago,,0,"You can buy it from Europe because it is marked as a chemical, not a diet supplement."
0,3 years ago,nmn_vs_nr_nad,1,This begs the question: What about NR (nicotinamide riboside) availability?
0,3 years ago,fda_ban,0,"Hmm, it must actually work, the fda can’t have that!"
0,3 years ago,,0,That means it's works they are not making money on it or it really heals
0,3 years ago,,0,I have used nmn and benefited it quite a long time. I am not sure how to feel about this.
0,3 years ago,,1,Can you recommend a book that talks about how Australians are different from New Zealanders?
0,3 years ago,fda_ban,0,"FDA: B-NMN Can No Longer Be Sold as a Dietary Supplement in the US Published on June 28, 2023"
0,3 years ago,,1,"This is my third languages, I don’t understand. Soooo NMN is a kind of vitamine B. Why is it ban by he own creator or the one how promoted the product first…?!? I need some explanation."
0,3 years ago,,0,"This country runs on absurdity, that's for sure!"
0,3 years ago,authority_trust,0,"Sinclair is motivated by money above all else. That being said, it's not at all clear that NMN is safe - particularly in anyone with a pre-existing malignancy, which they may be unaware of."
0,3 years ago,,0,In other words.....follow the corrupt money trail.
0,3 years ago,,0,$inclair is a $ellout.
0,3 years ago,,1,so im guessing do not age can no longer sell it to US?
0,3 years ago,,0,I just found a free sample of resvertrol in my cabinet 😂oh well
0,3 years ago,price_value,0,Lol they realized they can patent and sell it for tons of money by jacking up the price.
0,3 years ago,price_value|fda_ban|authority_trust,1,"Wouldn't you think that the ""proprietary"" nature of MIB626 is sufficient to distinguish it from NMN as a dietary supplement? Except, of course, for the commercial reasons that consumers would rather directly access NMN and that market can have competition as a feature, rather than trying to force it to be scheduled, increasing the cost and reducing the availability. It's definitely bad faith by Sinclair et al. And it almost seems like the broader direction is to make aging itself a disease, so that all anti-aging products can be funneled into Big Pharma. You'll be to be rich to access their ""medications"" and they'll get rich by gatekeeping this access."
0,3 years ago,,1,Could you make a video about sodium?
0,3 years ago,,0,All about $$$$$$$$
0,3 years ago,,0,Thank you
0,2 years ago,,0,Thank you
0,3 years ago,,0,They want to make the profit! Snakes
0,3 years ago,authority_trust,0,Months ago I came across and watched a few of David Sinclair's videos. It wasn't long before I became suspicious of his motives in his points made in the videos.  Done with him & he's on my list to not watch or listen to.
0,3 years ago,,0,Someone didn't get greased $$$
0,3 years ago,,0,👍
0,3 years ago,,0,hopefully they let supplement company's sell it again like they did creatine
0,3 years ago,,0,Any act veiled in public safety will eventually be proven a Trojan horse.
0,3 years ago,benefit_energy,1,Why do i believe that MNM is the best molecule? I am still taking it and it’s working wonders for me. It give me high energy. You must see me doing cardio exercises. Now this?’. I don’t know who to believe now! God help!
0,3 years ago,fda_ban,0,Figures it doesn't have the toxic chemicals in it and the big pharma can't get rich
0,3 years ago,authority_trust,0,Snake oil!😳
0,3 years ago,,0,but opioids are still prescribed by doctors
0,3 years ago (edited),,0,Because is working so I hey ban it glad we can always get it in other countries
0,3 years ago,nmn_vs_nr_nad|cancer_risk,1,But is Nr still safe to be taken on regular basis? I read that can develop brain cancer...
0,3 years ago,authority_trust,0,Never got a good feeling about Sinclair. Just never cones off as trust worthy. Something behind those eyes doesn't seem right.
0,3 years ago,,1,Have you heard of carnosine?
0,3 years ago,,0,Just Change it to not for human consumption and game on
0,3 years ago,,0,if they ban it than its effective
0,3 years ago,fda_ban,0,Well it's technically not banned yet
0,3 years ago,,0,It would be better if they regulated some truly harmful substances that they recommend freely to all the world.
0,3 years ago,nmn_vs_nr_nad|form_absorption,0,That's okay nicotinamide riboside has better bioavailability
0,3 years ago,,0,If they don't want you to have it then its good. Don't trust any 3 letter agency.
0,3 years ago,nmn_vs_nr_nad,0,why would anyone take NMN when there is NR
0,3 years ago,fda_ban,0,LOL...i should trust the FDA...LMAO...super reputable source....
0,3 years ago,,0,ytytytytyt
0,3 years ago,price_value|fda_ban,0,I think the FDA just saved a bunch of people from spending $100/mo on expensive urine.
0,3 years ago,nmn_vs_nr_nad,0,"How is NMN now being regulated as a drug but not NR (aka, Niagen)."
0,3 years ago,fda_ban,0,so NMN works. confirmed by FDA.
0,3 years ago,,1,Are you sure? Donotage etc are still selling it
0,3 years ago,,0,Someone decided its profitable.
0,3 years ago,,1,When does the ban go into effect?
0,3 years ago,nmn_vs_nr_nad,1,NR is allowed but NMN not? Why?
0,3 years ago,,1,Do they plan on banning food with NMN?
0,3 years ago (edited),just_take_niacin|dose|form_absorption|storage_heat|authority_trust,1,"Why risk taking a substance that has been promoted almost exclusively by one PhD who appears to have a substantial financial stake in the success and control of it. Do we actually know what Sinclair ingests every day? Personally, I'm reluctant to take any (non-food sourced) supplement that offers no blood testing. Does a single person here know with 100 percent certainty what their safe / effective dose of NMN should be? 500mg, 1000mg, 2000-mg? Even the bioavailability and stability of the supplement is questionable. I am not aware of any test that measures Nicotinamide mononucleotide levels (or related medical benefits) in the blood."
0,2 years ago (edited),,1,Hi...are there any alternatives? i am intrigued and want to get my hands on some :-)
0,3 years ago,,0,"Someone should just sell NMN as a ""plant food,"" not a supplement. Problem solved."
0,3 years ago,,0,All you had to say is he's from Harvard University!
0,3 years ago,,1,NAC 2.0?
0,3 years ago,,0,omg nick lane SAB member
0,3 years ago,nmn_vs_nr_nad,1,How does this pertain to Nicotinamide Riboside?
0,3 years ago,cancer_risk|benefit_sleep,0,"Shown to increase cancer and cardio problems now. Avoid creatine too. Eat like the Blue Zone, walk, sleep and reduce stress. Meditate in everything you do."
0,3 years ago,,1,what diet do you recommend?
0,3 years ago,nmn_vs_nr_nad,0,Check the university of Missouri NR research
0,3 years ago,,0,Oh what the fuck.
0,3 years ago,price_value,0,"Honestly this sucks, while it may not do much for anti aging it does improve endurance during cardio, and therefore it should be sold as what it is, a supplement, not as an grossly overpriced drug."
0,3 years ago,,1,Where does this NMN occur in nature ( food)?
0,3 years ago,,0,You called him out so he took his toys and went home.
0,3 years ago,,0,Lol. Here comes the black market
0,3 years ago,authority_trust,0,"Wow, Sinclair seems like such a selfish privateer IMO."
0,3 years ago,benefit_sleep,0,"OK for good nutrition , sleep, and exercise,  but creatine...mmmm"
0,3 years ago,,0,Seems a little early to draw any broad conclusions.
0,3 years ago,authority_trust,0,It would be better to get a response from David Sinclair himself before making accusations like this.  You can't for sure ascertain he is behind this.
0,3 years ago (edited),,0,"For anyone who hasn't been keeping score, this is another lovely off-shoot of the drug war, mixed in with some corporate corruption."
0,3 years ago,,1,"So what is the reason? If it works, why ban it?"
0,3 years ago,stop_restart,1,"I wonder what happens if I take NMN for several months and then stop taking it? For comparison: If you take testosterone externally, the body regulates its own testosterone production, which can lead to a lower testosterone level Is there a similar risk for both NMN intake? Can discontinuation of the product affect the natural NMN/NAD+ levels? Is there any indication of what happens if NMN is no longer taken orally?"
0,3 years ago,nmn_vs_nr_nad,1,Is NR impacted at all by this?
0,3 years ago,,0,😊
0,3 years ago,nmn_vs_nr_nad|price_value|fda_ban|authority_trust,1,"Sinclair said long ago that he was working with NMN rather than NR because NR has patents regarding its manufacture form, not that he thought NMN was better.  NMN is more expensive to make than NR.  Do people really think Sinclair was spending so much time promoting NMN in order to develop a market for Chinese NMN sellers?  His plan has always been to get the FDA to approve it as a drug.   Just buy NR and you will get your NMN more efficiently.  There is NO source of NMN in a human diet.  We got NR as infants in other's milk, and we get some in the conversion of NAD from unprocessed foods in a good diet.  Just take NR."
0,3 years ago,authority_trust,1,"So, is it fair to equate Dr. David Sinclair in the same realm of snake oil salesman as Dr. Oz now?  Or is that too harsh of a comparison?"
0,3 years ago,,1,So does that mean nmn does not work?
0,3 years ago,just_take_niacin|timing_protocol,0,"LOL. How  idiotic! Well, no prob  here. Still doing niacin 5X per day, with food, topping off cellular NAD just fine. WITH supplemental glycine, glutamine and NAC, of course."
0,3 years ago,,1,whaat?
0,3 years ago,fda_ban,1,is there a place to buy rapamycin supplements pls? i tried googling but couldn't find it at all. seems to be prescription only and can GP prescribe it to healthy individuals pls?
0,3 years ago,authority_trust,1,Are you implying that Dr. Sinclair is a grifter?
0,3 years ago,authority_trust,0,Sinclair endorses statins....I say no more.
0,3 years ago,,1,I can still buy it on Amazon?
0,3 years ago,price_value,0,"I got some in my frig, I’m selling now for $100 a pill .. lmao jk but really I do have some.."
0,3 years ago,,1,NMn is in food?
0,3 years ago,,0,Why does it look like I can still buy nmn online
0,3 years ago,,0,corruption
0,3 years ago,cancer_risk,1,So is it not true that this supplement increases the chances of cancer?
0,3 years ago,,1,Wait does this mean I cant get my NMN supplements anymore?
0,3 years ago,authority_trust,0,David Sinclair what a snake!
0,3 years ago,,0,Video title should be: How to sound spitting mad a but keeping It classy
0,3 years ago,,1,What is NMN? Can i buy at Amazon?
0,2 years ago,,0,This is BS! I want to live long.
0,3 years ago,,0,I hope nobody researches Whey protein as a drug..
0,3 years ago,,1,I just ordered cymbiotika  NMN.. should I not take This??
0,3 years ago,,0,"Well, incase you've ever wondered if supplementation really works: you now have your answer. 💯😶‍🌫️💪"
0,3 years ago,just_take_niacin|nmn_vs_nr_nad|cancer_risk|evidence_studies,0,"RE: NR (from Science Daily) University of Missouri-Columbia While previous studies have linked commercial dietary supplements like nicotinamide riboside (NR), a form of vitamin B3, to benefits related to cardiovascular, metabolic and neurological health, new research has found NR could actually increase the risk of serious disease, including developing cancer. Researchers discovered high levels of NR could not only increase someone's risk of developing triple-negative breast cancer, but also could cause the cancer to metastasize or spread to the brain."
0,3 years ago,,0,Thank God I don't live there.
0,3 years ago,authority_trust,0,So David Sinclair is a bit of a wrongun then.
0,3 years ago,,0,You can still buy NMN In the rest of the world.
0,3 years ago,,0,"MIB ""sux 2 sux"""
0,3 years ago,,0,We should ban all pharmaceuticals.
0,3 years ago,,0,"Well, it stinks ..."
0,3 years ago,authority_trust,1,"Don't think David Sinclair deserves all this hate. The Video was about NMN, which you said should be made available so why drag Sinclair into this? Public trials aren't needed."
0,3 years ago,,0,Hello black market suppliers
0,3 years ago,benefit_energy,0,You shouldn’t take this if you are talking a statin cholesterol lowering drug. The interaction causes major fatigue.  Prob best to lose the statin first.
0,3 years ago,,0,Ye W
0,3 years ago,authority_trust,0,"I never really liked that guy. I thought he looked slimy and kind of creepy, but I thought it was my own biases. But now we know he’s a scammer. He’s not working for the betterment of all but his own pocket. He could have patented his own crap and let the rest of wellness companies produce their own NMN."
0,3 years ago,authority_trust,1,who knew. So is David Sinclair as a scientist and a top name in longevity a crook?
0,3 years ago,authority_trust,0,"David Sinclair had an interesting hypothesis. But couldn't prove it in decades. Such things usually means that it's wrong. Unfortunately, he hasn't drawn any scientific conclusions from that. I'm especially disappointed that he made such a ruckus about succeding with making a mouse older faster than its twin, to prove a point. But obviously failed to make a mouse younger, and never acknowledged that. My conclusion from this is that he failed to confirm his hypothesis. Sinclairs strong commersial interests makes all his MNM endeavors highly contentionus, or even worse, seem corrupted. With so litte actual proofs after so long time, I would say surely corrupted!"
0,3 years ago,,0,Sigh
0,3 years ago,fda_ban,0,"Well, what are you expect the FDA is Bought and owned by the pharmaceutical companies😂😂😂😂"
0,3 years ago,fda_ban,1,The fda is not an elected body. How about we decide for ourselves?
0,3 years ago,,0,or just eat sweet potato
0,3 years ago,fda_ban,0,"next episode, fda marks fasting as deadly, and against our evolution."
0,3 years ago,,0,"I never took anymen, I'm picky and most of the time into girls"
0,3 years ago,fda_ban,0,it is not banned.
0,3 years ago,,0,thought it was ok watch your soursees
0,3 years ago,,0,"This new research is from a mouse model, not human data, so I'm sure it's not the last word."
0,3 years ago,,0,"Man, you've really aged over the last two years! You better get some of that NMN in you before it's too late. lol"
0,3 years ago,,0,so what research have YOU dont on your own exactly..... ill wait......
0,3 years ago,authority_trust,0,David Sinclair is a shyster.
0,3 years ago,benefit_recovery,1,"Hard core scientific breakdowns for what’s actually true on these supplements by a guy (and followers) that have no clue what so ever about how companies are set up and run. Brilliant. An “advisor” isn’t “behind the company making this drug”. If we’re gonna get all technical on what’s really true re these supplements s etc then please take that same approach with the rest of it. The health company I work with has several advisors, all of which have NOTHING to do with the running or profits of the company. 🤦‍♂️ so we’ll pull apart the technicalities of whether resveratrol works or not but see someone’s name on an advisory panel and claim they’re “behind the whole thing” . Pots and kettles, who’s calling who “black”?"
0,3 years ago,authority_trust,0,Mr. Sinclair lobied a market and worked for it long time.  Really disappointed in him. One more bustard. Insted of helping people making money. Helping to band vitamins. By the end of the day in my view it's all about money and not about people!
0,3 years ago,,1,What IS NMN? You don’t explain …vitamin B? That’s it?
0,3 years ago,,0,You can buy SARMS but not this😂
0,3 years ago,,0,David has a new girlfriend.
0,3 years ago,,0,typical small hat behavior
0,3 years ago,,0,nice try
0,3 years ago,evidence_studies,0,You can't patent a natural substance that's why no one studies them🤣🤣🤣
0,3 years ago,,0,I'm first
0,3 years ago (edited),fda_ban,1,All very well for you to suggest eat a good diet. We are old and live in California. It doesnt matter whether we eat organic and pay more money for better quality eggs and meat. Every food item in the USA is crap. Since I have lived here ten years my health has deteriorated. We now take multiple supplements to stay healthy. I make my own almond milk from Wild Soil almonds and source organic Spelt for baking but even their best eggs dont taste like NZ eggs. The fish is rubbish. I was buying NZ lamb and butter but now its no longer available. FDA is rubbish. Its all propaganda. For our Resveratrol we take Polygonum Caspidatum ? Spelling. AKA. Japanese Knotweed.
0,3 years ago,authority_trust,0,I hope this means that the David Sinclair cult can now just die away.
0,3 years ago,,0,the hype master is greedy...is all that is happening....
0,3 years ago,,0,"I'm pretty sure Brad doesn't take NMN, because he is not getting a deal from concerned parties. Because 80% of what he mentions on the channel are even less credible than NMN."
0,3 years ago,cancer_risk|evidence_studies,1,"Dr. Brad, are you taking a look at the study recently being sited stating that NMN promotes metastasis from breast to brain cancer?"
0,3 years ago,authority_trust,0,"Can’t prove it but from almost the start David sinclair has smelt bad to me. When I check his claims against other experts in the field he clearly exaggerates claims. He’s even promoting diets now, a subject he knows fa about. Using his authority to sell low meat diets."
0,3 years ago,authority_trust,0,Sneaky Sinclair the snake oil salesman.
0,3 years ago,authority_trust,1,Does this mean Sinclair is trying to sell NMN technology to the highest bidder again?
0,3 years ago,,0,Eat real food. Sod supplements.....
0,3 years ago,,0,Wow. I was seeing a difference. So much BS!  All about the money!
0,3 years ago,authority_trust,1,Wait but how neutral are you if this video is sponsored by donotage?
0,3 years ago (edited),storage_heat,0,I just bought another good supply of NMN to join my supply in my freezer.  I should have enough to last me a good while. Still available right now Feb 17th on Amazon.  I do believe that it will be shut down in March.  So stock up everyone.
0,3 years ago,fda_ban|authority_trust|benefit_sleep,0,What you said has nothing proof conclusive against NMN or resveratrol: sleep and exercise activate other pathways. I think you might be the lobbyist here promoting the FDA. The FDA documents you mentionned are not conclusive either. @Dr Brad Stanfield
0,3 years ago,nmn_vs_nr_nad|cancer_risk,0,I saw a research report that this supplement may be find in higher numbers in breast cancer patients and also metastatic brain  cancer I have  stopped my tru niagen until more is stuffed about the relationship  the report was in Neuroscience news
0,3 years ago,evidence_studies|fda_ban|authority_trust,1,"Such a relief that NMN wasn’t banned for other reasons, i.e. a health-damaging product. I am not a specialist here, but I think their decision also indicates that more human trials and rigorous testing will have to be completed to mark it a safe pharmaceutical drug. In a way it’s a good news. NMN production will have to be authorised and appropriately controlled before releasing into the market. Does it make prof. Sinclair a good or bad and greedy man? I have no idea, but his book and research results made a huge impression on millions of people around the globe. Let’s not judge a day before the sunset."
