library_id,advertiser,advertiser_raw,started,running_days,active_days,media_type,cta,display_domain,headline,description,primary_text,page_likes,multi_version,creative_image
1096888999668057,Omre,Omre,14 Aug 2026,4.3,4,static,SEE_DETAILS,CEO.OMRE.CO,⚡ The 7 reasons you start losing your edge in your 50s.,Built with Heyflow,"The name that takes longer to come back. Losing your train of thought mid-meeting. Reading the same paragraph twice. 🧠
For high performers, even small slips are hard to ignore. There's a specific reason this starts happening in your 50s — and it's more fixable than most people realise. Dr. Pedram M.D. explains.",7268,False,image1212.jpg
1632778945031520,Omre,Omre,14 Aug 2026,4.3,4,static,SEE_DETAILS,CEO.OMRE.CO,⚡ The 7 reasons you start losing your edge in your 50s.,Built with Heyflow,"The name that takes longer to come back. Losing your train of thought mid-meeting. Reading the same paragraph twice. 🧠
For high performers, even small slips are hard to ignore. There's a specific reason this starts happening in your 50s — and it's more fixable than most people realise. Dr. Pedram M.D. explains.",7268,False,image223.jpg
1371323024538280,Omre,Omre,12 Aug 2026,6.3,6,static,SHOP_NOW,OMRE.CO,☕ Less caffeine. More actual energy.,"Support cellular health as you age with Omre's doctor-formulated, clinically dosed longevity supplements. Third-party tested. Made in the USA. Shop now.","Feeling slower, foggier, and more tired as you age? That’s declining NAD+ at work.
Omre’s NMN + Resveratrol gives your cells the fuel they need to bounce back.
✅ Boosts energy
✅ Sharpens focus
✅ Support healthy aging
Thousands of customers say it changed their life. Will you be next?",7268,False,image320.jpg
1266532719875791,Omre,Omre,12 Aug 2026,6.3,6,static,LEARN_MORE,OMRE.CO,⚡ The 7 reasons you start losing your edge in your 50s.,"Support cellular health as you age with Omre's doctor-formulated, clinically dosed longevity supplements. Third-party tested. Made in the USA. Shop now.","The name that takes longer to come back. Losing your train of thought mid-meeting. Reading the same paragraph twice. 🧠
For high performers, even small slips are hard to ignore. There's a specific reason this starts happening in your 50s — and it's more fixable than most people realise. Dr. Pedram M.D. explains.",7268,False,image661.jpg
1680638553013902,Omre,Omre,12 Aug 2026,6.3,6,static,SHOP_NOW,OMRE.CO,☕ Less caffeine. More actual energy.,"Support cellular health as you age with Omre's doctor-formulated, clinically dosed longevity supplements. Third-party tested. Made in the USA. Shop now.","Feeling slower, foggier, and more tired as you age? That’s declining NAD+ at work.
Omre’s NMN + Resveratrol gives your cells the fuel they need to bounce back.
✅ Boosts energy
✅ Sharpens focus
✅ Support healthy aging
Thousands of customers say it changed their life. Will you be next?",7268,False,image546.jpg
1097028022896479,Omre,Omre,14 Aug 2026,4.3,4,static,SHOP_NOW,ENERGY.OMRE.CO,Take the quiz now!,Built with Heyflow,"Feeling slower, foggier, and more tired as you age? That’s declining NAD+ at work.
Omre’s NMN + Resveratrol gives your cells the fuel they need to bounce back.
✅ Boosts energy
✅ Sharpens focus
✅ Support healthy aging
Thousands of customers say it changed their life. Will you be next?",7268,False,image823.jpg
1521796632593510,Omre,Omre,12 Aug 2026,6.3,6,static,LEARN_MORE,OMRE.CO,⚡ The 7 reasons you start losing your edge in your 50s.,"Support cellular health as you age with Omre's doctor-formulated, clinically dosed longevity supplements. Third-party tested. Made in the USA. Shop now.","The name that takes longer to come back. Losing your train of thought mid-meeting. Reading the same paragraph twice. 🧠
For high performers, even small slips are hard to ignore. There's a specific reason this starts happening in your 50s — and it's more fixable than most people realise. Dr. Pedram M.D. explains.",7268,False,image1038.jpg
1372860088323056,Omre,Omre,14 Aug 2026,4.3,4,static,SEE_DETAILS,ENERGY.OMRE.CO,🔋 Your cells are running out of fuel.,Built with Heyflow,"Feeling slower, foggier, and more tired as you age? That’s declining NAD+ at work.
Omre’s NMN + Resveratrol gives your cells the fuel they need to bounce back.
✅ Boosts energy
✅ Sharpens focus
✅ Support healthy aging
Thousands of customers say it changed their life. Will you be next?",7268,False,image1423.jpg
1842100293428867,Omre,Omre,12 Aug 2026,6.3,6,static,LEARN_MORE,OMRE.CO,⚡ The 7 reasons you start losing your edge in your 50s.,"Support cellular health as you age with Omre's doctor-formulated, clinically dosed longevity supplements. Third-party tested. Made in the USA. Shop now.","The name that takes longer to come back. Losing your train of thought mid-meeting. Reading the same paragraph twice. 🧠
For high performers, even small slips are hard to ignore. There's a specific reason this starts happening in your 50s — and it's more fixable than most people realise. Dr. Pedram M.D. explains.",7268,False,image697.jpg
1358082255925989,Omre,Omre,13 Aug 2026,5.3,5,static,SHOP_NOW,,,,,7268,True,image359.jpg
930749886219759,Omre,Omre,13 Aug 2026,5.3,5,static,LEARN_MORE,OMRE.CO,🔋 Your cells are running out of fuel.,"Support cellular health as you age with Omre's doctor-formulated, clinically dosed longevity supplements. Third-party tested. Made in the USA. Shop now.","Feeling slower, foggier, and more tired as you age? That’s declining NAD+ at work.
Omre’s NMN + Resveratrol gives your cells the fuel they need to bounce back.
✅ Boosts energy
✅ Sharpens focus
✅ Support healthy aging
Thousands of customers say it changed their life. Will you be next?",7268,False,image589.jpg
1056294387167514,Omre,Omre,17 Aug 2026,1.3,1,static,LEARN_MORE,OMRE.CO,Omre,"Support cellular health as you age with Omre's doctor-formulated, clinically dosed longevity supplements. Third-party tested. Made in the USA. Shop now.","The name that takes longer to come back. Losing your train of thought mid-meeting. Reading the same paragraph twice. 🧠
For high performers, even small slips are hard to ignore. There's a specific reason this starts happening in your 50s — and it's more fixable than most people realise. Dr. Pedram M.D. explains.",7268,True,image267.jpg
1392011392853655,Omre,Omre,12 Aug 2026,6.3,6,static,LEARN_MORE,OMRE.CO,⚡ The 7 reasons you start losing your edge in your 50s.,"Support cellular health as you age with Omre's doctor-formulated, clinically dosed longevity supplements. Third-party tested. Made in the USA. Shop now.","The name that takes longer to come back. Losing your train of thought mid-meeting. Reading the same paragraph twice. 🧠
For high performers, even small slips are hard to ignore. There's a specific reason this starts happening in your 50s — and it's more fixable than most people realise. Dr. Pedram M.D. explains.",7268,False,image889.jpg
1357769016551984,Omre,Omre,13 Aug 2026,5.3,5,static,SHOP_NOW,,,,,7268,True,image812.jpg
2009797012979695,Omre,Omre,13 Aug 2026,5.3,5,video,SHOP_NOW,OMRE.CO,The Molecule That Powers How You Age,,"Feeling slower, foggier, and more tired as you age? That’s declining NAD+ at work.
Omre’s NMN + Resveratrol gives your cells the fuel they need to bounce back.
✅ Boosts energy
✅ Sharpens focus
✅ Support healthy aging
Thousands of customers say it changed their life. Will you be next?",7268,False,
4442446919362530,Omre,Omre,12 Aug 2026,6.3,6,static,LEARN_MORE,OMRE.CO,⚡ The 7 reasons you start losing your edge in your 50s.,"Support cellular health as you age with Omre's doctor-formulated, clinically dosed longevity supplements. Third-party tested. Made in the USA. Shop now.","The name that takes longer to come back. Losing your train of thought mid-meeting. Reading the same paragraph twice. 🧠
For high performers, even small slips are hard to ignore. There's a specific reason this starts happening in your 50s — and it's more fixable than most people realise. Dr. Pedram M.D. explains.",7268,False,image764.jpg
955406654244398,Omre,Omre,13 Aug 2026,5.3,5,video,SHOP_NOW,OMRE.CO,The Molecule That Powers How You Age,,"Feeling slower, foggier, and more tired as you age? That’s declining NAD+ at work.
Omre’s NMN + Resveratrol gives your cells the fuel they need to bounce back.
✅ Boosts energy
✅ Sharpens focus
✅ Support healthy aging
Thousands of customers say it changed their life. Will you be next?",7268,False,
1944536846222110,Omre,Omre,14 Aug 2026,4.3,4,static,SEE_DETAILS,ENERGY.OMRE.CO,🔋 Your cells are running out of fuel.,Built with Heyflow,"Feeling slower, foggier, and more tired as you age? That’s declining NAD+ at work.
Omre’s NMN + Resveratrol gives your cells the fuel they need to bounce back.
✅ Boosts energy
✅ Sharpens focus
✅ Support healthy aging
Thousands of customers say it changed their life. Will you be next?",7268,False,image592.jpg
1087418637193017,Omre,Omre,14 Aug 2026,4.3,4,static,SEE_DETAILS,CEO.OMRE.CO,⚡ The 7 reasons you start losing your edge in your 50s.,Built with Heyflow,"The name that takes longer to come back. Losing your train of thought mid-meeting. Reading the same paragraph twice. 🧠
For high performers, even small slips are hard to ignore. There's a specific reason this starts happening in your 50s — and it's more fixable than most people realise. Dr. Pedram M.D. explains.",7268,False,image298.jpg
1818189429525919,Omre,Omre,14 Aug 2026,4.3,4,static,SHOP_NOW,,,,,7268,True,image1471.jpg
2471793659898647,Omre,Omre,14 Aug 2026,4.3,4,video,SHOP_NOW,,,,,7268,True,
1046917184750037,Omre,Omre,14 Aug 2026,4.3,4,static,SEE_DETAILS,,,,,7268,True,image1534.jpg
3943053565832039,Omre,Omre,13 Aug 2026,5.3,5,static,SHOP_NOW,,,,,7268,True,image468.jpg
1188321650183230,Omre,Omre,13 Aug 2026,5.3,5,video,SHOP_NOW,OMRE.CO,🏋️ The cellular upgrade for people who train.,,"NAD+ isn't competing with your pre-workout. 🔬
It's working on the part pre-workout can't touch - cellular energy production and recovery between sessions. That's why serious athletes add both.",7268,False,
949725401489672,Omre,Omre,14 Aug 2026,4.3,4,video,LEARN_MORE,,,,,7268,True,
1798820384623712,Omre,Omre,13 Aug 2026,5.3,5,video,SEE_DETAILS,OMRE.CO,🔋 Your cells are running out of fuel.,,"Feeling slower, foggier, and more tired as you age? That’s declining NAD+ at work.
Omre’s NMN + Resveratrol gives your cells the fuel they need to bounce back.
✅ Boosts energy
✅ Sharpens focus
✅ Support healthy aging
Thousands of customers say it changed their life. Will you be next?",7268,False,
1044913461653131,Omre,Omre,14 Aug 2026,4.3,4,video,SEE_DETAILS,,,,,7268,True,
2921555548195894,Omre,Omre,13 Aug 2026,5.3,5,static,SHOP_NOW,OMRE.CO,The Molecule That Powers How You Age,"Support cellular health as you age with Omre's doctor-formulated, clinically dosed longevity supplements. Third-party tested. Made in the USA. Shop now.","Feeling slower, foggier, and more tired as you age? That’s declining NAD+ at work.
Omre’s NMN + Resveratrol gives your cells the fuel they need to bounce back.
✅ Boosts energy
✅ Sharpens focus
✅ Support healthy aging
Thousands of customers say it changed their life. Will you be next?",7268,False,image1561.jpg
2133174717550758,Omre,Omre,14 Aug 2026,4.3,4,static,SHOP_NOW,,,,,7268,True,image572.jpg
1745761406635678,Omre,Omre,12 Aug 2026,6.3,6,static,LEARN_MORE,OMRE.CO,⚡ The 7 reasons you start losing your edge in your 50s.,"Support cellular health as you age with Omre's doctor-formulated, clinically dosed longevity supplements. Third-party tested. Made in the USA. Shop now.","The name that takes longer to come back. Losing your train of thought mid-meeting. Reading the same paragraph twice. 🧠
For high performers, even small slips are hard to ignore. There's a specific reason this starts happening in your 50s — and it's more fixable than most people realise. Dr. Pedram M.D. explains.",7268,False,image1219.jpg
1406055621733188,Omre,Omre,14 Aug 2026,4.3,4,static,LEARN_MORE,,,,,7268,True,image1076.jpg
1689969225418202,Omre,Omre,14 Aug 2026,4.3,4,static,LEARN_MORE,OMRE.CO,🔋 Your cells are running out of fuel.,"Support cellular health as you age with Omre's doctor-formulated, clinically dosed longevity supplements. Third-party tested. Made in the USA. Shop now.","Feeling slower, foggier, and more tired as you age? That’s declining NAD+ at work.
Omre’s NMN + Resveratrol gives your cells the fuel they need to bounce back.
✅ Boosts energy
✅ Sharpens focus
✅ Support healthy aging
Thousands of customers say it changed their life. Will you be next?",7268,False,image1093.jpg
2825097487875342,Omre,Omre,13 Aug 2026,5.3,5,video,SHOP_NOW,OMRE.CO,🧬 Not anti-aging. Pro cellular health. There's a difference.,,"The one supplement that actually addresses what happens to your body after 35. 🔬
Omre's NAD+ Booster. Doctor-formulated. Harvard-dosed. Third-party tested. Under $2 a day.",7268,False,
2128852198058662,Omre,Omre,12 Aug 2026,6.3,6,static,LEARN_MORE,OMRE.CO,⚡ The 7 reasons you start losing your edge in your 50s.,"Support cellular health as you age with Omre's doctor-formulated, clinically dosed longevity supplements. Third-party tested. Made in the USA. Shop now.","The name that takes longer to come back. Losing your train of thought mid-meeting. Reading the same paragraph twice. 🧠
For high performers, even small slips are hard to ignore. There's a specific reason this starts happening in your 50s — and it's more fixable than most people realise. Dr. Pedram M.D. explains.",7268,False,image184.jpg
1849663499773804,Omre,Omre,14 Aug 2026,4.3,4,static,SHOP_NOW,,,,,7268,True,image1555.jpg
1399794322007286,Omre,Omre,13 Aug 2026,5.3,5,video,LEARN_MORE,The Molecule That Powers How You Age,,,"Feeling slower, foggier, and more tired as you age? That’s declining NAD+ at work.
Omre’s NMN + Resveratrol gives your cells the fuel they need to bounce back.
✅ Boosts energy
✅ Sharpens focus
✅ Support healthy aging
Thousands of customers say it changed their life. Will you be next?",7268,True,
1370302375210506,Omre,Omre,13 Aug 2026,5.3,5,video,SEE_DETAILS,,,,"Feeling slower, foggier, and more tired as you age? That’s declining NAD+ at work.
Omre’s NMN + Resveratrol gives your cells the fuel they need to bounce back.
✅ Boosts energy
✅ Sharpens focus
✅ Support healthy aging
Thousands of customers say it changed their life. Will you be next?",7268,False,
909504798886546,Omre,Omre,13 Aug 2026,5.3,5,video,SHOP_NOW,OMRE.CO,The Molecule That Powers How You Age,,"Feeling slower, foggier, and more tired as you age? That’s declining NAD+ at work.
Omre’s NMN + Resveratrol gives your cells the fuel they need to bounce back.
✅ Boosts energy
✅ Sharpens focus
✅ Support healthy aging
Thousands of customers say it changed their life. Will you be next?",7268,False,
2409271972929531,Omre,Omre,14 Aug 2026,4.3,4,static,LEARN_MORE,,,,,7268,True,image270.jpg
2559012257885889,Omre,Omre,14 Aug 2026,4.3,4,static,SHOP_NOW,,,,,7268,True,image1227.jpg
3225781684299217,Omre,Omre,14 Aug 2026,4.3,4,static,SEE_DETAILS,,,,,7268,True,image876.jpg
954509864343804,Omre,Omre,12 Aug 2026,6.3,6,static,LEARN_MORE,OMRE.CO,⚡ The 7 reasons you start losing your edge in your 50s.,"Support cellular health as you age with Omre's doctor-formulated, clinically dosed longevity supplements. Third-party tested. Made in the USA. Shop now.","The name that takes longer to come back. Losing your train of thought mid-meeting. Reading the same paragraph twice. 🧠
For high performers, even small slips are hard to ignore. There's a specific reason this starts happening in your 50s — and it's more fixable than most people realise. Dr. Pedram M.D. explains.",7268,False,image200.jpg
3206810763040908,Omre,Omre,13 Aug 2026,5.3,5,static,LEARN_MORE,,,,,7268,True,image1513.jpg
1787516452241574,Omre,Omre,13 Aug 2026,5.3,5,video,SHOP_NOW,OMRE.CO,🏋️ The cellular upgrade for men who train.,,"NAD+ isn't competing with your pre-workout. 🔄
It's working on the part pre-workout can't touch - cellular energy production and recovery between sessions.",7268,False,
1738290527412303,Omre,Omre,14 Aug 2026,4.3,4,static,LEARN_MORE,Reboot Your NAD+,,,"Feeling slower, foggier, and more tired as you age? That’s declining NAD+ at work.
Omre’s NMN + Resveratrol gives your cells the fuel they need to bounce back.
✅ Boosts energy
✅ Sharpens focus
✅ Support healthy aging
Thousands of customers say it changed their life. Will you be next?",7268,True,image1293.jpg
1374826761385219,Omre,Omre,13 Aug 2026,5.3,5,video,LEARN_MORE,The Molecule That Powers How You Age,,,"Feeling slower, foggier, and more tired as you age? That’s declining NAD+ at work.
Omre’s NMN + Resveratrol gives your cells the fuel they need to bounce back.
✅ Boosts energy
✅ Sharpens focus
✅ Support healthy aging
Thousands of customers say it changed their life. Will you be next?",7268,True,
1468113418682138,Omre,Omre,13 Aug 2026,5.3,5,static,SEE_DETAILS,OMRE.CO,🔋 Your cells are running out of fuel.,"Support cellular health as you age with Omre's doctor-formulated, clinically dosed longevity supplements. Third-party tested. Made in the USA. Shop now.","Feeling slower, foggier, and more tired as you age? That’s declining NAD+ at work.
Omre’s NMN + Resveratrol gives your cells the fuel they need to bounce back.
✅ Boosts energy
✅ Sharpens focus
✅ Support healthy aging
Thousands of customers say it changed their life. Will you be next?",7268,False,image231.jpg
3431250710388618,Omre,Omre,13 Aug 2026,5.3,5,static,SHOP_NOW,OMRE.CO,💪 Train harder. Recover smarter. Two capsules.,"Support cellular health as you age with Omre's doctor-formulated, clinically dosed longevity supplements. Third-party tested. Made in the USA. Shop now.","The athletes still performing at high levels in their 40s aren't doing different training. 💡
They're working with their cellular biology. NAD+ is the molecule they've stopped ignoring.",7268,False,image700.jpg
1694693304974083,Omre,Omre,14 Aug 2026,4.3,4,static,LEARN_MORE,Reboot Your NAD+,,,"With just two capsules a day, you'll unlock the key to natural energy, focus, mood & sleep.
As our bodies age, our NAD+ levels decline which is linked to ageing conditions such as poor sleep & mood, low energy & focus. NMN helps boost our NAD+ levels to help support longevity and healthy ageing.
Shop Now",7268,True,image1476.jpg
2117811139119200,Omre,Omre,13 Aug 2026,5.3,5,video,SEE_DETAILS,OMRE.CO,The Molecule That Powers How You Age,,"Feeling slower, foggier, and more tired as you age? That’s declining NAD+ at work.
Omre’s NMN + Resveratrol gives your cells the fuel they need to bounce back.
✅ Boosts energy
✅ Sharpens focus
✅ Support healthy aging
Thousands of customers say it changed their life. Will you be next?",7268,False,
919065977332848,Omre,Omre,14 Aug 2026,4.3,4,static,SEE_DETAILS,ENERGY.OMRE.CO,🔋 Your cells are running out of fuel.,Built with Heyflow,"Feeling slower, foggier, and more tired as you age? That’s declining NAD+ at work.
Omre’s NMN + Resveratrol gives your cells the fuel they need to bounce back.
✅ Boosts energy
✅ Sharpens focus
✅ Support healthy aging
Thousands of customers say it changed their life. Will you be next?",7268,False,image274.jpg
2095337758528587,Omre,Omre,14 Aug 2026,4.3,4,video,LEARN_MORE,,,,,7268,True,
1575219294155938,Omre,Omre,13 Aug 2026,5.3,5,video,LEARN_MORE,OMRE.CO,Reboot Your NAD+,,"Feeling slower, foggier, and more tired as you age? That’s declining NAD+ at work.
Omre’s NMN + Resveratrol gives your cells the fuel they need to bounce back.
✅ Boosts energy
✅ Sharpens focus
✅ Support healthy aging
Thousands of customers say it changed their life. Will you be next?",7268,False,
1678656653242501,Omre,Omre,16 Aug 2026,2.3,2,static,SHOP_NOW,OMRE.CO,The Molecule That Powers How You Age,"Support cellular health as you age with Omre's doctor-formulated, clinically dosed longevity supplements. Third-party tested. Made in the USA. Shop now.","Feeling slower, foggier, and more tired as you age? That’s declining NAD+ at work.
Omre’s NMN + Resveratrol gives your cells the fuel they need to bounce back.
✅ Boosts energy
✅ Sharpens focus
✅ Support healthy aging
Thousands of customers say it changed their life. Will you be next?",7268,False,image472.jpg
846966988503861,Omre,Omre,14 Aug 2026,4.3,4,static,SHOP_NOW,,,,,7268,True,image1082.jpg
2332435600932374,Omre,Omre,14 Aug 2026,4.3,4,video,LEARN_MORE,,,,,7268,True,
1421364079882829,Omre,Omre,12 Aug 2026,6.3,6,static,SHOP_NOW,OMRE.CO,☕ Less caffeine. More actual energy.,"Support cellular health as you age with Omre's doctor-formulated, clinically dosed longevity supplements. Third-party tested. Made in the USA. Shop now.","Feeling slower, foggier, and more tired as you age? That’s declining NAD+ at work.
Omre’s NMN + Resveratrol gives your cells the fuel they need to bounce back.
✅ Boosts energy
✅ Sharpens focus
✅ Support healthy aging
Thousands of customers say it changed their life. Will you be next?",7268,False,image921.jpg
1754830692505332,Omre,Omre,13 Aug 2026,5.3,5,video,SHOP_NOW,OMRE.CO,The Molecule That Powers How You Age,,"Feeling slower, foggier, and more tired as you age? That’s declining NAD+ at work.
Omre’s NMN + Resveratrol gives your cells the fuel they need to bounce back.
✅ Boosts energy
✅ Sharpens focus
✅ Support healthy aging
Thousands of customers say it changed their life. Will you be next?",7268,False,
1375872151184205,Omre,Omre,13 Aug 2026,5.3,5,video,SHOP_NOW,Reboot Your NAD+,,,"With just two capsules a day, you'll unlock the key to natural energy, focus, mood & sleep.
As our bodies age, our NAD+ levels decline which is linked to ageing conditions such as poor sleep & mood, low energy & focus. NMN helps boost our NAD+ levels to help support longevity and healthy ageing.
Shop Now",7268,True,
1356345146558402,Omre,Omre,13 Aug 2026,5.3,5,video,LEARN_MORE,OMRE.CO,Reboot Your NAD+,,"Feeling slower, foggier, and more tired as you age? That’s declining NAD+ at work.
Omre’s NMN + Resveratrol gives your cells the fuel they need to bounce back.
✅ Boosts energy
✅ Sharpens focus
✅ Support healthy aging
Thousands of customers say it changed their life. Will you be next?",7268,False,
1971810696838507,Omre,Omre,14 Aug 2026,4.3,4,video,SEE_DETAILS,,,,,7268,True,
1592452315559212,Omre,Omre,13 Aug 2026,5.3,5,video,SHOP_NOW,OMRE.CO,🧬 Not anti-aging. Pro cellular health. There's a difference.,,"The one supplement that actually addresses what happens to your body after 35. 🔬
Omre's NAD+ Booster. Doctor-formulated. Harvard-dosed. Third-party tested. Under $2 a day.",7268,False,
1733703947878996,Omre,Omre,13 Aug 2026,5.3,5,video,ORDER_NOW,OMRE.CO,Reboot Your NAD+,,"Feeling slower, foggier, and more tired as you age? That’s declining NAD+ at work.
Omre’s NMN + Resveratrol gives your cells the fuel they need to bounce back.
✅ Boosts energy
✅ Sharpens focus
✅ Support healthy aging
Thousands of customers say it changed their life. Will you be next?",7268,False,
1760011951808739,Omre,Omre,13 Aug 2026,5.3,5,video,LEARN_MORE,OMRE.CO,The Molecule That Powers How You Age,,"Feeling slower, foggier, and more tired as you age? That’s declining NAD+ at work.
Omre’s NMN + Resveratrol gives your cells the fuel they need to bounce back.
✅ Boosts energy
✅ Sharpens focus
✅ Support healthy aging
Thousands of customers say it changed their life. Will you be next?",7268,False,
2421299945032337,Omre,Omre,13 Aug 2026,5.3,5,video,SEE_DETAILS,OMRE.CO,🔋 Your cells are running out of fuel.,,"Feeling slower, foggier, and more tired as you age? That’s declining NAD+ at work.
Omre’s NMN + Resveratrol gives your cells the fuel they need to bounce back.
✅ Boosts energy
✅ Sharpens focus
✅ Support healthy aging
Thousands of customers say it changed their life. Will you be next?
Low impression count",7268,False,
1104252849127344,Omre,Omre,13 Aug 2026,5.3,5,video,SHOP_NOW,OMRE.CO,🏋️ The cellular upgrade for people who train.,,"NAD+ isn't competing with your pre-workout. 🔬
It's working on the part pre-workout can't touch - cellular energy production and recovery between sessions. That's why serious athletes add both.
Low impression count",7268,False,
1045070788343812,Omre,Omre,13 Aug 2026,5.3,5,video,LEARN_MORE,OMRE.CO,The Molecule That Powers How You Age,,"Feeling slower, foggier, and more tired as you age? That’s declining NAD+ at work.
Omre’s NMN + Resveratrol gives your cells the fuel they need to bounce back.
✅ Boosts energy
✅ Sharpens focus
✅ Support healthy aging
Thousands of customers say it changed their life. Will you be next?
Low impression count",7268,False,
4482740208679971,Omre,Omre,13 Aug 2026,5.3,5,video,SHOP_NOW,OMRE.CO,🏋️ The cellular upgrade for people who train.,,"NAD+ isn't competing with your pre-workout. 🔬
It's working on the part pre-workout can't touch - cellular energy production and recovery between sessions. That's why serious athletes add both.
Low impression count",7268,False,
1053912963664254,Omre,Omre,13 Aug 2026,5.3,5,video,LEARN_MORE,OMRE.CO,The Molecule That Powers How You Age,,"Feeling slower, foggier, and more tired as you age? That’s declining NAD+ at work.
Omre’s NAD+ Booster gives your cells the fuel they need to bounce back.
✅ Boosts energy
✅ Sharpens focus
✅ Support healthy aging
Thousands of customers say it changed their life. Will you be next?
Low impression count",7268,False,
1580650683605386,Omre,Omre,17 Aug 2026,1.3,1,video,LEARN_MORE,,,,Low impression count,7268,True,
1411262034266575,Omre,Omre,17 Aug 2026,1.3,1,video,LEARN_MORE,OMRE.CO,The Molecule That Powers How You Age,,"Feeling slower, foggier, and more tired as you age? That’s declining NAD+ at work.
Omre’s NMN + Resveratrol gives your cells the fuel they need to bounce back.
✅ Boosts energy
✅ Sharpens focus
✅ Support healthy aging
Thousands of customers say it changed their life. Will you be next?",7268,False,
1091128700016973,Omre,Omre,13 Aug 2026,5.3,5,video,LEARN_MORE,OMRE.CO,The key to unlocking performance at 40+,,"Feeling slower, weaker, and more tired as you age? That’s declining NAD+ at work.
Omre’s NMN + Resveratrol gives your cells the fuel they need to bounce back.
✅ Boosts energy
✅ Aids Recovery
✅ Support healthy aging
Thousands of customers say it changed their life. Will you be next?
Low impression count",7268,False,
1661251348899002,Omre,Omre,17 Aug 2026,1.3,1,static,SEE_DETAILS,OMRE.CO,🔋 Your cells are running out of fuel.,"Support cellular health as you age with Omre's doctor-formulated, clinically dosed longevity supplements. Third-party tested. Made in the USA. Shop now.","Feeling slower, foggier, and more tired as you age? That’s declining NAD+ at work.
Omre’s NMN + Resveratrol gives your cells the fuel they need to bounce back.
✅ Boosts energy
✅ Sharpens focus
✅ Support healthy aging
Thousands of customers say it changed their life. Will you be next?",7268,False,image508.jpg
1698941458906342,Omre,Omre,13 Aug 2026,5.3,5,video,SEE_DETAILS,OMRE.CO,🔋 Your cells are running out of fuel.,,"Feeling slower, foggier, and more tired as you age? That’s declining NAD+ at work.
Omre’s NMN + Resveratrol gives your cells the fuel they need to bounce back.
✅ Boosts energy
✅ Sharpens focus
✅ Support healthy aging
Thousands of customers say it changed their life. Will you be next?
Low impression count",7268,False,
1707669953851040,Omre,Omre,17 Aug 2026,1.3,1,video,LEARN_MORE,OMRE.CO,The key to unlocking performance at 40+,,"Feeling slower, weaker, and more tired as you age? That’s declining NAD+ at work.
Omre’s NMN + Resveratrol gives your cells the fuel they need to bounce back.
✅ Boosts energy
✅ Aids Recovery
✅ Support healthy aging
Thousands of customers say it changed their life. Will you be next?
Low impression count",7268,False,
1934670760541073,Omre,Omre,13 Aug 2026,5.3,5,video,LEARN_MORE,OMRE.CO,The Molecule That Powers How You Age,,"Feeling slower, foggier, and more tired as you age? That’s declining NAD+ at work.
Omre’s NMN + Resveratrol gives your cells the fuel they need to bounce back.
✅ Boosts energy
✅ Sharpens focus
✅ Support healthy aging
Thousands of customers say it changed their life. Will you be next?
Low impression count",7268,False,
1107098181885791,Omre,Omre,13 Aug 2026,5.3,5,static,SEE_DETAILS,,,,Low impression count,7268,True,image207.jpg
1376615533798739,Omre,Omre,16 Aug 2026,2.3,2,video,SHOP_NOW,OMRE.CO,🏋️ The cellular upgrade for people who train.,,"NAD+ isn't competing with your pre-workout. 🔬
It's working on the part pre-workout can't touch - cellular energy production and recovery between sessions. That's why serious athletes add both.
Low impression count",7268,False,
2159315178327373,Omre,Omre,17 Aug 2026,1.3,1,static,SEE_DETAILS,OMRE.CO,🔋 Your cells are running out of fuel.,"Support cellular health as you age with Omre's doctor-formulated, clinically dosed longevity supplements. Third-party tested. Made in the USA. Shop now.","Feeling slower, foggier, and more tired as you age? That’s declining NAD+ at work.
Omre’s NMN + Resveratrol gives your cells the fuel they need to bounce back.
✅ Boosts energy
✅ Sharpens focus
✅ Support healthy aging
Thousands of customers say it changed their life. Will you be next?",7268,False,image1347.jpg
1318141393492154,ProHealth Longevity,ProHealth Longevity,10 Apr 2026,130.3,130,static,SHOP_NOW,NMN Price Cut. Effective Immediately,,,"What makes ProHealth NMN stand out:
⚡ Clinically tested Uthever® NMN for optimal absorption
🧬 Supports NAD+ levels to improve energy & cellular repair
💪 Helps maintain muscle function and stamina with age
🕓 Backed by 35+ years of longevity research
💰 Now up to 25% lower prices — effective immediately. Not a sale. This is the new everyday price.",427567,True,image1314.jpg
1507161681008916,ProHealth Longevity,ProHealth Longevity,22 Apr 2026,118.3,118,static,SHOP_NOW,,,,"For men who care about staying sharp and active past 40, ProHealth NMN isn't hype — it's a smarter way to support energy, recovery, and longevity at the source.
The only thing that just changed? The price. We cut it by up to 25% — effective immediately. If you've been waiting for the right time to start - this is it!",427567,False,image510.jpg
2515245948952624,ProHealth Longevity,ProHealth Longevity,12 Mar 2026,159.3,159,video,SHOP_NOW,Now Up to 25% Lower Prices,,,"What makes ProHealth NMN stand out:
⚡ Clinically tested Uthever® NMN for optimal absorption
🧬 Supports NAD+ levels to improve energy & cellular repair
💪 Helps maintain muscle function and stamina with age
🕓 Backed by 35+ years of longevity research
💰 Now up to 25% lower prices — effective immediately. Not a sale. This is the new everyday price.",427567,True,
1502685258192926,ProHealth Longevity,ProHealth Longevity,10 Apr 2026,130.3,130,static,SHOP_NOW,NMN Price Cut. Effective Immediately,,,"What makes ProHealth NMN stand out:
⚡ Clinically tested Uthever® NMN for optimal absorption
🧬 Supports NAD+ levels to improve energy & cellular repair
💪 Helps maintain muscle function and stamina with age
🕓 Backed by 35+ years of longevity research
💰 Now up to 25% lower prices — effective immediately. Not a sale. This is the new everyday price.",427567,True,image1392.jpg
2002157704005705,ProHealth Longevity,ProHealth Longevity,13 Mar 2026,158.3,158,static,SHOP_NOW,NMN Price Cut. Effective Immediately,,,"What makes ProHealth NMN stand out:
⚡ Clinically tested Uthever® NMN for optimal absorption
🧬 Supports NAD+ levels to improve energy & cellular repair
💪 Helps maintain muscle function and stamina with age
🕓 Backed by 35+ years of longevity research
💰 Now up to 25% lower prices — effective immediately. Not a sale. This is the new everyday price.",427567,True,image1069.jpg
4294849407399434,ProHealth Longevity,ProHealth Longevity,2 Jul 2026,47.3,47,static,SHOP_NOW,,,,"For men who care about staying sharp and active past 40, ProHealth NMN isn't hype — it's a smarter way to support energy, recovery, and longevity at the source.
The only thing that just changed? The price. We cut it by up to 25% — effective immediately. If you've been waiting for the right time to start - this is it!",427567,False,image1314.jpg
1435826504471455,ProHealth Longevity,ProHealth Longevity,13 Apr 2026,127.3,127,video,SHOP_NOW,WWW.PROHEALTH.COM,3-in-1 NAD Booster from Top NMN Brand,,"Most NAD supplements don’t live up to the hype—and they’re often built on zero real science.
❌ Fake purity certificates
❌ Cheap fillers that dilute potency
❌ Ingredients that don’t match the label
❌ Only support NAD in one way
At ProHealth Longevity, we do things differently:
✅ Real-time purity reports you can read yourself
✅ No fillers—just research-backed ingredients
✅ Formulated by top-tier longevity scientists and doctors
✅ Boosts NAD in three distinct ways for maximum impact
If you take your health seriously, this should matter.
Try NAD Triple Boost Ultra™ risk-free for 100 days. Not satisfied? Return it—even if the bottle’s empty—for a full refund.",427567,False,
854755377636973,ProHealth Longevity,ProHealth Longevity,10 Apr 2026,130.3,130,static,SHOP_NOW,NMN Price Cut. Effective Immediately,,,"What makes ProHealth NMN stand out:
⚡ Clinically tested Uthever® NMN for optimal absorption
🧬 Supports NAD+ levels to improve energy & cellular repair
💪 Helps maintain muscle function and stamina with age
🕓 Backed by 35+ years of longevity research
💰 Now up to 25% lower prices — effective immediately. Not a sale. This is the new everyday price.",427567,True,image414.jpg
885868687777327,ProHealth Longevity,ProHealth Longevity,6 Mar 2026,165.3,165,video,SHOP_NOW,The smarter way to support longevity,Order yours today,,"What makes ProHealth’s NMN stand out:
⚡ Clinically tested Uthever® NMN for optimal absorption
🧬 Supports NAD+ levels to improve energy & cellular repair
💪 Helps maintain muscle function and stamina with age
🕓 Backed by 35+ years of longevity research",427567,True,
987687507209083,ProHealth Longevity,ProHealth Longevity,23 Jun 2026,56.3,56,static,SHOP_NOW,PROHEALTH.COM,Now Up to 25% Lower Prices,"ProHealth Longevity creates high-quality anti-aging supplements backed by science. Browse products suited to your needs that encourage a long, healthy lifestyle.","For men who care about staying sharp and active past 40, ProHealth NMN isn't hype — it's a smarter way to support energy, recovery, and longevity at the source.
The only thing that just changed? The price. We cut it by up to 25% — effective immediately. If you've been waiting for the right time to start - this is it!",427567,False,image1392.jpg
912845778454537,ProHealth Longevity,ProHealth Longevity,17 Apr 2026,123.3,123,static,SHOP_NOW,,,,"For men who care about staying sharp and active past 40, ProHealth NMN isn't hype — it's a smarter way to support energy, recovery, and longevity at the source.
The only thing that just changed? The price. We cut it by up to 25% — effective immediately. If you've been waiting for the right time to start - this is it!",427567,False,image866.jpg
1682430426447609,ProHealth Longevity,ProHealth Longevity,13 Apr 2026,127.3,127,video,SHOP_NOW,WWW.PROHEALTH.COM,3-in-1 NAD Booster from Top NMN Brand,,"Most NAD supplements don’t live up to the hype—and they’re often built on zero real science.
❌ Fake purity certificates
❌ Cheap fillers that dilute potency
❌ Ingredients that don’t match the label
❌ Only support NAD in one way
At ProHealth Longevity, we do things differently:
✅ Real-time purity reports you can read yourself
✅ No fillers—just research-backed ingredients
✅ Formulated by top-tier longevity scientists and doctors
✅ Boosts NAD in three distinct ways for maximum impact
If you take your health seriously, this should matter.
Try NAD Triple Boost Ultra™ risk-free for 100 days. Not satisfied? Return it—even if the bottle’s empty—for a full refund.",427567,False,
1649466579458260,ProHealth Longevity,ProHealth Longevity,25 Jun 2026,54.3,54,static,SHOP_NOW,PROHEALTH.COM,Now Up to 25% Lower Prices,"ProHealth Longevity creates high-quality anti-aging supplements backed by science. Browse products suited to your needs that encourage a long, healthy lifestyle.","For men who care about staying sharp and active past 40, ProHealth NMN isn't hype — it's a smarter way to support energy, recovery, and longevity at the source.
The only thing that just changed? The price. We cut it by up to 25% — effective immediately. If you've been waiting for the right time to start - this is it!",427567,False,image1567.jpg
1083663670864552,ProHealth Longevity,ProHealth Longevity,2 Aug 2026,16.3,16,static,SHOP_NOW,PROHEALTH.COM,Now Up to 25% Lower Prices,"ProHealth Longevity creates high-quality anti-aging supplements backed by science. Browse products suited to your needs that encourage a long, healthy lifestyle.","For men who care about staying sharp and active past 40, ProHealth NMN isn't hype — it's a smarter way to support energy, recovery, and longevity at the source.
The only thing that just changed? The price. We cut it by up to 25% — effective immediately. If you've been waiting for the right time to start - this is it!",427567,False,image414.jpg
1353453610140965,ProHealth Longevity,ProHealth Longevity,10 Apr 2026,130.3,130,static,SHOP_NOW,NMN Price Cut. Effective Immediately,,,"What makes ProHealth NMN stand out:
⚡ Clinically tested Uthever® NMN for optimal absorption
🧬 Supports NAD+ levels to improve energy & cellular repair
💪 Helps maintain muscle function and stamina with age
🕓 Backed by 35+ years of longevity research
💰 Now up to 25% lower prices — effective immediately. Not a sale. This is the new everyday price.",427567,True,image1058.jpg
1568497067743257,ProHealth Longevity,ProHealth Longevity,6 Mar 2026,165.3,165,video,SHOP_NOW,The smarter way to support longevity,Order yours today,,"What makes ProHealth’s NMN stand out:
⚡ Clinically tested Uthever® NMN for optimal absorption
🧬 Supports NAD+ levels to improve energy & cellular repair
💪 Helps maintain muscle function and stamina with age
🕓 Backed by 35+ years of longevity research",427567,True,
1572387187194983,ProHealth Longevity,ProHealth Longevity,13 Apr 2026,127.3,127,static,SHOP_NOW,PROHEALTH.COM,Now Up to 25% Lower Prices,"ProHealth Longevity creates high-quality anti-aging supplements backed by science. Browse products suited to your needs that encourage a long, healthy lifestyle.","For men who care about staying sharp and active past 40, ProHealth NMN isn't hype — it's a smarter way to support energy, recovery, and longevity at the source.
The only thing that just changed? The price. We cut it by up to 25% — effective immediately. If you've been waiting for the right time to start - this is it!",427567,False,image1069.jpg
1234241418751314,ProHealth Longevity,ProHealth Longevity,3 Jul 2026,46.3,46,video,SHOP_NOW,WWW.PROHEALTH.COM,Now Up to 25% Lower Prices,Order yours today,"Not all NMN is created equal. ProHealth uses the clinically validated Uthever® form — proven for purity, stability, and bioavailability — so you actually feel it working.
And now, for the first time, it just got a lot more affordable. We renegotiated our supply agreement and passed the savings directly to you. Up to 25% lower prices — effective immediately. Same formula. New price.",427567,False,
1346786737641799,ProHealth Longevity,ProHealth Longevity,15 Jul 2026,34.3,34,static,SHOP_NOW,PROHEALTH.COM,Now Up to 25% Lower Prices,"ProHealth Longevity creates high-quality anti-aging supplements backed by science. Browse products suited to your needs that encourage a long, healthy lifestyle.","For men who care about staying sharp and active past 40, ProHealth NMN isn't hype — it's a smarter way to support energy, recovery, and longevity at the source.
The only thing that just changed? The price. We cut it by up to 25% — effective immediately. If you've been waiting for the right time to start - this is it!",427567,False,image1058.jpg
1300727135464123,ProHealth Longevity,ProHealth Longevity,2 Jul 2026,47.3,47,static,null,,,,"ProHealth Longevity
Vitamins/supplements
427,567 people like this
Active 47 days
CTA: null
www.prohealth.com/pages
Page like: 427567",427567,False,
4484847168495374,ProHealth Longevity,ProHealth Longevity,17 Aug 2026,1.3,1,video,SHOP_NOW,WWW.PROHEALTH.COM,Now Up to 25% Lower Prices,Order yours today,"Not all NMN is created equal. ProHealth uses the clinically validated Uthever® form — proven for purity, stability, and bioavailability — so you actually feel it working.
And now, for the first time, it just got a lot more affordable. We renegotiated our supply agreement and passed the savings directly to you. Up to 25% lower prices — effective immediately. Same formula. New price.",427567,False,
2687566184961441,ProHealth Longevity,ProHealth Longevity,13 Apr 2026,127.3,127,static,SHOP_NOW,,,,"For men who care about staying sharp and active past 40, ProHealth NMN isn't hype — it's a smarter way to support energy, recovery, and longevity at the source.
The only thing that just changed? The price. We cut it by up to 25% — effective immediately. If you've been waiting for the right time to start - this is it!",427567,False,image629.jpg
1732152814616241,ProHealth Longevity,ProHealth Longevity,14 May 2026,96.3,96,video,SHOP_NOW,WWW.PROHEALTH.COM,Now Up to 25% Lower Prices,Order yours today,"For men who care about staying sharp and active past 40, ProHealth NMN isn't hype — it's a smarter way to support energy, recovery, and longevity at the source.
The only thing that just changed? The price. We cut it by up to 25% — effective immediately. If you've been waiting for the right time to start - this is it!",427567,False,image1564.jpg
2494292284856394,Double Wood Supplements,Double Wood Supplements,7 Apr 2026,133.3,133,static,SHOP_NOW,DOUBLEWOODSUPPLEMENTS.COM,Dihydromyricetin DHM (50 ct.),Discover Double Wood Supplements' best-selling premium health supplements for optimal wellness. Shop now for top-quality products!,"Say goodbye to mediocre supplements and hello to the highest quality and unbeatable value with Double Wood Supplements.
✨Clean, single-ingredient products
✨Third-party tested for quality and effectiveness
✨Support for energy, aging, immunity, and more
Don’t settle for less. Shop Now!",11683,True,image893.jpg
25777471321951213,Double Wood Supplements,Double Wood Supplements,16 Jun 2026,63.3,63,static,SHOP_NOW,DOUBLEWOODSUPPLEMENTS.COM,Bee Pollen Supplement,Antioxidant Supplements | Double Wood Supplements,"Use Code DWS2025 for 25% OFF your first order!
Don’t settle for just any supplement—choose the best for antioxidant support.
✨ Clean, single-ingredient products
✨ Third-party tested for quality and effectiveness
✨ Powerful support for cellular health, immunity, and overall wellness
Take charge of health. Shop now!",11683,True,image1215.jpg
1703258230884427,Double Wood Supplements,Double Wood Supplements,11 Aug 2026,7.3,7,video,SEE_DETAILS,DOUBLEWOODSUPPLEMENTS.COM,Double Wood Supplements,,"Join the people who choose transparency, quality, and science-backed supplements every day.
#Supplements #Wellness #Health #WellnessJourney #FYP",11683,False,
27163207036621473,Double Wood Supplements,Double Wood Supplements,17 Jun 2026,62.3,62,static,SHOP_NOW,Support your wind-down from the inside out.,,,The day asks a lot. Your evening should give something back. Phosphatidylserine supports mental composure and a healthy stress response after demanding days. Magnesium Glycinate supports nervous system calm and deep relaxation. A purposeful complementary pairing designed for the transition between doing and truly resting.,11683,True,image1318.jpg
4465882720405592,Double Wood Supplements,Double Wood Supplements,16 Jun 2026,63.3,63,static,SHOP_NOW,DOUBLEWOODSUPPLEMENTS.COM,Magnesium Taurate Supplement,Sleep Supplements | Double Wood Supplements,"Use Code DWS2025 for 25% OFF your first order!
Don’t settle for just any supplement—choose the best for your sleep health.
✨ Clean, single-ingredient products
✨ Third-party tested for quality and effectiveness
✨ Natural support for relaxation, sleep quality, and overall well-being
Shop now and give your body the sleep it deserves!",11683,True,image373.jpg
2100470007548691,Double Wood Supplements,Double Wood Supplements,13 Apr 2026,127.3,127,static,SHOP_NOW,DOUBLEWOODSUPPLEMENTS.COM,Blue Spirulina Powder,Discover Double Wood Supplements' best-selling premium health supplements for optimal wellness. Shop now for top-quality products!,"Say goodbye to mediocre supplements and hello to the highest quality and unbeatable value with Double Wood Supplements.
✨Clean, single-ingredient products
✨Third-party tested for quality and effectiveness
✨Support for energy, aging, immunity, and more
Don’t settle for less. Shop Now!",11683,True,image449.jpg
1532343841767200,Double Wood Supplements,Double Wood Supplements,29 Jun 2026,50.3,50,static,SHOP_NOW,,,,The day asks a lot. Your evening should give something back. Phosphatidylserine supports mental composure and a healthy stress response after demanding days. Magnesium Glycinate supports nervous system calm and deep relaxation. A purposeful complementary pairing designed for the transition between doing and truly resting.,11683,False,image1430.jpg
1325731859725002,Double Wood Supplements,Double Wood Supplements,2 Jul 2026,47.3,47,static,SHOP_NOW,,,,The day asks a lot. Your evening should give something back. Phosphatidylserine supports mental composure and a healthy stress response after demanding days. Magnesium Glycinate supports nervous system calm and deep relaxation. A purposeful complementary pairing designed for the transition between doing and truly resting.,11683,False,image1318.jpg
1321520053444197,Double Wood Supplements,Double Wood Supplements,17 Jun 2026,62.3,62,static,SHOP_NOW,The night shift your nervous system has been waiting for.,,,"When your body is ready to rest but your mind is still running, this evening complementary pairing was built for that gap. Phosphatidylserine supports a healthy stress response, while Magnesium Glycinate helps ease the nervous system into genuine calm. Two pure, single ingredients. One purposeful evening routine.",11683,True,image1214.jpg
1453764073187376,Double Wood Supplements,Double Wood Supplements,17 Jun 2026,62.3,62,static,SHOP_NOW,Your body stopped. Your mind hasn't.,,,"It's the most common end-of-day feeling — physically done, mentally still going. Phosphatidylserine supports mental composure and a healthy stress response after demanding days. Magnesium Glycinate supports nervous system calm so your body can follow through on what it already knows it needs. An intentional evening complementary pairing, built for the gap between done and truly rested.",11683,True,image1028.jpg
1362401409171405,Double Wood Supplements,Double Wood Supplements,16 Jun 2026,63.3,63,static,SHOP_NOW,DOUBLEWOODSUPPLEMENTS.COM,Inositol Supplement,Women's Health Supplements | Double Wood Supplements,"Use Code DWS2025 for 25% OFF your first order!
Don’t settle for just any supplement—choose the best for women’s health.
✨ Clean, single-ingredient products
✨ Third-party tested for quality and effectiveness
✨ Powerful support for energy, balance, vitality, and more
Take charge of health. Shop now and feel the best every day!",11683,True,image874.jpg
1926039224750499,Double Wood Supplements,Double Wood Supplements,17 Jun 2026,62.3,62,static,SHOP_NOW,Still activated at the end of the day? There's a routine for that.,,,"Some evenings, your mind doesn't get the message that the day is over. Phosphatidylserine supports a healthy stress response and mental composure after demanding days. Magnesium Glycinate supports physical relaxation and nervous system ease. Together, they cover both sides of a complete evening wind-down — mind and body. Two single-ingredient formulas. You know exactly what you're taking and why.",11683,True,image755.jpg
1613594807005930,Double Wood Supplements,Double Wood Supplements,16 Jul 2026,33.3,33,static,SHOP_NOW,DOUBLEWOODSUPPLEMENTS.COM,The night shift your nervous system has been waiting for.,Our Magnesium Glycinate & Phosphatidylserine Bundle includes 1 x Magnesium Glycinate 1 x Phosphatidylserine,"When your body is ready to rest but your mind is still running, this evening complementary pairing was built for that gap. Phosphatidylserine supports a healthy stress response, while Magnesium Glycinate helps ease the nervous system into genuine calm. Two pure, single ingredients. One purposeful evening routine.",11683,False,image285.jpg
995296413483695,Double Wood Supplements,Double Wood Supplements,9 Aug 2026,9.3,9,static,SHOP_NOW,DOUBLEWOODSUPPLEMENTS.COM,Magnesium Malate Supplement,Discover Double Wood Supplements' best-selling premium health supplements for optimal wellness. Shop now for top-quality products!,"Say goodbye to mediocre supplements and hello to the highest quality and unbeatable value with Double Wood Supplements.
✨Clean, single-ingredient products
✨Third-party tested for quality and effectiveness
✨Support for energy, aging, immunity, and more
Don’t settle for less. Shop Now!",11683,True,image1225.jpg
1201970958774164,Double Wood Supplements,Double Wood Supplements,5 Aug 2026,13.3,13,static,SHOP_NOW,,,,"When your body is ready to rest but your mind is still running, this evening complementary pairing was built for that gap. Phosphatidylserine supports a healthy stress response, while Magnesium Glycinate helps ease the nervous system into genuine calm. Two pure, single ingredients. One purposeful evening routine.",11683,False,image1214.jpg
1500308538081531,Double Wood Supplements,Double Wood Supplements,17 Jul 2026,32.3,32,static,SHOP_NOW,The night shift your nervous system has been waiting for.,,,"When your body is ready to rest but your mind is still running, this evening complementary pairing was built for that gap. Phosphatidylserine supports a healthy stress response, while Magnesium Glycinate helps ease the nervous system into genuine calm. Two pure, single ingredients. One purposeful evening routine.",11683,True,image1214.jpg
1049300244263971,Double Wood Supplements,Double Wood Supplements,20 Jul 2026,29.3,29,static,SHOP_NOW,DOUBLEWOODSUPPLEMENTS.COM,Still activated at the end of the day? There's a routine for that.,Our Magnesium Glycinate & Phosphatidylserine Bundle includes 1 x Magnesium Glycinate 1 x Phosphatidylserine,"Some evenings, your mind doesn't get the message that the day is over. Phosphatidylserine supports a healthy stress response and mental composure after demanding days. Magnesium Glycinate supports physical relaxation and nervous system ease. Together, they cover both sides of a complete evening wind-down — mind and body. Two single-ingredient formulas. You know exactly what you're taking and why.",11683,False,image1008.jpg
959903800228520,Double Wood Supplements,Double Wood Supplements,12 May 2026,98.3,98,static,SHOP_NOW,DOUBLEWOODSUPPLEMENTS.COM,Magnesium Complex Supplement,Discover Double Wood Supplements' best-selling premium health supplements for optimal wellness. Shop now for top-quality products!,"Say goodbye to mediocre supplements and hello to the highest quality and unbeatable value with Double Wood Supplements.
✨Clean, single-ingredient products
✨Third-party tested for quality and effectiveness
✨Support for energy, aging, immunity, and more
Don’t settle for less. Shop Now!",11683,False,image1176.jpg
1275541381297209,Double Wood Supplements,Double Wood Supplements,17 Jul 2026,32.3,32,static,SHOP_NOW,DOUBLEWOODSUPPLEMENTS.COM,Magnesium Complex Supplement,Discover Double Wood Supplements' best-selling premium health supplements for optimal wellness. Shop now for top-quality products!,"Say goodbye to mediocre supplements and hello to the highest quality and unbeatable value with Double Wood Supplements.
✨Clean, single-ingredient products
✨Third-party tested for quality and effectiveness
✨Support for energy, aging, immunity, and more
Don’t settle for less. Shop Now!",11683,False,image929.jpg
1004310775562734,Double Wood Supplements,Double Wood Supplements,19 Jul 2026,30.3,30,static,SHOP_NOW,,,,"Some evenings, your mind doesn't get the message that the day is over. Phosphatidylserine supports a healthy stress response and mental composure after demanding days. Magnesium Glycinate supports physical relaxation and nervous system ease. Together, they cover both sides of a complete evening wind-down — mind and body. Two single-ingredient formulas. You know exactly what you're taking and why.",11683,False,image755.jpg
2291171691629524,Double Wood Supplements,Double Wood Supplements,27 Jul 2026,22.3,22,static,SHOP_NOW,DOUBLEWOODSUPPLEMENTS.COM,Your body stopped. Your mind hasn't.,Our Magnesium Glycinate & Phosphatidylserine Bundle includes 1 x Magnesium Glycinate 1 x Phosphatidylserine,"It's the most common end-of-day feeling — physically done, mentally still going. Phosphatidylserine supports mental composure and a healthy stress response after demanding days. Magnesium Glycinate supports nervous system calm so your body can follow through on what it already knows it needs. An intentional evening complementary pairing, built for the gap between done and truly rested.",11683,False,image1028.jpg
1596839775207054,Nancy Patricia,Nancy Patricia,11 Jul 2026,38.4,38,static,GET_OFFER_VIEW,QUAD.MEDVI.ORG,Limited Time - 40% OFF,"⭐⭐⭐⭐⭐ 4.9/5 (184,000+)","🚨 FINAL HOURS ALERT: This is your final chance to claim your 40% OFF new patient discount. It expires TONIGHT at midnight.
Stop overthinking and start performing. Click below to claim your discount before it's gone! 👇",8372,False,image249.jpg
895643586190715,Clark Reilly,Clark Reilly,22 Jun 2026,57.4,57,video,LEARN_MORE,QUAD.MEDVI.ORG,Hard In 10 Minutes. No Pill Needed 👉,,"I honestly can't believe how fast this worked.
One dose under my tongue and 10 minutes later I felt like I was 25 again.
The assessment took a few minutes and I was approved right away. No doctor visit, no pharmacy, nothing.
Delivered straight to my door in a plain package.
My wife says it's like the first night we met 😏
👉 Tap below to take the assessment and see if you qualify.",330,False,
1038049732234838,Clark Reilly,Clark Reilly,21 Jun 2026,58.4,58,video,SEE_DETAILS,QUAD.MEDVI.ORG,Hard In 10 Minutes. No Pill Needed 👉,,"I honestly can't believe how fast this worked.
One dose under my tongue and 10 minutes later I felt like I was 25 again.
The assessment took a few minutes and I was approved right away. No doctor visit, no pharmacy, nothing.
Delivered straight to my door in a plain package.
My wife says it's like the first night we met 😏
👉 Tap below to take the assessment and see if you qualify.",330,False,
2614649798993235,Medvi,Medvi,5 Aug 2026,13.4,13,static,LEARN_MORE,QUAD.MEDVI.ORG,Rock Hard In 10 Minutes,This saved our marriage!,"When ED gets in the way, it affects more than performance, it affects confidence.
This fast-acting, long-lasting treatment is designed to help men feel in control again, without the wait or the pressure.
⚡ Starts working in 10–15 minutes
⏳ Lasts up to 36 hours
🧠 Melts under your tongue for faster absorption
💪 Built for firmness, stamina, and desire
No more planning ahead.
Just confidence when it matters.
Take the quick qualification quiz 👇.",14,False,
27553324790967478,Clark Reilly,Clark Reilly,21 Jun 2026,58.4,58,video,SEE_DETAILS,QUAD.MEDVI.ORG,Hard In 10 Minutes. No Pill Needed 👉,,"I honestly can't believe how fast this worked.
One dose under my tongue and 10 minutes later I felt like I was 25 again.
The assessment took a few minutes and I was approved right away. No doctor visit, no pharmacy, nothing.
Delivered straight to my door in a plain package.
My wife says it's like the first night we met 😏
👉 Tap below to take the assessment and see if you qualify.",330,False,
1128290392870273,Clark Reilly,Clark Reilly,20 Jul 2026,29.4,29,video,LEARN_MORE,QUAD.MEDVI.ORG,Hard In 10 Minutes. No Pill Needed 👉,,"I honestly can't believe how fast this worked.
One dose under my tongue and 10 minutes later I felt like I was 25 again.
The assessment took a few minutes and I was approved right away. No doctor visit, no pharmacy, nothing.
Delivered straight to my door in a plain package.
My wife says it's like the first night we met 😏
👉 Tap below to take the assessment and see if you qualify.",330,False,
1270296655180461,Clark Reilly,Clark Reilly,27 Jun 2026,52.4,52,static,SEE_DETAILS,QUAD.MEDVI.ORG,Hard In 10 Minutes. No Pill Needed 👉,"MEDVi is changing the way patients receive healthcare. From 24/7, one-on-one support to personalized care, MEDVi patients are taken care of from start to finish.","I can't believe how fast this stuff worked! I'm talking MINUTES. Not an hour. MINUTES!
My wife looked at me like I was 30 again lol I'm not even joking!
I took the free assessment online — took like 5 minutes and I was INSTANTLY approved! No doctor's office, no pharmacy, nothing awkward at all.
QUAD showed up at my door in a plain box. One dose under the tongue. That's it! Not a pill. Not something you gotta take an hour early and pray it kicks in!
4 medications in one dose and this thing lasts up to 36 HOURS. I'm still in shock honestly!
I finally feel like a man again and I'm not ashamed to say it!
I left the assessment link below for anyone who needs this — trust me you need this.
Tap the button below and take the assessment to see if you qualify!",330,False,image703.jpg
1994159807861455,Clark Reilly,Clark Reilly,28 Jun 2026,51.4,51,video,LEARN_MORE,QUAD.MEDVI.ORG,Hard In 10 Minutes. No Pill Needed 👉,,"I honestly can't believe how fast this worked.
One dose under my tongue and 10 minutes later I felt like I was 25 again.
The assessment took a few minutes and I was approved right away. No doctor visit, no pharmacy, nothing.
Delivered straight to my door in a plain package.
My wife says it's like the first night we met 😏
👉 Tap below to take the assessment and see if you qualify.",330,False,
1801705787670538,Medvi,Medvi,13 Aug 2026,5.4,5,static,SEE_DETAILS,QUAD.MEDVI.ORG,Rock Hard In 10 Minutes,This saved our marriage!,"When ED gets in the way, it affects more than performance, it affects confidence.
This fast-acting, long-lasting treatment is designed to help men feel in control again, without the wait or the pressure.
⚡ Starts working in 10–15 minutes
⏳ Lasts up to 36 hours
🧠 Melts under your tongue for faster absorption
💪 Only $99: Built for firmness, stamina, and desire
No more planning ahead.
Just confidence when it matters.
Take the quick qualification quiz 👇.",14,False,
4332309543745778,Clark Reilly,Clark Reilly,19 Jul 2026,30.4,30,static,SEE_DETAILS,QUAD.MEDVI.ORG,Hard In 10 Minutes. No Pill Needed 👉,"MEDVi is changing the way patients receive healthcare. From 24/7, one-on-one support to personalized care, MEDVi patients are taken care of from start to finish.","I honestly can't believe how fast this worked.
One dose under my tongue and 10 minutes later I felt like I was 25 again.
The assessment took a few minutes and I was approved right away. No doctor visit, no pharmacy, nothing.
Delivered straight to my door in a plain package.
My wife says it's like the first night we met 😏
👉 Tap below to take the assessment and see if you qualify.",330,False,image1241.jpg
1632641731143559,Clark Reilly,Clark Reilly,21 Jun 2026,58.4,58,video,SEE_DETAILS,QUAD.MEDVI.ORG,Hard In 10 Minutes. No Pill Needed 👉,,"I honestly can't believe how fast this worked.
One dose under my tongue and 10 minutes later I felt like I was 25 again.
The assessment took a few minutes and I was approved right away. No doctor visit, no pharmacy, nothing.
Delivered straight to my door in a plain package.
My wife says it's like the first night we met 😏
👉 Tap below to take the assessment and see if you qualify.",330,False,
888801203844071,Medvi,Medvi,26 Jul 2026,23.4,23,video,SEE_DETAILS,QUAD.MEDVI.ORG,Rock Hard In 10 Minutes,This saved our marriage!,"When ED gets in the way, it affects more than performance, it affects confidence.
This fast-acting, long-lasting treatment is designed to help men feel in control again, without the wait or the pressure.
⚡ Starts working in 10–15 minutes
⏳ Lasts up to 36 hours
🧠 Melts under your tongue for faster absorption
💪 Built for firmness, stamina, and desire
No more planning ahead.
Just confidence when it matters.
Take the quick qualification quiz 👇.",14,False,
1073449568477961,Clark Reilly,Clark Reilly,19 Jul 2026,30.4,30,static,LEARN_MORE,QUAD.MEDVI.ORG,Hard In 10 Minutes. No Pill Needed 👉,"MEDVi is changing the way patients receive healthcare. From 24/7, one-on-one support to personalized care, MEDVi patients are taken care of from start to finish.","I honestly can't believe how fast this worked.
One dose under my tongue and 10 minutes later I felt like I was 25 again.
The assessment took a few minutes and I was approved right away. No doctor visit, no pharmacy, nothing.
Delivered straight to my door in a plain package.
My wife says it's like the first night we met 😏
👉 Tap below to take the assessment and see if you qualify.",330,False,image225.jpg
1740150087297249,Samantha,Samantha,4 Jul 2026,45.4,45,video,GET_OFFER_VIEW,QUAD.MEDVI.ORG,Limited Time - 70% OFF,⭐⭐⭐⭐⭐ 4.9/5 (49.000+),"Your doctor won't tell you this exists — but thousands of men already know. Medvi's clinician-prescribed Peak Performance formula is flying off shelves this July 4th. Use code JULY4 and save up to 70% OFF — with FREE discreet delivery straight to your door. No pharmacy. No awkward conversations. Just results.
⚡ Flash Sale ends soon. Don't wait.",19186,False,
28271268319137032,Clark Reilly,Clark Reilly,20 Jul 2026,29.4,29,static,LEARN_MORE,,,,"I honestly can't believe how fast this worked.
One dose under my tongue and 10 minutes later I felt like I was 25 again.
The assessment took a few minutes and I was approved right away. No doctor visit, no pharmacy, nothing.
Delivered straight to my door in a plain package.
My wife says it's like the first night we met 😏
👉 Tap below to take the assessment and see if you qualify.",330,False,image836.jpg
1664738401282243,Medvi,Medvi,26 Jul 2026,23.4,23,static,LEARN_MORE,,,,"When ED gets in the way, it affects more than performance, it affects confidence.
This fast-acting, long-lasting treatment is designed to help men feel in control again, without the wait or the pressure.
⚡ Starts working in 10–15 minutes
⏳ Lasts up to 36 hours
🧠 Melts under your tongue for faster absorption
💪 Built for firmness, stamina, and desire
No more planning ahead.
Just confidence when it matters.
Take the quick qualification quiz 👇.",14,False,
1299609301898650,Clark Reilly,Clark Reilly,21 Jun 2026,58.4,58,video,SEE_DETAILS,QUAD.MEDVI.ORG,Hard In 10 Minutes. No Pill Needed 👉,,"I honestly can't believe how fast this worked.
One dose under my tongue and 10 minutes later I felt like I was 25 again.
The assessment took a few minutes and I was approved right away. No doctor visit, no pharmacy, nothing.
Delivered straight to my door in a plain package.
My wife says it's like the first night we met 😏
👉 Tap below to take the assessment and see if you qualify.",330,False,
1569710938127661,Clark Reilly,Clark Reilly,20 Jul 2026,29.4,29,video,LEARN_MORE,QUAD.MEDVI.ORG,Hard In 10 Minutes. No Pill Needed 👉,,"I honestly can't believe how fast this worked.
One dose under my tongue and 10 minutes later I felt like I was 25 again.
The assessment took a few minutes and I was approved right away. No doctor visit, no pharmacy, nothing.
Delivered straight to my door in a plain package.
My wife says it's like the first night we met 😏
👉 Tap below to take the assessment and see if you qualify.",330,False,
1639701204477795,Clark Reilly,Clark Reilly,22 Jul 2026,27.4,27,static,SEE_DETAILS,QUAD.MEDVI.ORG,Hard In 10 Minutes. No Pill Needed 👉,"MEDVi is changing the way patients receive healthcare. From 24/7, one-on-one support to personalized care, MEDVi patients are taken care of from start to finish.","I honestly can't believe how fast this worked.
One dose under my tongue and 10 minutes later I felt like I was 25 again.
The assessment took a few minutes and I was approved right away. No doctor visit, no pharmacy, nothing.
Delivered straight to my door in a plain package.
My wife says it's like the first night we met 😏
👉 Tap below to take the assessment and see if you qualify.",330,False,image1391.jpg
1703222594319135,Clark Reilly,Clark Reilly,20 Jul 2026,29.4,29,video,LEARN_MORE,QUAD.MEDVI.ORG,Hard In 10 Minutes. No Pill Needed 👉,,"I honestly can't believe how fast this worked.
One dose under my tongue and 10 minutes later I felt like I was 25 again.
The assessment took a few minutes and I was approved right away. No doctor visit, no pharmacy, nothing.
Delivered straight to my door in a plain package.
My wife says it's like the first night we met 😏
👉 Tap below to take the assessment and see if you qualify.",330,False,
2103715797168213,Clark Reilly,Clark Reilly,27 Jun 2026,52.4,52,static,SEE_DETAILS,QUAD.MEDVI.ORG,Hard In 10 Minutes. No Pill Needed 👉,"MEDVi is changing the way patients receive healthcare. From 24/7, one-on-one support to personalized care, MEDVi patients are taken care of from start to finish.","I can't believe how fast this stuff worked! I'm talking MINUTES. Not an hour. MINUTES!
My wife looked at me like I was 30 again lol I'm not even joking!
I took the free assessment online — took like 5 minutes and I was INSTANTLY approved! No doctor's office, no pharmacy, nothing awkward at all.
QUAD showed up at my door in a plain box. One dose under the tongue. That's it! Not a pill. Not something you gotta take an hour early and pray it kicks in!
4 medications in one dose and this thing lasts up to 36 HOURS. I'm still in shock honestly!
I finally feel like a man again and I'm not ashamed to say it!
I left the assessment link below for anyone who needs this — trust me you need this.
Tap the button below and take the assessment to see if you qualify!",330,False,image131.jpg
1578157470516063,Medvi,Medvi,4 Aug 2026,14.4,14,static,LEARN_MORE,QUAD.MEDVI.ORG,Rock Hard In 10 Minutes,This saved our marriage!,"When ED gets in the way, it affects more than performance, it affects confidence.
This fast-acting, long-lasting treatment is designed to help men feel in control again, without the wait or the pressure.
⚡ Starts working in 10–15 minutes
⏳ Lasts up to 36 hours
🧠 Melts under your tongue for faster absorption
💪 Built for firmness, stamina, and desire
No more planning ahead.
Just confidence when it matters.
Take the quick qualification quiz 👇.",14,False,
36838254915765820,Clark Reilly,Clark Reilly,21 Jun 2026,58.4,58,video,SEE_DETAILS,QUAD.MEDVI.ORG,Hard In 10 Minutes. No Pill Needed 👉,,"I honestly can't believe how fast this worked.
One dose under my tongue and 10 minutes later I felt like I was 25 again.
The assessment took a few minutes and I was approved right away. No doctor visit, no pharmacy, nothing.
Delivered straight to my door in a plain package.
My wife says it's like the first night we met 😏
👉 Tap below to take the assessment and see if you qualify.",330,False,
1615015073475693,Clark Reilly,Clark Reilly,20 Jul 2026,29.4,29,video,LEARN_MORE,QUAD.MEDVI.ORG,Hard In 10 Minutes. No Pill Needed 👉,,"I honestly can't believe how fast this worked.
One dose under my tongue and 10 minutes later I felt like I was 25 again.
The assessment took a few minutes and I was approved right away. No doctor visit, no pharmacy, nothing.
Delivered straight to my door in a plain package.
My wife says it's like the first night we met 😏
👉 Tap below to take the assessment and see if you qualify.",330,False,
1591256172588606,Medvi,Medvi,13 Aug 2026,5.4,5,static,SEE_DETAILS,QUAD.MEDVI.ORG,Rock Hard In 10 Minutes,This saved our marriage!,"When ED gets in the way, it affects more than performance, it affects confidence.
This fast-acting, long-lasting treatment is designed to help men feel in control again, without the wait or the pressure.
⚡ Starts working in 10–15 minutes
⏳ Lasts up to 36 hours
🧠 Melts under your tongue for faster absorption
💪 Only $99: Built for firmness, stamina, and desire
No more planning ahead.
Just confidence when it matters.
Take the quick qualification quiz 👇.",14,False,
2811828615863194,Modern Men’s Health,Modern Men’s Health,21 Jul 2026,28.4,28,static,LEARN_MORE,QUAD.MEDVI.ORG,Skip the 60-minute wait,No hidden fees. Cancel anytime.,"Sex doesn’t happen on a schedule
QUAD dissolves under your tongue—designed for faster onset than swallowed pills.
Less “pill timing” stress. Doctor consult + discreet delivery included.
👉 See if you qualify in 3 minutes.",170,False,image273.jpg
1532296258388989,Clark Reilly,Clark Reilly,21 Jun 2026,58.4,58,video,SEE_DETAILS,QUAD.MEDVI.ORG,Hard In 10 Minutes. No Pill Needed 👉,,"I honestly can't believe how fast this worked.
One dose under my tongue and 10 minutes later I felt like I was 25 again.
The assessment took a few minutes and I was approved right away. No doctor visit, no pharmacy, nothing.
Delivered straight to my door in a plain package.
My wife says it's like the first night we met 😏
👉 Tap below to take the assessment and see if you qualify.",330,False,
1653800329014807,Clark Reilly,Clark Reilly,19 Jul 2026,30.4,30,static,SEE_DETAILS,QUAD.MEDVI.ORG,Hard In 10 Minutes. No Pill Needed 👉,"MEDVi is changing the way patients receive healthcare. From 24/7, one-on-one support to personalized care, MEDVi patients are taken care of from start to finish.","I honestly can't believe how fast this worked.
One dose under my tongue and 10 minutes later I felt like I was 25 again.
The assessment took a few minutes and I was approved right away. No doctor visit, no pharmacy, nothing.
Delivered straight to my door in a plain package.
My wife says it's like the first night we met 😏
👉 Tap below to take the assessment and see if you qualify.",330,False,image378.jpg
1281851677226415,Active Wellness Center,Active Wellness Center,13 Aug 2026,5.4,5,static,LEARN_MORE,QUAD.MEDVI.ORG,4-in-1 Men's Liquid Formula. Rock Hard In 15 Minutes,Qualify in under 2 minutes. Limited Time $99. Get it while supplies lasts.,"One Bottle. Four ingredients. Zero awkward pharmacy runs.
QUAD was built for men who'd rather not schedule a doctor's visit, wait in line, or explain themselves at a counter.
A licensed provider reviews everything online, and your formula ships discreetly to your door.
No subscriptions you can't cancel. No clinic. No small talk.
👉 See if QUAD is right for you",429,False,image1444.jpg
2318291128703383,Clark Reilly,Clark Reilly,21 Jun 2026,58.4,58,video,SEE_DETAILS,QUAD.MEDVI.ORG,Hard In 10 Minutes. No Pill Needed 👉,,"I honestly can't believe how fast this worked.
One dose under my tongue and 10 minutes later I felt like I was 25 again.
The assessment took a few minutes and I was approved right away. No doctor visit, no pharmacy, nothing.
Delivered straight to my door in a plain package.
My wife says it's like the first night we met 😏
👉 Tap below to take the assessment and see if you qualify.",330,False,
1355332946037044,UNATTRIBUTED,,21 Jul 2026,28.4,,static,,Clark Reilly,Sponsored,"I honestly can't believe how fast this worked.
One dose under my tongue and 10 minutes later I felt like I was 25 again.
The assessment took a few minutes and I was approved right away. No doctor visit, no pharmacy, nothing.
Delivered straight to my door in a plain package.
My wife says it's like the first night we met 😏
👉 Tap below to take the assessment and see if you qualify.
[[IMG image1372.jpg]]
QUAD.MEDVI.ORG
Hard In 10 Minutes. No Pill Needed 👉
MEDVi is changing the way patients receive healthcare. From 24/7, one-on-one support to personalized care, MEDVi patients are taken care of from start to finish.",,,False,image1372.jpg
1079946304707871,UNATTRIBUTED,,31 Jul 2026,18.4,,static,,MEDVi,Sponsored,"You shouldn't have to plan intimacy like a calendar event. QUAD by MEDVi gives you up to 36 hours of readiness from a single sublingual dose — so you're ready when the moment is, not the other way around. Take the 2-minute quiz to see if you qualify. 👇
[[IMG image558.jpg]]
HTTPS://QUAD.MEDVI.ORG/
Ready When You Are — Not an Hour Later
Fast-Acting. Long-Lasting. Discreet.",,,True,image558.jpg
1598886171810124,UNATTRIBUTED,,27 Jun 2026,52.4,,static,,Clark Reilly,Sponsored,"I can't believe how fast this stuff worked! I'm talking MINUTES. Not an hour. MINUTES!
My wife looked at me like I was 30 again lol I'm not even joking!
I took the free assessment online — took like 5 minutes and I was INSTANTLY approved! No doctor's office, no pharmacy, nothing awkward at all.
QUAD showed up at my door in a plain box. One dose under the tongue. That's it! Not a pill. Not something you gotta take an hour early and pray it kicks in!
4 medications in one dose and this thing lasts up to 36 HOURS. I'm still in shock honestly!
I finally feel like a man again and I'm not ashamed to say it!
I left the assessment link below for anyone who needs this — trust me you need this.
Tap the button below and take the assessment to see if you qualify!
[[IMG image1515.jpg]]
QUAD.MEDVI.ORG
Hard In 10 Minutes. No Pill Needed 👉
MEDVi is changing the way patients receive healthcare. From 24/7, one-on-one support to personalized care, MEDVi patients are taken care of from start to finish.",,,False,image1515.jpg
1327770882794104,UNATTRIBUTED,,21 Jun 2026,58.4,,video,,Clark Reilly,Sponsored,"I honestly can't believe how fast this worked.
One dose under my tongue and 10 minutes later I felt like I was 25 again.
The assessment took a few minutes and I was approved right away. No doctor visit, no pharmacy, nothing.
Delivered straight to my door in a plain package.
My wife says it's like the first night we met 😏
👉 Tap below to take the assessment and see if you qualify.
0:00 / 0:00
QUAD.MEDVI.ORG
Hard In 10 Minutes. No Pill Needed 👉",,,False,
1548086593363964,UNATTRIBUTED,,20 Jul 2026,29.4,,video,,Clark Reilly,Sponsored,"I honestly can't believe how fast this worked.
One dose under my tongue and 10 minutes later I felt like I was 25 again.
The assessment took a few minutes and I was approved right away. No doctor visit, no pharmacy, nothing.
Delivered straight to my door in a plain package.
My wife says it's like the first night we met 😏
👉 Tap below to take the assessment and see if you qualify.
0:00 / 0:00
QUAD.MEDVI.ORG
Hard In 10 Minutes. No Pill Needed 👉",,,False,
1562396492204337,UNATTRIBUTED,,19 Jul 2026,30.4,,static,,Clark Reilly,Sponsored,"If you're a first responder over 50, you qualify for QUAD at wholesale prices.
QUAD is a doctor-prescribed 4-in-1 treatment built to work fast and last:
✅ Dissolves under the tongue, no swallowing and waiting
✅ Kicks in around 10 minutes
✅ Lasts up to 36 hours
✅ Prescribed online, delivered discreet to your door
✅ Responder age brackets qualify for exclusive pricing
No office visit. No waiting room. No one at the pharmacy counter knowing your business.
Tap below, pick your age range, see what you qualify for.
[[IMG image828.jpg]]
QUAD.MEDVI.ORG
Hard In 10 Minutes. No Pill Needed 👉
MEDVi is changing the way patients receive healthcare. From 24/7, one-on-one support to personalized care, MEDVi patients are taken care of from start to finish.",,,False,image828.jpg
908089642374520,UNATTRIBUTED,,6 Aug 2026,12.4,,video,,Nancy Patricia,Sponsored,"Your doctor won't tell you this exists — but thousands of men already know.
Medvi's clinician-prescribed Peak Performance formula is quietly becoming the most talked-about men's health solution this summer.
No pharmacy. No waiting rooms. No awkward conversations.
Discreet delivery straight to your door.
⚡ Spots are filling fast. Don't wait.
0:00 / 0:00
QUAD.MEDVI.ORG
Skip the pharmacy. Skip the wait.
⭐⭐⭐⭐⭐ 4.9/5 (184,000+)",,,False,
2081901119346644,UNATTRIBUTED,,21 Jun 2026,58.4,,video,,Clark Reilly,Sponsored,"I honestly can't believe how fast this worked.
One dose under my tongue and 10 minutes later I felt like I was 25 again.
The assessment took a few minutes and I was approved right away. No doctor visit, no pharmacy, nothing.
Delivered straight to my door in a plain package.
My wife says it's like the first night we met 😏
👉 Tap below to take the assessment and see if you qualify.
0:00 / 0:00
QUAD.MEDVI.ORG
Hard In 10 Minutes. No Pill Needed 👉",,,False,
1359831612741977,UNATTRIBUTED,,28 Jun 2026,51.4,,video,,Clark Reilly,Sponsored,"I honestly can't believe how fast this worked.
One dose under my tongue and 10 minutes later I felt like I was 25 again.
The assessment took a few minutes and I was approved right away. No doctor visit, no pharmacy, nothing.
Delivered straight to my door in a plain package.
My wife says it's like the first night we met 😏
👉 Tap below to take the assessment and see if you qualify.
0:00 / 0:00
QUAD.MEDVI.ORG
Hard In 10 Minutes. No Pill Needed 👉",,,False,
1367809998634832,UNATTRIBUTED,,20 Jul 2026,29.4,,static,,Clark Reilly,Sponsored,"If you're retired and over 55, you qualify for QUAD at wholesale prices.
QUAD is a doctor-prescribed 4-in-1 treatment built to work fast and last:
✅ Dissolves under the tongue, no swallowing and waiting
✅ Kicks in around 10 minutes
✅ Lasts up to 36 hours
✅ Prescribed online, delivered discreet to your door
✅ Retiree age brackets qualify for exclusive pricing
No office visit. No waiting room. No one at the pharmacy counter knowing your business.
Tap below, pick your age range, see what you qualify for.
[[IMG image952.jpg]]",,,False,image952.jpg
915769244900486,UNATTRIBUTED,,30 Jul 2026,19.4,,video,,Health After 35,Sponsored,"See if you qualify for QUAD, Medvi at wholesale pricing — about $3.50 per use.
It's a 4-ingredient prescription dissolve: the brain's signal, blood flow, and stamina, covered in one tablet under the tongue. Working in about 10–15 minutes, lasting up to 36 hours.
2-minute quiz. A licensed provider reviews it. You don't pay unless you're approved. Ships discreetly to your door.
Tap the link to check your eligibility. Compounded medication. Prescription required. Results vary.
0:00 / 0:00
QUAD.MEDVI.ORG
Under $3.5 Per Use",,,False,
1023905800440572,UNATTRIBUTED,,20 Jul 2026,29.4,,video,,Clark Reilly,Sponsored,"I honestly can't believe how fast this worked.
One dose under my tongue and 10 minutes later I felt like I was 25 again.
The assessment took a few minutes and I was approved right away. No doctor visit, no pharmacy, nothing.
Delivered straight to my door in a plain package.
My wife says it's like the first night we met 😏
👉 Tap below to take the assessment and see if you qualify.
0:00 / 0:00
QUAD.MEDVI.ORG
Hard In 10 Minutes. No Pill Needed 👉",,,False,
2475647186257319,UNATTRIBUTED,,20 Jul 2026,29.4,,video,,Clark Reilly,Sponsored,"I honestly can't believe how fast this worked.
One dose under my tongue and 10 minutes later I felt like I was 25 again.
The assessment took a few minutes and I was approved right away. No doctor visit, no pharmacy, nothing.
Delivered straight to my door in a plain package.
My wife says it's like the first night we met 😏
👉 Tap below to take the assessment and see if you qualify.
0:00 / 0:00
QUAD.MEDVI.ORG
Hard In 10 Minutes. No Pill Needed 👉",,,False,
2475230679918147,UNATTRIBUTED,,20 Jul 2026,29.4,,video,,Clark Reilly,Sponsored,"I honestly can't believe how fast this worked.
One dose under my tongue and 10 minutes later I felt like I was 25 again.
The assessment took a few minutes and I was approved right away. No doctor visit, no pharmacy, nothing.
Delivered straight to my door in a plain package.
My wife says it's like the first night we met 😏
👉 Tap below to take the assessment and see if you qualify.
0:00 / 0:00
QUAD.MEDVI.ORG
Hard In 10 Minutes. No Pill Needed 👉",,,False,
1050060390819754,UNATTRIBUTED,,20 Jul 2026,29.4,,video,,Clark Reilly,Sponsored,"I honestly can't believe how fast this worked.
One dose under my tongue and 10 minutes later I felt like I was 25 again.
The assessment took a few minutes and I was approved right away. No doctor visit, no pharmacy, nothing.
Delivered straight to my door in a plain package.
My wife says it's like the first night we met 😏
👉 Tap below to take the assessment and see if you qualify.
0:00 / 0:00
QUAD.MEDVI.ORG
Hard In 10 Minutes. No Pill Needed 👉",,,False,
1010393915105599,UNATTRIBUTED,,20 Jul 2026,29.4,,video,,Clark Reilly,Sponsored,"I honestly can't believe how fast this worked.
One dose under my tongue and 10 minutes later I felt like I was 25 again.
The assessment took a few minutes and I was approved right away. No doctor visit, no pharmacy, nothing.
Delivered straight to my door in a plain package.
My wife says it's like the first night we met 😏
👉 Tap below to take the assessment and see if you qualify.
0:00 / 0:00
QUAD.MEDVI.ORG
Hard In 10 Minutes. No Pill Needed 👉",,,False,
1570419004788507,UNATTRIBUTED,,20 Jul 2026,29.4,,video,,Clark Reilly,Sponsored,"I honestly can't believe how fast this worked.
One dose under my tongue and 10 minutes later I felt like I was 25 again.
The assessment took a few minutes and I was approved right away. No doctor visit, no pharmacy, nothing.
Delivered straight to my door in a plain package.
My wife says it's like the first night we met 😏
👉 Tap below to take the assessment and see if you qualify.
0:00 / 0:00
QUAD.MEDVI.ORG
Hard In 10 Minutes. No Pill Needed 👉",,,False,
982371738175849,UNATTRIBUTED,,21 Jun 2026,58.4,,video,,Clark Reilly,Sponsored,"I honestly can't believe how fast this worked.
One dose under my tongue and 10 minutes later I felt like I was 25 again.
The assessment took a few minutes and I was approved right away. No doctor visit, no pharmacy, nothing.
Delivered straight to my door in a plain package.
My wife says it's like the first night we met 😏
👉 Tap below to take the assessment and see if you qualify.
0:00 / 0:00
QUAD.MEDVI.ORG
Hard In 10 Minutes. No Pill Needed 👉",,,False,
1502769008293849,UNATTRIBUTED,,20 Jul 2026,29.4,,video,,Clark Reilly,Sponsored,"I honestly can't believe how fast this worked.
One dose under my tongue and 10 minutes later I felt like I was 25 again.
The assessment took a few minutes and I was approved right away. No doctor visit, no pharmacy, nothing.
Delivered straight to my door in a plain package.
My wife says it's like the first night we met 😏
👉 Tap below to take the assessment and see if you qualify.
0:00 / 0:00
QUAD.MEDVI.ORG
Hard In 10 Minutes. No Pill Needed 👉",,,False,
1898790761080063,UNATTRIBUTED,,20 Jul 2026,29.4,,video,,Clark Reilly,Sponsored,"I honestly can't believe how fast this worked.
One dose under my tongue and 10 minutes later I felt like I was 25 again.
The assessment took a few minutes and I was approved right away. No doctor visit, no pharmacy, nothing.
Delivered straight to my door in a plain package.
My wife says it's like the first night we met 😏
👉 Tap below to take the assessment and see if you qualify.
0:00 / 0:00
QUAD.MEDVI.ORG
Hard In 10 Minutes. No Pill Needed 👉",,,False,
1037779455287912,UNATTRIBUTED,,20 Jul 2026,29.4,,video,,Clark Reilly,Sponsored,"I honestly can't believe how fast this worked.
One dose under my tongue and 10 minutes later I felt like I was 25 again.
The assessment took a few minutes and I was approved right away. No doctor visit, no pharmacy, nothing.
Delivered straight to my door in a plain package.
My wife says it's like the first night we met 😏
👉 Tap below to take the assessment and see if you qualify.
0:00 / 0:00
QUAD.MEDVI.ORG
Hard In 10 Minutes. No Pill Needed 👉",,,False,
2381905458887656,UNATTRIBUTED,,21 Jun 2026,58.4,,video,,Clark Reilly,Sponsored,"I honestly can't believe how fast this worked.
One dose under my tongue and 10 minutes later I felt like I was 25 again.
The assessment took a few minutes and I was approved right away. No doctor visit, no pharmacy, nothing.
Delivered straight to my door in a plain package.
My wife says it's like the first night we met 😏
👉 Tap below to take the assessment and see if you qualify.
0:00 / 0:00
QUAD.MEDVI.ORG
Hard In 10 Minutes. No Pill Needed 👉",,,False,
1704187490633905,UNATTRIBUTED,,20 Jul 2026,29.4,,video,,Clark Reilly,Sponsored,"I honestly can't believe how fast this worked.
One dose under my tongue and 10 minutes later I felt like I was 25 again.
The assessment took a few minutes and I was approved right away. No doctor visit, no pharmacy, nothing.
Delivered straight to my door in a plain package.
My wife says it's like the first night we met 😏
👉 Tap below to take the assessment and see if you qualify.
0:00 / 0:00
QUAD.MEDVI.ORG
Hard In 10 Minutes. No Pill Needed 👉",,,False,
1352381569742703,UNATTRIBUTED,,20 Jul 2026,29.4,,video,,Clark Reilly,Sponsored,"I honestly can't believe how fast this worked.
One dose under my tongue and 10 minutes later I felt like I was 25 again.
The assessment took a few minutes and I was approved right away. No doctor visit, no pharmacy, nothing.
Delivered straight to my door in a plain package.
My wife says it's like the first night we met 😏
👉 Tap below to take the assessment and see if you qualify.
0:00 / 0:00
QUAD.MEDVI.ORG
Hard In 10 Minutes. No Pill Needed 👉",,,False,
1526381285191990,UNATTRIBUTED,,20 Jul 2026,29.4,,video,,Clark Reilly,Sponsored,"I honestly can't believe how fast this worked.
One dose under my tongue and 10 minutes later I felt like I was 25 again.
The assessment took a few minutes and I was approved right away. No doctor visit, no pharmacy, nothing.
Delivered straight to my door in a plain package.
My wife says it's like the first night we met 😏
👉 Tap below to take the assessment and see if you qualify.
0:00 / 0:00
QUAD.MEDVI.ORG
Hard In 10 Minutes. No Pill Needed 👉",,,False,
1519998416263779,UNATTRIBUTED,,21 Jun 2026,58.4,,video,,Clark Reilly,Sponsored,"I honestly can't believe how fast this worked.
One dose under my tongue and 10 minutes later I felt like I was 25 again.
The assessment took a few minutes and I was approved right away. No doctor visit, no pharmacy, nothing.
Delivered straight to my door in a plain package.
My wife says it's like the first night we met 😏
👉 Tap below to take the assessment and see if you qualify.
0:00 / 0:00
QUAD.MEDVI.ORG
Hard In 10 Minutes. No Pill Needed 👉",,,False,
1571689044746054,UNATTRIBUTED,,9 Jul 2026,40.4,,static,,Nancy Patricia,Sponsored,"⏳ Last chance to see your age-based discount.
Many customers are locking in lower pricing before rates change. If you qualify, you could save big on your order today.
Check your personalized price now before the offer expires.
[[IMG image1263.jpg]]
QUAD.MEDVI.ORG
Limited Time - 40% OFF
⭐⭐⭐⭐⭐ 4.9/5 (49.000+)",,,False,image1263.jpg
885438261305665,UNATTRIBUTED,,20 Jul 2026,29.4,,video,,Clark Reilly,Sponsored,"I honestly can't believe how fast this worked.
One dose under my tongue and 10 minutes later I felt like I was 25 again.
The assessment took a few minutes and I was approved right away. No doctor visit, no pharmacy, nothing.
Delivered straight to my door in a plain package.
My wife says it's like the first night we met 😏
👉 Tap below to take the assessment and see if you qualify.
0:00 / 0:00
QUAD.MEDVI.ORG
Hard In 10 Minutes. No Pill Needed 👉",,,False,
1027488496929881,UNATTRIBUTED,,11 Aug 2026,,,static,,,,,,,False,
1561077242479062,UNATTRIBUTED,,12 Aug 2026,6.4,,static,,QUAD.MEDVI.ORG,Rock Hard In 10 Minutes,"This saved our marriage!
See more
System status
<w:left w:color=""e5e7eb"" w:space=""0"" w:sz=""0"" w:val=""none""/><w:bottom w:color=""e5e7eb"" w:space=""0"" w:sz=""0"" w:val=""none""/><w:right w:color=""e5e7eb"" w:space=""0"" w:sz=""0"" w:val=""none""/><w:between w:color=""e5e7eb"" w:space=""0"" w:sz=""0"" w:val=""none""/></w:pBdr><w:spacing w:after=""0"" w:afterAutospacing=""0"" w:before=""60"" w:lineRule=""auto""/><w:ind w:left=""720"" w:hanging=""360""/></w:pPr><w:hyperlink r:id=""rId313""><w:r w:rsidDel=""00000000"" w:rsidR=""00000000"" w:rsidRPr=""00000000""><w:rPr><w:color w:val=""1461cc""/><w:sz w:val=""18""/><w:szCs w:val=""18""/><w:rtl w:val=""0""/></w:rPr><w:t xml:space=""preserve"">Ad Library API
<w:left w:color=""e5e7eb"" w:space=""0"" w:sz=""0"" w:val=""none""/><w:bottom w:color=""e5e7eb"" w:space=""0"" w:sz=""0"" w:val=""none""/><w:right w:color=""e5e7eb"" w:space=""0"" w:sz=""0"" w:val=""none""/><w:between w:color=""e5e7eb"" w:space=""0"" w:sz=""0"" w:val=""none""/></w:pBdr><w:spacing w:after=""0"" w:afterAutospacing=""0"" w:before=""0"" w:beforeAutospacing=""0"" w:lineRule=""auto""/><w:ind w:left=""720"" w:hanging=""360""/></w:pPr><w:hyperlink r:id=""rId314""><w:r w:rsidDel=""00000000"" w:rsidR=""00000000"" w:rsidRPr=""00000000""><w:rPr><w:color w:val=""1461cc""/><w:sz w:val=""18""/><w:szCs w:val=""18""/><w:rtl w:val=""0""/></w:rPr><w:t xml:space=""preserve"">About ads and data use
<w:left w:color=""e5e7eb"" w:space=""0"" w:sz=""0"" w:val=""none""/><w:bottom w:color=""e5e7eb"" w:space=""0"" w:sz=""0"" w:val=""none""/><w:right w:color=""e5e7eb"" w:space=""0"" w:sz=""0"" w:val=""none""/><w:between w:color=""e5e7eb"" w:space=""0"" w:sz=""0"" w:val=""none""/></w:pBdr><w:spacing w:after=""0"" w:afterAutospacing=""0"" w:before=""0"" w:beforeAutospacing=""0"" w:lineRule=""auto""/><w:ind w:left=""720"" w:hanging=""360""/></w:pPr><w:hyperlink r:id=""rId315""><w:r w:rsidDel=""00000000"" w:rsidR=""00000000"" w:rsidRPr=""00000000""><w:rPr><w:color w:val=""1461cc""/><w:sz w:val=""18""/><w:szCs w:val=""18""/><w:rtl w:val=""0""/></w:rPr><w:t xml:space=""preserve"">Privacy
<w:left w:color=""e5e7eb"" w:space=""0"" w:sz=""0"" w:val=""none""/><w:bottom w:color=""e5e7eb"" w:space=""0"" w:sz=""0"" w:val=""none""/><w:right w:color=""e5e7eb"" w:space=""0"" w:sz=""0"" w:val=""none""/><w:between w:color=""e5e7eb"" w:space=""0"" w:sz=""0"" w:val=""none""/></w:pBdr><w:spacing w:after=""0"" w:afterAutospacing=""0"" w:before=""0"" w:beforeAutospacing=""0"" w:lineRule=""auto""/><w:ind w:left=""720"" w:hanging=""360""/></w:pPr><w:hyperlink r:id=""rId316""><w:r w:rsidDel=""00000000"" w:rsidR=""00000000"" w:rsidRPr=""00000000""><w:rPr><w:color w:val=""1461cc""/><w:sz w:val=""18""/><w:szCs w:val=""18""/><w:rtl w:val=""0""/></w:rPr><w:t xml:space=""preserve"">Terms
<w:left w:color=""e5e7eb"" w:space=""0"" w:sz=""0"" w:val=""none""/><w:bottom w:color=""e5e7eb"" w:space=""0"" w:sz=""0"" w:val=""none""/><w:right w:color=""e5e7eb"" w:space=""0"" w:sz=""0"" w:val=""none""/><w:between w:color=""e5e7eb"" w:space=""0"" w:sz=""0"" w:val=""none""/></w:pBdr><w:spacing w:after=""60"" w:before=""0"" w:beforeAutospacing=""0"" w:lineRule=""auto""/><w:ind w:left=""720"" w:hanging=""360""/></w:pPr><w:hyperlink r:id=""rId317""><w:r w:rsidDel=""00000000"" w:rsidR=""00000000"" w:rsidRPr=""00000000""><w:rPr><w:color w:val=""1461cc""/><w:sz w:val=""18""/><w:szCs w:val=""18""/><w:rtl w:val=""0""/></w:rPr><w:t xml:space=""preserve"">Cookies
Meta © 2026 | English (UK)
<w:left w:space=""0"" w:sz=""0"" w:val=""nil""/><w:bottom w:space=""0"" w:sz=""0"" w:val=""nil""/><w:right w:space=""0"" w:sz=""0"" w:val=""nil""/><w:between w:space=""0"" w:sz=""0"" w:val=""nil""/></w:pBdr><w:shd w:fill=""auto"" w:val=""clear""/><w:spacing w:after=""0"" w:before=""0"" w:line=""276"" w:lineRule=""auto""/><w:ind w:left=""0"" w:right=""0"" w:firstLine=""0""/><w:jc w:val=""left""/><w:rPr/><w:sectPr><w:type w:val=""nextPage""/><w:pgSz w:h=""15840"" w:w=""12240"" w:orient=""portrait""/><w:pgMar w:bottom=""1440"" w:top=""1440"" w:left=""1440"" w:right=""1440"" w:header=""720"" w:footer=""720""/><w:pgNumType w:start=""1""/></w:sectPr></w:pPr><w:bookmarkStart w:colFirst=""0"" w:colLast=""0"" w:name=""_2se6k7vep59f"" w:id=""4""/><w:bookmarkEnd w:id=""4""/><w:r w:rsidDel=""00000000"" w:rsidR=""00000000"" w:rsidRPr=""00000000""><w:rPr><w:rFonts w:ascii=""Arial"" w:cs=""Arial"" w:eastAsia=""Arial"" w:hAnsi=""Arial""/><w:b w:val=""0""/><w:bCs w:val=""0""/><w:i w:val=""0""/><w:iCs w:val=""0""/><w:smallCaps w:val=""0""/><w:strike w:val=""0""/><w:color w:val=""000000""/><w:sz w:val=""52""/><w:szCs w:val=""52""/><w:u w:val=""none""/><w:shd w:fill=""auto"" w:val=""clear""/><w:vertAlign w:val=""baseline""/><w:rtl w:val=""0""/></w:rPr><w:t xml:space=""preserve"">NOVOS
Meta Ad Library
Ad Library
All
All ads
Search by keyword or advertiser
[[IMG image1359.jpg]]
NOVOS
Ads
About
[[IMG image910.jpg]]
Ananthakrishnan
Ad Library
~150 results
$Show All Ad Spend1.0xFilterse.g. Running days ≥ 10Sort byAllDateTotal spendRunning daysViewsDaily spendOnly Shopify
Download all(61)3 Weeks Active2 Weeks Active1 Week Active3 Days Active
Sort
Only EU adsUSDHideShowLow ImpressionsCustom CPM
$10
0Free Uses LeftUpgradeSave searchDownload AllCurrent:Free
Active status: Active ads",,,False,image1359.jpg
2529338081174981,NOVOS,NOVOS,17 Jun 2026,62.3,62,static,SHOP_NOW,NOVOSLABS.COM,NOVOS Core® Longevity Supplement | Clinically Studied,"[[IMG image1563.jpg]]
NOVOSLABS.COM
NOVOS Core® Longevity Supplement | Clinically Studied
[[IMG image669.jpg]]
NOVOSLABS.COM
NOVOS Core® Longevity Supplement | Clinically Studied","Your daily supplement stack, optimized for longevity, clinically tested, and wrapped up in one convenient sachet. Thank us in 80 years 😉
Click the link in our bio to learn more about our ingredients.",5020,False,image1181.jpg
2104502113612410,NOVOS,NOVOS,17 Jun 2026,62.3,62,video,SHOP_NOW,,,,"POV: It’s the best time of the month and a fresh box of NOVOS just arrived at your door step 😋
What’s your favorite NOVOS product?",5020,False,
35805661552410952,NOVOS,NOVOS,15 May 2026,95.3,95,static,SHOP_NOW,A Smarter Longevity Formula,Slow Down Aging,,"NOVOS Core is an all-in-one longevity formula with 12 ingredients, now studied in a placebo-controlled human trial for markers associated with healthy cardiovascular function.",5020,True,image375.jpg
2409456589529145,NOVOS,NOVOS,27 May 2026,83.3,83,static,SHOP_NOW,LEARN.NOVOSLABS.COM,The Science Behind NOVOS Core | Longevity Research,"[[IMG image1559.jpg]]
LEARN.NOVOSLABS.COM
The Science Behind NOVOS Core | Longevity Research","Your skincare routine stops at your skin's surface.
Hyaluronic acid, collagen, retinol — no matter how much you layer on, topical products can't reach the dermis where skin is actually built and repaired.
That's why you drink it.
NOVOS Core contains hyaluronic acid, glycine, vitamin C, and alpha-ketoglutarate — the exact nutrients your skin needs to hydrate, build collagen, and protect against cellular aging. Delivered through your bloodstream, straight to the source.
Drink your skincare.
🔗 Link in bio to try NOVOS Core.",5020,False,image968.jpg
1039229062426381,NOVOS,NOVOS,30 Jul 2026,19.3,19,static,SHOP_NOW,NOVOSLABS.COM,NOVOS Core® Longevity Supplement | Clinically Studied,"[[IMG image922.jpg]]
NOVOSLABS.COM
NOVOS Core® Longevity Supplement | Clinically Studied
[[IMG image938.jpg]]
NOVOSLABS.COM
NOVOS Core® Longevity Supplement | Clinically Studied","12 longevity ingredients, one drink. Designed to synergistically slow down your pace of aging.
Click the link in our bio to shop now.",5020,False,image1159.jpg
2193628118057874,NOVOS,NOVOS,16 May 2026,94.3,94,static,SHOP_NOW,A Smarter Longevity Formula,Slow Down Aging,,"NOVOS Core is an all-in-one longevity formula with 12 ingredients, now studied in a placebo-controlled human trial for markers associated with healthy cardiovascular function.",5020,True,image830.jpg
1290929782602222,NOVOS,NOVOS,15 May 2026,95.3,95,static,SHOP_NOW,A Smarter Longevity Formula,Slow Down Aging,,"NOVOS Core is an all-in-one longevity formula with 12 ingredients, now studied in a placebo-controlled human trial for markers associated with healthy cardiovascular function.",5020,True,image548.jpg
1428074082475567,NOVOS,NOVOS,30 Jul 2026,19.3,19,static,SHOP_NOW,NOVOSLABS.COM,NOVOS Core® Longevity Supplement | Clinically Studied,A multi-ingredient longevity supplement tested in a placebo-controlled human clinical study to support key aging-related systems.,"NOVOS is for those who care about good, real science. Good science:
✅ Doesn't take shortcuts.
✅ Acknowledges its limits.
✅ Doesn't work overnight.
To learn more about the science behind NOVOS, click the link in our bio.",5020,False,image1351.jpg
2276326256531746,NOVOS,NOVOS,30 Jul 2026,19.3,19,static,SHOP_NOW,NOVOSLABS.COM,A Smarter Longevity Formula,Slow Down Aging,"NOVOS Core is an all-in-one longevity formula with 12 ingredients, now studied in a placebo-controlled human trial for markers associated with healthy cardiovascular function.",5020,False,image1090.jpg
1765542751536624,NOVOS,NOVOS,17 Aug 2026,1.4,1,static,SHOP_NOW,Support Your Skin,NOVOS brings the best of longevity science into everyday life. Make your next decade your strongest.,,"On GLP-1? By the time skin looks like it has changed, the change has been quietly underway for a while. When weight comes off fast, firmness is one of the first things to feel the strain. NOVOS Core supports skin elasticity and cellular resilience with Hyaluronic Acid, Fisetin, and Pterostilbene, across all 12 Hallmarks of Aging.",5019,True,image529.jpg
1369135378642987,NOVOS,NOVOS,17 Aug 2026,1.4,1,static,LEARN_MORE,The inside-out skin routine,Slow Down Aging,,"NOVOS Core combines 12 science-backed longevity ingredients, including hyaluronic acid and vitamin C, into one daily drink that supports skin health from within as part of healthy aging. Shop now and save 27% with an annual subscription.",5019,True,image1556.jpg
2561402680995296,NOVOS,NOVOS,17 Aug 2026,1.4,1,static,LEARN_MORE,Clinical evidence matters,Slow Down Aging,,"If you care about healthy aging, proof matters. NOVOS Core is one of the few consumer longevity formulas with a completed placebo-controlled human trial on the actual finished formula, not just on isolated ingredients. Shop now and save 27% with an annual subscription.
*Based on a 6-month randomized, double-blind, placebo-controlled study in healthy adults age 40+. Results reflect changes in physiological biomarkers under controlled conditions and do not show disease prevention or treatment.",5019,True,image1182.jpg
2793076467743066,NOVOS,NOVOS,17 Aug 2026,1.4,1,static,SHOP_NOW,Whole Body Health,NOVOS brings the best of longevity science into everyday life. Make your next decade your strongest.,,"You started taking NMN because you read the research, and the research doesn't stop at NMN. It raises NAD+, one pathway of aging. NOVOS Core targets all 12 Hallmarks with 12 science-backed ingredients, including Calcium Alpha-Ketoglutarate, Fisetin, and Pterostilbene, in one patent-pending formula.",5019,True,image1319.jpg
1081027521541965,NOVOS,NOVOS,17 Aug 2026,1.4,1,static,LEARN_MORE,Clinical evidence matters,Slow Down Aging,,"If you care about healthy aging, proof matters. NOVOS Core is one of the few consumer longevity formulas with a completed placebo-controlled human trial on the actual finished formula, not just on isolated ingredients. Shop now and save 27% with an annual subscription.
*Based on a 6-month randomized, double-blind, placebo-controlled study in healthy adults age 40+. Results reflect changes in physiological biomarkers under controlled conditions and do not show disease prevention or treatment.",5019,True,image360.jpg
27575553192126738,NOVOS,NOVOS,17 Aug 2026,1.4,1,static,SHOP_NOW,Whole Body Health,NOVOS brings the best of longevity science into everyday life. Make your next decade your strongest.,,"You've probably heard of resveratrol from a podcast or an article. NOVOS Core uses Pterostilbene, a closely related polyphenol valued for its stability, as one of its 12 science-backed ingredients, supporting healthy DNA and cellular resilience as you age.",5019,True,image1039.jpg
1431299285506987,NOVOS,NOVOS,17 Aug 2026,1.4,1,static,SHOP_NOW,LEARN.NOVOSLABS.COM,Support Your Skin,NOVOS brings the best of longevity science into everyday life. Make your next decade your strongest.,"On GLP-1? By the time skin looks like it has changed, the change has been quietly underway for a while. When weight comes off fast, firmness is one of the first things to feel the strain. NOVOS Core supports skin elasticity and cellular resilience with Hyaluronic Acid, Fisetin, and Pterostilbene, across all 12 Hallmarks of Aging.",5019,False,image822.jpg
1630226685342111,NOVOS,NOVOS,17 Aug 2026,1.4,1,static,SHOP_NOW,Whole Body Health,Slow Down Aging,,"There's a trace mineral in your drinking water you've probably never thought about. It's lithium, and it occurs naturally in water and food. NOVOS Core includes a micro-dose, a small fraction of any pharmaceutical amount, as one of its 12 science-backed ingredients, selected to support the biology of healthy aging.",5019,True,image420.jpg
3976739855795330,NOVOS,NOVOS,17 Aug 2026,1.4,1,static,SHOP_NOW,"Two small pills, one powerful ingredient",Slow down aging,,"Finally, a 99% pure NMN. Meet NOVOS Boost, the purest NMN on the market, backed by the world’s top aging experts.
*These statements have not been evaluated by the Food and Drug Administration. This product is not intended to diagnose, treat, cure, or prevent any disease.",5019,True,image476.jpg
1619969139728982,NOVOS,NOVOS,17 Aug 2026,1.4,1,static,SHOP_NOW,NOVOSLABS.COM,Support Your Skin,NOVOS brings the best of longevity science into everyday life. Make your next decade your strongest.,"On GLP-1? By the time skin looks like it has changed, the change has been quietly underway for a while. When weight comes off fast, firmness is one of the first things to feel the strain. NOVOS Core supports skin elasticity and cellular resilience with Hyaluronic Acid, Fisetin, and Pterostilbene, across all 12 Hallmarks of Aging.",5019,False,image529.jpg
978685181896987,NOVOS,NOVOS,17 Aug 2026,1.4,1,static,SHOP_NOW,The inside-out skin routine,Slow Down Aging,,"NOVOS Core combines 12 science-backed longevity ingredients, including hyaluronic acid and vitamin C, into one daily drink that supports skin health from within as part of healthy aging. Shop now and save 27% with an annual subscription.",5019,True,image371.jpg
3245070065680633,NOVOS,NOVOS,17 Aug 2026,1.4,1,static,LEARN_MORE,Clinical evidence matters,Slow Down Aging,,"If you care about healthy aging, proof matters. NOVOS Core is one of the few consumer longevity formulas with a completed placebo-controlled human trial on the actual finished formula, not just on isolated ingredients. Shop now and save 27% with an annual subscription.
*Based on a 6-month randomized, double-blind, placebo-controlled study in healthy adults age 40+. Results reflect changes in physiological biomarkers under controlled conditions and do not show disease prevention or treatment.",5019,True,image1043.jpg
1057768560546899,NOVOS,NOVOS,17 Aug 2026,1.4,1,static,SHOP_NOW,The inside-out skin routine,Slow Down Aging,,"NOVOS Core combines 12 science-backed longevity ingredients, including hyaluronic acid and vitamin C, into one daily drink that supports skin health from within as part of healthy aging. Shop now and save 27% with an annual subscription.",5019,True,image523.jpg
2064769860795732,NOVOS,NOVOS,17 Aug 2026,1.4,1,static,SHOP_NOW,Your New Focus Stack,NOVOS brings the best of longevity science into everyday life. Make your next decade your strongest.,,"If you were building a stack for calm, steady focus, you'd probably reach for theanine and rhodiola. NOVOS Core already includes L-Theanine and Rhodiola Rosea, dosed to work together to support stress resilience and focus, alongside 10 more science-backed ingredients across all 12 Hallmarks of Aging.",5019,True,image895.jpg
1526409076197737,NOVOS,NOVOS,17 Aug 2026,1.4,1,static,SHOP_NOW,Health For The Long Run,"Meet NOVOS, Your Longevity Partner",,More supplements don't always mean a smarter routine. NOVOS Core brings 12 carefully dosed ingredients together in one formula designed to support healthy aging from multiple angles.,5019,True,image246.jpg
1636576554735222,NOVOS,NOVOS,17 Aug 2026,1.4,1,static,LEARN_MORE,Clinical evidence matters,Slow Down Aging,,"If you care about healthy aging, proof matters. NOVOS Core is one of the few consumer longevity formulas with a completed placebo-controlled human trial on the actual finished formula, not just on isolated ingredients. Shop now and save 27% with an annual subscription.
*Based on a 6-month randomized, double-blind, placebo-controlled study in healthy adults age 40+. Results reflect changes in physiological biomarkers under controlled conditions and do not show disease prevention or treatment.",5019,True,image1182.jpg
2120184888572759,NOVOS,NOVOS,17 Aug 2026,1.4,1,static,LEARN_MORE,The inside-out skin routine,Slow Down Aging,,"NOVOS Core combines 12 science-backed longevity ingredients, including hyaluronic acid and vitamin C, into one daily drink that supports skin health from within as part of healthy aging. Shop now and save 27% with an annual subscription.",5019,True,image986.jpg
1091562223410427,NOVOS,NOVOS,17 Aug 2026,1.4,1,static,SHOP_NOW,Health For The Long Run,"Meet NOVOS, Your Longevity Partner",,More supplements do not always mean a smarter routine. NOVOS Core brings 12 carefully dosed ingredients together in one formula designed to support healthy aging from multiple angles.,5019,True,image228.jpg
1041468148684383,NOVOS,NOVOS,17 Aug 2026,1.4,1,static,SHOP_NOW,NOVOSLABS.COM,Whole Body Health,"NOVOS brings the best of longevity science into everyday life. Make your next decade your strongest.
NOVOS brings the best of longevity science into everyday life. Make your next decade your strongest.
[[IMG image1094.jpg]]
NOVOSLABS.COM
Whole Body Health
NOVOS brings the best of longevity science into everyday life. Make your next decade your strongest.
NOVOS brings the best of longevity science into everyday life. Make your next decade your strongest.","There's a trace mineral in your drinking water you've probably never thought about. It's lithium, and it occurs naturally in water and food. NOVOS Core includes a micro-dose, a small fraction of any pharmaceutical amount, as one of its 12 science-backed ingredients, selected to support the biology of healthy aging.",5019,False,image1404.jpg
1735411524399742,NOVOS,NOVOS,17 Aug 2026,1.4,1,static,SHOP_NOW,"Fewer Bottles, More Support",NOVOS brings the best of longevity science into everyday life. Make your next decade your strongest.,,"Your counter is crowded with single-ingredient bottles, and you're still not sure it adds up to a complete picture. NOVOS Core and Boost cover all 12 Hallmarks of Aging plus NAD+ with 13 science-backed ingredients, dosed to work together and third-party tested for purity.",5019,True,image1213.jpg
2075444229737218,NOVOS,NOVOS,17 Aug 2026,1.4,1,static,SHOP_NOW,Whole Body Health,NOVOS brings the best of longevity science into everyday life. Make your next decade your strongest.,,"Stop stacking. Start supporting. NOVOS Core combines 12 science-backed (studied) ingredients, carefully dosed to support cellular resilience, healthy inflammatory balance, recovery, and long-term performance.
A smarter daily foundation for longevity.",5019,True,image919.jpg
1027355303260331,NOVOS,NOVOS,17 Aug 2026,1.4,1,static,SHOP_NOW,Feel the difference,Science-backed results,,"Meet your new favorite sip. Tropical Passion is a limited-time flavor that’s bright, tangy, and completely erythritol-free—crafted to support longevity with every drink.
These statements have not been evaluated by the Food and Drug Administration. This product is not intended to diagnose, treat, cure, or prevent any disease.",5019,True,image521.jpg
28208155925483343,NOVOS,NOVOS,17 Aug 2026,1.4,1,static,SHOP_NOW,NOVOSLABS.COM,NOVOS Core® Longevity Supplement | Clinically Studied,"[[IMG image1552.jpg]]
NOVOSLABS.COM
NOVOS Core® Longevity Supplement | Clinically Studied
[[IMG image1568.jpg]]
NOVOSLABS.COM
NOVOS Core® Longevity Supplement | Clinically Studied","Your daily supplement stack, optimized for longevity, clinically tested, and wrapped up in one convenient sachet. Thank us in 80 years 😉
Click the link in our bio to learn more about our ingredients.",5019,False,image1193.jpg
1094039259861771,NOVOS,NOVOS,17 Aug 2026,1.4,1,static,SHOP_NOW,Keep Your Strength,NOVOS brings the best of longevity science into everyday life. Make your next decade your strongest.,,"On GLP-1? Rapid weight loss can take muscle along with the fat. As your body changes, NOVOS Vital supports healthy muscle, strength, and recovery in one delicious gummy. Try today and feel like your best self again.",5019,True,image878.jpg
999700833104986,NOVOS,NOVOS,17 Aug 2026,1.4,1,static,SHOP_NOW,The inside-out skin routine,Slow Down Aging,,"NOVOS Core combines 12 science-backed longevity ingredients, including hyaluronic acid and vitamin C, into one daily drink that supports skin health from within as part of healthy aging. Shop now and save 27% with an annual subscription.",5019,True,image262.jpg
1085400094007592,NOVOS,NOVOS,17 Aug 2026,1.4,1,static,SHOP_NOW,The inside-out skin routine,Slow Down Aging,,"NOVOS Core combines 12 science-backed longevity ingredients, including hyaluronic acid and vitamin C, into one daily drink that supports skin health from within as part of healthy aging. Shop now and save 27% with an annual subscription.",5019,True,image1492.jpg
1767640961045249,NOVOS,NOVOS,17 Aug 2026,1.4,1,static,SHOP_NOW,Whole Body Health,NOVOS brings the best of longevity science into everyday life. Make your next decade your strongest.,,"You started taking NMN because you read the research, and the research doesn't stop at NMN. It raises NAD+, one pathway of aging. NOVOS Core targets all 12 Hallmarks with 12 science-backed ingredients, including Calcium Alpha-Ketoglutarate, Fisetin, and Pterostilbene, in one patent-pending formula.",5019,True,image734.jpg
1819280302772188,NOVOS,NOVOS,17 Aug 2026,1.4,1,static,SHOP_NOW,Whole Body Health,NOVOS brings the best of longevity science into everyday life. Make your next decade your strongest.,,"The workout that used to cost you a day now costs you three, even though the training hasn't changed. Recovery slows as you age. NOVOS Core and Boost support cellular energy, recovery, and healthy aging with 13 science-backed ingredients, including >99% pure NMN for NAD+.",5019,True,image255.jpg
1062211066262865,NOVOS,NOVOS,17 Aug 2026,1.4,1,video,SHOP_NOW,,,,"With NOVOS, each summer feels fresher and brighter than the last one ✨😍✨
Start your summer off right with NOVOS 🍊🍓 Click the link in our bio to learn more.",5019,False,
1834437217583815,NOVOS,NOVOS,17 Aug 2026,1.4,1,static,SHOP_NOW,Get Your Energy Back,NOVOS brings the best of longevity science into everyday life. Make your next decade your strongest.,,"On GLP-1? A calorie deficit is hard enough without your energy checking out on you. NOVOS Boost delivers >99% pure NMN to support NAD+ and cellular energy, and Core supports all 12 Hallmarks of Aging, so your energy can keep pace with the work.",5019,True,image870.jpg
2250511032455190,NOVOS,NOVOS,17 Aug 2026,1.4,1,static,SHOP_NOW,Keep Your Strength,NOVOS brings the best of longevity science into everyday life. Make your next decade your strongest.,,"On GLP-1? Rapid weight loss can take muscle along with the fat. As your body changes, NOVOS Vital supports healthy muscle, strength, and recovery in one delicious gummy. Try today and feel like your best self again.",5019,True,image1287.jpg
2512611225819126,NOVOS,NOVOS,17 Aug 2026,1.4,1,static,SHOP_NOW,Keep Your Strength,NOVOS brings the best of longevity science into everyday life. Make your next decade your strongest.,,"You worked for the strength you have, and losing weight on GLP-1s shouldn't cost you that. NOVOS Core covers all 12 Hallmarks of Aging, and Vital supports strength, mobility, and recovery, for daily support through the work of changing.",5019,True,image824.jpg
2004376340224865,NOVOS,NOVOS,17 Aug 2026,1.4,1,static,SHOP_NOW,Support Your Skin,NOVOS brings the best of longevity science into everyday life. Make your next decade your strongest.,,"On GLP-1? By the time skin looks like it has changed, the change has been quietly underway for a while. When weight comes off fast, firmness is one of the first things to feel the strain. NOVOS Core supports skin elasticity and cellular resilience with Hyaluronic Acid, Fisetin, and Pterostilbene, across all 12 Hallmarks of Aging.",5019,True,image279.jpg
1427487359302447,NOVOS,NOVOS,17 Aug 2026,1.4,1,static,SHOP_NOW,NMN That Powers Longevity,Boost Cellular Energy,,"99% pure NMN restores NAD⁺, fueling energy, metabolism & repair.
These statements have not been evaluated by the Food and Drug Administration. This product is not intended to diagnose, treat, cure, or prevent any disease.
Low impression count",5019,True,image1126.jpg
1081715564811360,NOVOS,NOVOS,17 Aug 2026,1.4,1,static,LEARN_MORE,Clinical evidence matters,Slow Down Aging,,"If you care about healthy aging, proof matters. NOVOS Core is one of the few consumer longevity formulas with a completed placebo-controlled human trial on the actual finished formula, not just on isolated ingredients. Shop now and save 27% with an annual subscription.
*Based on a 6-month randomized, double-blind, placebo-controlled study in healthy adults age 40+. Results reflect changes in physiological biomarkers under controlled conditions and do not show disease prevention or treatment.",5019,True,image238.jpg
2004726073564008,NOVOS,NOVOS,17 Aug 2026,1.4,1,static,SHOP_NOW,Your All-in-One Support,Full-body health in a chew.,,"NOVOS Vital gummies are back in stock! Loved for their daily full-body support and delicious taste.
These statements have not been evaluated by the Food and Drug Administration. This product is not intended to diagnose, treat, cure, or prevent any disease.
Low impression count",5019,True,image1218.jpg
945770711882589,NOVOS,NOVOS,17 Aug 2026,1.4,1,static,SHOP_NOW,Whole Body Support,Daily benefits in one bite,,"7-in-1 support for energy, gut, metabolism, and more—in one smart, daily chew.
*These statements have not been evaluated by the FDA. This product is not intended to diagnose, treat, cure, or prevent any disease.",5019,True,image667.jpg
921962187647946,NOVOS,NOVOS,17 Aug 2026,1.4,1,static,LEARN_MORE,Clinical evidence matters,Slow Down Aging,,"If you care about healthy aging, proof matters. NOVOS Core is one of the few consumer longevity formulas with a completed placebo-controlled human trial on the actual finished formula, not just on isolated ingredients. Shop now and save 27% with an annual subscription.
*Based on a 6-month randomized, double-blind, placebo-controlled study in healthy adults age 40+. Results reflect changes in physiological biomarkers under controlled conditions and do not show disease prevention or treatment.",5019,True,image360.jpg
1637690904589229,NOVOS,NOVOS,17 Aug 2026,1.4,1,static,SHOP_NOW,Health For The Long Run,"Meet NOVOS, Your Longevity Partner",,More supplements do not always mean a smarter routine. NOVOS Core brings 12 carefully dosed ingredients together in one formula designed to support healthy aging from multiple angles.,5019,True,image1154.jpg
1474234754509957,NOVOS,NOVOS,17 Aug 2026,1.4,1,static,SHOP_NOW,The inside-out skin routine,Slow Down Aging,,"NOVOS Core combines 12 science-backed longevity ingredients, including hyaluronic acid and vitamin C, into one daily drink that supports skin health from within as part of healthy aging. Shop now and save 27% with an annual subscription.",5019,True,image1031.jpg
1131564369551640,NOVOS,NOVOS,17 Aug 2026,1.4,1,static,SHOP_NOW,NAD+ for Better Aging,More energy. Better aging,,"NAD+ declines with age. NOVOS Boost supplies NMN to support energy, metabolism, and aging at the cellular level.
*These statements have not been evaluated by the FDA. This product is not intended to diagnose, treat, cure, or prevent any disease.
Low impression count",5019,True,image1206.jpg
1413973033967967,NOVOS,NOVOS,17 Aug 2026,1.4,1,static,SHOP_NOW,Our #1 NAD+ Supplement,"Energy, recovery and focus.",,"Trusted NMN for daily energy and longevity, designed to boost your body’s NAD+ levels.
These statements have not been evaluated by the Food and Drug Administration. This product is not intended to diagnose, treat, cure, or prevent any disease.
Low impression count",5019,True,image715.jpg
1615681779889838,NOVOS,NOVOS,17 Aug 2026,1.4,1,static,SHOP_NOW,NOVOSLABS.COM,NOVOS Core® Longevity Supplement | Clinically Studied Formula,"[[IMG image434.jpg]]
NOVOSLABS.COM
NOVOS Core® Longevity Supplement | Clinically Studied Formula","Amy pairs NOVOS with homemade meals and reducing seed oils wherever she can ✨ Click the link in our bio to read more about Amy's routine.
Amy retested her Pace of Aging after 6 months on her routine. Her DunedinPACE moved from 0.86 to 0.74. This is one person's result and reflects her whole routine, not NOVOS Core alone. Individual results will vary. This statement has not been evaluated by the Food and Drug Administration. This product is not intended to diagnose, treat, cure, or prevent any disease.",5019,False,image1111.jpg
2137161913508033,NOVOS,NOVOS,17 Aug 2026,1.4,1,static,LEARN_MORE,Clinical evidence matters,Slow Down Aging,,"If you care about healthy aging, proof matters. NOVOS Core is one of the few consumer longevity formulas with a completed placebo-controlled human trial on the actual finished formula, not just on isolated ingredients. Shop now and save 27% with an annual subscription.
*Based on a 6-month randomized, double-blind, placebo-controlled study in healthy adults age 40+. Results reflect changes in physiological biomarkers under controlled conditions and do not show disease prevention or treatment.",5019,True,image502.jpg
1504744351672574,NOVOS,NOVOS,17 Aug 2026,1.4,1,static,SHOP_NOW,NOVOSLABS.COM,NOVOS Core® Longevity Supplement | Clinically Studied,"[[IMG image1509.jpg]]
NOVOSLABS.COM
NOVOS Core® Longevity Supplement | Clinically Studied","...or you could just buy NOVOS Core. 🍓🫐🥬
Getting all these longevity-supporting nutrients from whole foods alone would mean eating 5,000 strawberries, 1,000 cups of blueberries, 20+ pounds of leafy greens, shells, and so much more—every single day. We'll pass.
NOVOS Core gives you 12 research-backed ingredients in one daily drink mix—no blender required.
IMPORTANT NOTE: The food quantities shown represent the approximate amounts you'd need to consume to match the nutrient levels in NOVOS Core. These are not the actual ingredients used to make NOVOS Core. NOVOS Core is 100% vegan, gluten-free, nut-free, and non-GMO.",5019,False,image687.jpg
1060379066764650,NOVOS,NOVOS,17 Aug 2026,1.4,1,static,SHOP_NOW,Whole Body Health,NOVOS brings the best of longevity science into everyday life. Make your next decade your strongest.,,"Lose the weight, not yourself. NOVOS supports the whole body as it changes. NOVOS Core supports skin elasticity, cellular resilience, and steady energy with 12 science-backed ingredients built around all 12 Hallmarks of Aging, so you can stay yourself as your body changes.
Low impression count",5019,True,image1124.jpg
2090846418529918,NOVOS,NOVOS,17 Aug 2026,1.4,1,static,SHOP_NOW,Keep Your Strength,NOVOS brings the best of longevity science into everyday life. Make your next decade your strongest.,,"On GLP-1? Rapid weight loss can take muscle along with the fat. As your body changes, NOVOS Vital supports healthy muscle, strength, and recovery in one delicious gummy. Try today and feel like your best self again.
Low impression count",5019,True,image1545.jpg
1966559684005846,NOVOS,NOVOS,17 Aug 2026,1.4,1,static,SHOP_NOW,Whole Body Health,"Meet NOVOS, Your Longevity Partner",,More supplements do not always mean a smarter routine. NOVOS Core brings 12 carefully dosed ingredients together in one formula designed to support healthy aging from multiple angles.,5019,True,image1389.jpg
1373972417524793,NOVOS,NOVOS,17 Aug 2026,1.4,1,static,SHOP_NOW,The inside-out skin routine,Slow Down Aging,,"NOVOS Core combines 12 science-backed longevity ingredients, including hyaluronic acid and vitamin C, into one daily drink that supports skin health from within as part of healthy aging. Shop now and save 27% with an annual subscription.
Low impression count",5019,True,image1324.jpg
1703480594067143,NOVOS,NOVOS,17 Aug 2026,1.4,1,static,SHOP_NOW,The inside-out skin routine,Slow Down Aging,,"NOVOS Core combines 12 science-backed longevity ingredients, including hyaluronic acid and vitamin C, into one daily drink that supports skin health from within as part of healthy aging. Shop now and save 27% with an annual subscription.
Low impression count",5019,True,image1525.jpg
1720146502540372,NOVOS,NOVOS,17 Aug 2026,1.4,1,static,SHOP_NOW,Get Your Energy Back,NOVOS brings the best of longevity science into everyday life. Make your next decade your strongest.,,"On GLP-1? A calorie deficit is hard enough without your energy checking out on you. NOVOS Core supports all 12 Hallmarks of Aging, so your energy can keep pace with the work.
Low impression count",5019,True,image772.jpg
1079580551684979,NOVOS,NOVOS,17 Aug 2026,1.4,1,static,SHOP_NOW,"Energize Every Cell, Every Day.",Daily NMN for lasting clarity.,,"With 250 mg ultra-pure NMN, NOVOS Boost increases NAD+ for advanced cellular repair, balanced metabolism, and sustained mental energy.
These statements have not been evaluated by the Food and Drug Administration. This product is not intended to diagnose, treat, cure, or prevent any disease.
Low impression count",5019,True,image807.jpg
1451875885997300,Wonderfeel,Wonderfeel,23 Apr 2026,117.3,117,video,SHOP_NOW,Wonderfeel Youngr™ NMN,,,Do Critics Agree on the Best NMN? Yes.,630,True,
1513866750282908,Wonderfeel,Wonderfeel,19 May 2026,91.3,91,video,SHOP_NOW,,,,Do Critics Agree on the Best NMN? Yes.,630,False,
1529230028906387,Wonderfeel,Wonderfeel,23 Apr 2026,117.3,117,static,SHOP_NOW,,,,,630,True,image775.jpg
3115343538659024,Wonderfeel,Felice Gersh MD with Wonderfeel,23 Apr 2026,117.3,117,video,SHOP_NOW,GETWONDERFEEL.COM,Felice Gersh MD,,"The importance of NAD for energy and mitochondrial health for women in menopause
NAD is essential for life—present in everything from single-cell bacteria to humans. It’s the powerhouse coenzyme that drives energy in our cells, and without it, mitochondria can’t function optimally. Aging and menopause naturally reduce NAD levels, which is why replenishing it is so important.
We can boost NAD by taking precursors like NMN or NR. These molecules get into the mitochondria and are converted into the NAD your cells need. Pairing them with polyphenols and antioxidants helps prevent immune cells from destroying your newly produced NAD.
My favorite is Youngr by Wonderfeel. Two morning tablets deliver 900 mg of NMN with antioxidants and phytonutrients to support mitochondrial health, reduce inflammation, and maintain cellular energy.
This video is sponsored by Wonderfeel, but all content is my own.
You can find out more at
Wonderfeel Homepage: https://tidd.ly/430HC0v
Wonderfeel Youngr™ NMN: https://tidd.ly/4h77htY
Learn more, watch my full talk,
Top 5 Ways to Beat Menopause Fatigue
https://youtu.be/W72TfVwUteA
#NAD #NMN #wonderfeel #cellularenergy #energyboost",12620,False,
1376161408032731,Wonderfeel,Wonderfeel,4 Aug 2026,14.3,14,static,SHOP_NOW,"Rated as the best NMN supplement, our patented Youngr NMN formula features NMN, resveratrol, and antioxidants. Read the reviews and benefits, and buy NMN.",,,"“The best of the best according to longevity experts,” says @Vogue about Wonderfeel Youngr™ and calls it “the best NMN-based NAD supplement.”
Vogue further notes that “(they) love the patented blend of NMN, vitamin D, resveratrol, and olive antioxidant super-ingredient hydroxytyrosol.”
“The brand has an impressive list of medical advisors and scientific experts on board,” says Amanda Kahn MD, a medical expert consulted by Vogue for this article.
Thank you, @Vogue and @amandakahnmd for the kind words.
#ItsWonderfeel #YoungrNMN #BestNAD #LongevityScience #CellularHealth #AntiAgingSupport",630,True,image198.jpg
1325757009542047,Wonderfeel,Wonderfeel,4 Aug 2026,14.3,14,video,SHOP_NOW,,,,Do Critics Agree on the Best NMN? Yes.,630,True,
2122713884952126,Wonderfeel,Wonderfeel,13 Aug 2026,5.3,5,static,SHOP_NOW,GETWONDERFEEL.COM,Wonderfeel Youngr™ NMN 900mg,"Rated as the best NMN supplement, our patented Youngr NMN formula features NMN, resveratrol, and antioxidants. Read the reviews and benefits, and buy NMN.","“The best of the best according to longevity experts,” says @Vogue about Wonderfeel Youngr™ and calls it “the best NMN-based NAD supplement.”
Vogue further notes that “(they) love the patented blend of NMN, vitamin D, resveratrol, and olive antioxidant super-ingredient hydroxytyrosol.”
“The brand has an impressive list of medical advisors and scientific experts on board,” says Amanda Kahn MD, a medical expert consulted by Vogue for this article.
Thank you, @Vogue and @amandakahnmd for the kind words.
#ItsWonderfeel #YoungrNMN #BestNAD #LongevityScience #CellularHealth #AntiAgingSupport",630,False,image198.jpg
1513698853390704,Wonderfeel,Dr. Caroline Leaf with Wonderfeel,22 Jul 2026,27.3,27,video,SHOP_NOW,GETWONDERFEEL.COM,Dr. Caroline Leaf,,"🧠 Ever feel like your brain is running on empty? Brain fog, anxiety, and even cognitive decline aren’t always signs of “brokenness”—sometimes, it’s depletion.
In this new episode of The Dr. Leaf Show, I sit down with Harvard-trained physician and NAD expert Dr. Andrew Salzman (@getwonderfeel) to unpack the molecule that fuels your brain, why NAD+ levels drop by 50% by midlife, and practical steps to keep your mind sharp and energized at any age.
🎧 Podcast out now—tune in today!
Comment PODCAST for the link.
#BrainHealth #LongevityScience #NAD #MindManagement #MentalClarity",547869,False,
1072165361990869,Wonderfeel,New York Post with Wonderfeel,12 Aug 2026,6.3,6,static,SHOP_NOW,An Indulgent Dark Chocolate with Creatine,Treat Yourself. Seriously.,,"Dark chocolate fans are going to love this!
Crafted with cacao from Belize and creamy peanut butter, Wonderfeel ChocoCreatin™ delivers 4g of premium creatine monohydrate in every bar. No sugar. No compromise. Just thoughtfully selected ingredients designed to support strength, focus, and recovery.",8541103,True,image809.jpg
3441883319324135,Wonderfeel,New York Post with Wonderfeel,12 Aug 2026,6.3,6,static,SHOP_NOW,Dark Chocolate. Peanut Butter. Creatine.,A delicious daily ritual with 4g of creatine.,,"Creatine. Now in zero-sugar chocolate. Single-origin cacao from Belize meets 4g of premium creatine.
A smarter way to support strength, focus, and recovery.",8541103,True,image600.jpg
1713007306590095,Wonderfeel,Wonderfeel,24 Jul 2026,25.3,25,static,SHOP_NOW,"Rated as the best NMN supplement, our patented Youngr NMN formula features NMN, resveratrol, and antioxidants. Read the reviews and benefits, and buy NMN.",,,"This isn’t a kitchen-sink kind of capsule.
Every compound knows its role and shows up on time.
Each daily dose (2 capsules) delivers:
900 mg NMN
4 mg Ergothioneine (from mushrooms)
100 mg Resveratrol (from grapes),
20 mg Hydroxytyrosol (from olives)
800 IU Vitamin D3 (100% daily recommended value)
As Dr. Andrew Salzman explains, these compounds work synergistically to reduce inflammation, protect DNA, improve mitochondrial function, and preserve cellular energy, especially in the ovaries, brain, and skin.
Wonderfeel Youngr™ NMN is a patented blend designed to elevate NAD levels with precision.
#ItsWonderfeel #Wonderfeel #NMN #Longevity #CellularSupport #DailyWellness",630,True,image680.jpg
1033209236225475,Wonderfeel,Wonderfeel,10 Aug 2026,8.3,8,video,SHOP_NOW,GETWONDERFEEL.COM,Wonderfeel,,Do Critics Agree on the Best NMN? Yes.,630,False,
3441988985979878,Wonderfeel,Wonderfeel,4 Aug 2026,14.4,,video,,Wonderfeel Youngr™ NMN,,,Do Critics Agree on the Best NMN? Yes.,,True,
1361152932036623,Wonderfeel,Wonderfeel,22 Jul 2026,27.3,27,video,SHOP_NOW,GETWONDERFEEL.COM,Wonderfeel,,"Over 25? This is when things start to shift.
NAD sits at the center of how your cells produce energy and keeps everything running smoothly. However, levels begin to decline as early as your mid-20s. By age 50, those levels can drop to about half of what they once were.
That change doesn’t happen overnight, but the effects add up over time. Energy feels different. Recovery takes longer. Metabolism doesn’t respond the same way it used to.
The good news is that you can support your NAD levels with NMN. It’s as simple as taking two Wonderfeel Youngr™️ NMN capsules once a day.
Jessica breaks down what’s happening inside your cells and why this shift matters more than most people realize.
#ItsWonderfeel #Longevity #CellularHealth #NAD #Wonderfeel",630,False,
1328380245825043,Wonderfeel,Wonderfeel,23 Apr 2026,117.3,117,static,SHOP_NOW,,,,,630,True,image854.jpg
931504499715592,Wonderfeel,Wonderfeel,23 Apr 2026,117.3,117,static,SHOP_NOW,,,,,630,True,image441.jpg
1464434052047513,Wonderfeel,Wonderfeel,23 Apr 2026,117.3,117,static,SHOP_NOW,,,,,630,True,image1001.jpg
1011107878579438,Wonderfeel,Wonderfeel,12 Aug 2026,6.3,6,static,SHOP_NOW,GETWONDERFEEL.COM,Wonderfeel Youngr™ NMN 900mg,"Rated as the best NMN supplement, our patented Youngr NMN formula features NMN, resveratrol, and antioxidants. Read the reviews and benefits, and buy NMN.",,630,False,image829.jpg
1703839407276443,Wonderfeel,Wonderfeel,23 Apr 2026,117.3,117,video,SHOP_NOW,,,,,630,True,
2219012125541838,Wonderfeel,Wonderfeel,4 Aug 2026,14.3,14,video,SHOP_NOW,,,,,630,True,
2462046890986571,Wonderfeel,Wonderfeel,16 Aug 2026,2.3,2,video,SHOP_NOW,GETWONDERFEEL.COM,Wonderfeel,,"Every week, we hear thoughtful questions about NMN.
Instead of answering them one by one, Jessica, our Sr. Copywriter, sat down to answer some of the most common ones in a single video.
Have another question? Leave it in the comments, and we may answer it in an upcoming episode.
#NMN #NAD #HealthyAging #CellularHealth #LongevityScience #Wonderfeel",630,False,
1562450535609775,Wonderfeel,Wonderfeel,4 Aug 2026,14.3,14,static,SHOP_NOW,GETWONDERFEEL.COM,Wonderfeel Youngr™ NMN 900mg,"[[IMG image681.jpg]]
GETWONDERFEEL.COM
Wonderfeel Youngr™ NMN 900mg","A wonderful achievement—Wonderfeel Youngr™ NMN has been awarded the Wellness & Longevity CHOICE Award for “Cellular Energy & Vitality” at the Innocos Longevity Summit in Miami.
@innocosfounder shares that “this summit is a celebration of groundbreaking innovations at the intersection of beauty, wellness and technology” and notes that with the awards they aim “to spotlight the most innovative and impactful products that push boundaries in this exciting space.
“These winners represent the very best in beauty, wellness, and technology, delivering real results and setting new industry standards.”
Hats off to our fellow winners @lymalife, @systemskin, @ossaorganic, @lumaflex, and more.
We’re deeply appreciative of our community’s support. Together, let’s keep redefining health and vitality!",630,False,image431.jpg
1622083919337694,Wonderfeel,New York Post with Wonderfeel,16 Aug 2026,2.3,2,static,SHOP_NOW,GETWONDERFEEL.COM,An Indulgent Dark Chocolate with Creatine,Treat Yourself. Seriously.,"Dark chocolate fans are going to love this!
Crafted with cacao from Belize and creamy peanut butter, Wonderfeel ChocoCreatin™ delivers 4g of premium creatine monohydrate in every bar. No sugar. No compromise. Just thoughtfully selected ingredients designed to support strength, focus, and recovery.",8541103,False,image452.jpg
2106988500169395,Wonderfeel,Wonderfeel,20 Jul 2026,29.3,29,static,SHOP_NOW,"Rated as the best NMN supplement, our patented Youngr NMN formula features NMN, resveratrol, and antioxidants. Read the reviews and benefits, and buy NMN.",,,"Exciting news! Wonderfeel NMN has been rated #1 by the New York Post for boosting energy, supporting longevity, and enhancing overall wellness. We’re honored to be recognized for our commitment to quality and innovation. Thank you @nypost for trusting us on your health journey!
#WonderfeelNMN #Itswonderfeel #nypost #Longevity #Wellness #TopRatedNMN",630,True,image1468.jpg
1391344243096169,Wonderfeel,Wonderfeel,11 Aug 2026,7.3,7,static,SHOP_NOW,GETWONDERFEEL.COM,Wonderfeel Youngr™ NMN 900mg,"Rated as the best NMN supplement, our patented Youngr NMN formula features NMN, resveratrol, and antioxidants. Read the reviews and benefits, and buy NMN.",,630,False,image775.jpg
2081715852383853,Wonderfeel,Wonderfeel,4 Aug 2026,14.3,14,static,SHOP_NOW,GETWONDERFEEL.COM,Wonderfeel Youngr™ NMN 900mg,"Rated as the best NMN supplement, our patented Youngr NMN formula features NMN, resveratrol, and antioxidants. Read the reviews and benefits, and buy NMN.","Your morning just got an upgrade. Imagine waking up with the mental clarity and energy you need, no caffeine required, just like Marie H! Wonderfeel Youngr™ works by boosting your energy at a metabolic level to help you stay sharp from sunrise to sunset.
Do you have a Wonderfeel story worth sharing? Let us know in the comments below, and you could be featured in our future posts!
#itsWonderfeel #NMN #NAD #NADprecursors #healthspan #naturalenergy #antiaging",630,False,image1386.jpg
1790634938575217,Wonderfeel,Biohack-it with Wonderfeel,23 Jul 2026,26.4,26,video,SHOP_NOW,GETWONDERFEEL.COM,Biohack-it,,"Comment “NMN” for the 🔗 to the full episode
Have you heard of celebrities talking about NAD and living forever? We dive into the supplement they’re talking about in this episode with the founders of @getwonderfeel
Longevity isn’t just for celebrities, tune in to learn more 🎧
#nmn #nad #biohacking #hormonehealth #wellnessjourney #podcast",183,False,
2353837072112364,Wonderfeel,Doctor Motley with Wonderfeel,22 Jul 2026,27.4,27,video,SHOP_NOW,TIDD.LY,Doctor Motley,,"Is it possible we could live to be 150?! Could our children live to that age?
Dr. Salzman thinks so, but, most importantly, he thinks the more we understand about the science of aging, the more we can improve our healthspan as well as our lifespan.
In the latest episode of the podcast, he shares with me the innovative work he and the team at @getwonderfeel are doing to create natural supplements to support this mission!
Comment Apple, Spotify or YouTube and I’ll send you the link to the podcast! Or you can head to the link in my bio.",149023,False,
2975112799498788,Wonderfeel,Wonderfeel,5 Aug 2026,13.4,13,static,SHOP_NOW,"Rated as the best NMN supplement, our patented Youngr NMN formula features NMN, resveratrol, and antioxidants. Read the reviews and benefits, and buy NMN.",,,"Good news everyone! Wonderfeel was rated #1 NMN by the @Entrepreneur Magazine. Thank you guys!
""Developed under the expertise of Professor Andrew Salzman, a Harvard MD, Wonderfeel Youngr™ NMN is at the forefront of longevity innovation…this unique formula is endorsed by renowned health expert Dr Mark Hyman, making it the most credible NMN in the market.""
""Wonderfeel Youngr™ stands out in the NMN supplement arena thanks to its carefully crafted, patented formula...this unique combination is designed to support the potential benefits of NMN, including enhanced energy, improved cognitive function, and deeper, more restorative sleep.""
Your #healthspan deserves the best! #itswonderfeel
Low impression count",630,True,image527.jpg
1062524916474590,Wonderfeel,Wonderfeel,4 Aug 2026,14.4,14,static,SHOP_NOW,"Rated as the best NMN supplement, our patented Youngr NMN formula features NMN, resveratrol, and antioxidants. Read the reviews and benefits, and buy NMN.",,,"Pam’s not chasing youth. She’s living it - on her terms, with energy to spare. Since starting Youngr™ NMN, she’s been feeling fantastic (her words, not ours).
Because when your cells feel good, you feel good. And sometimes, that glow speaks louder than candles on a cake.
#itsWonderfeel #NMN #NAD #NADprecursors #healthspan #naturalenergy",630,True,image1270.jpg
1723968248821335,Wonderfeel,Wonderfeel,4 Aug 2026,14.4,14,static,SHOP_NOW,"Rated as the best NMN supplement, our patented Youngr NMN formula features NMN, resveratrol, and antioxidants. Read the reviews and benefits, and buy NMN.",,,"@Mindbodygreen just named Wonderfeel Youngr™ the Best Overall NAD supplement in their roundup article. Thank you for the recognition.
“This advanced NAD support supplement takes a multiprong approach to boosting NAD levels and promoting cellular health."" states the mbg article featuring insights from Dr. Andrew Salzman of Wonderfeel;
“Just giving NMN without protection against oxidant stress would be only half the story. Our focus is on getting mitochondria back to full health.”
It’s no coincidence that MindBodyGreen joins the ranks of other reputable publishers like New York Post, the Good Trade and the Vogue in coining Wonderfeel, the best NAD supplement in the market.
Every ingredient in Wonderfeel Youngr™ is there for a reason: to support the full spectrum of healthy aging, from cellular energy to cognitive clarity.
Ready to upgrade your cellular health strategy? Start with the formula that redefines NAD supplementation.
#ItsWonderfeel #YoungrNMN #BestNAD #LongevityScience #CellularHealth #AntiAgingSupport
Low impression count",630,True,image1335.jpg
1391152679581479,Wonderfeel,Wonderfeel,4 Aug 2026,14.4,14,video,SHOP_NOW,"Rated as the best NMN supplement, our patented Youngr NMN formula features NMN, resveratrol, and antioxidants. Read the reviews and benefits, and buy NMN.",,,"We’re honored to share a testimonial from Alexander, a former Marine who found focus and faster recovery with our Youngr™ NMN supplement. We’re proud to support our veterans like Alexander, and privileged to be part of your health journey!
#nmn #itswonderfeel #wellness #longevity #cellularhealth
Low impression count",630,True,
930841799294632,Wonderfeel,Wonderfeel,4 Aug 2026,14.4,14,video,SHOP_NOW,,,,Low impression count,630,True,
1988960118462957,Wonderfeel,Wonderfeel,18 Aug 2026,0.4,0,static,SHOP_NOW,GETWONDERFEEL.COM,Wonderfeel Youngr™ NMN 900mg,"[[IMG image333.jpg]]
GETWONDERFEEL.COM
Wonderfeel Youngr™ NMN 900mg
[[IMG image413.jpg]]
GETWONDERFEEL.COM
Wonderfeel Youngr™ NMN 900mg
[[IMG image800.jpg]]
GETWONDERFEEL.COM
Wonderfeel Youngr™ NMN 900mg
[[IMG image841.jpg]]
GETWONDERFEEL.COM
Wonderfeel Youngr™ NMN 900mg","Wonderfeel ranked #1 in Biotech on the 2026 Inc. 5000, placing #65 overall and #12 in California among America's fastest-growing private companies.
Wonderfeel is built on a commitment to pushing the boundaries of cellular energetics and expanding what's possible for human healthspan.
Over the years, that commitment has driven scientific research, product development, and, more recently, new advances in cellular diagnostics. Alongside our work in nutraceuticals, we're expanding our research into critical areas including gut barrier function and cognitive performance, bringing us closer to the next generation of healthspan innovations.
This recognition reflects the work of an incredible team of doctors, scientists, entrepreneurs, and creators who continue to ask bigger questions and pursue better answers.
To everyone who's made Wonderfeel part of your daily routine and supported our mission, thank you. Your belief in what we're building has made this milestone possible.
Here's to the next breakthrough.
#Inc5000 #Biotech #Healthspan #SiliconValley
Low impression count",630,False,image1560.jpg
2797239027329465,Timeline Longevity,Timeline Longevity,16 Jul 2026,,33,video,SHOP_NOW,,,,The key to better aging? More muscle strength. Mitopure® is clinically proven to increase muscle strength without changing your exercise routine.,15115,True,
2980516732118797,Timeline Longevity,Timeline Longevity,31 Jul 2026,,18,static,SHOP_NOW,,,,"Feel the difference with the only clinically proven Urolithin A supplement. Increased muscle strength, cellular energy, and healthier aging with Mitopure® by Timeline.",15115,True,image1203.jpg
1368901418534854,Timeline Longevity,Timeline Longevity,20 Jul 2026,,29,video,SHOP_NOW,TIMELINE.COM,#1 Dr Recommended Urolithin A Supplement,Backed by 15+ years of research.,"Increased muscle strength, energy, and cellular renewal with Mitopure® in a new, sugar-free strawberry gummy.",15115,True,
2033270420608257,Timeline Longevity,Timeline Longevity,20 Jul 2026,,29,static,SHOP_NOW,TIMELINE.COM,Save 20% On Mitopure®,The only clinically proven Urolithin A supplement.,"Longevity for less. Mitopure® is your solution for increased strength, energy, cellular renewal, and healthier aging. Unlike other supplements, it’s backed by 18+ years of research, 25 human clinical trials, and 500+ studies.",15115,True,image1273.jpg
1356371219801180,Timeline Longevity,Timeline Longevity,20 Jul 2026,,29,static,SHOP_NOW,TIMELINE.COM,Save 20% On Mitopure®,The only clinically proven Urolithin A supplement.,"Longevity for less. Mitopure® is your solution for increased strength, energy, cellular renewal, and healthier aging. Unlike other supplements, it’s backed by 18+ years of research, 25 human clinical trials, and 500+ studies.",15115,False,image940.jpg
1353136676980155,Timeline Longevity,Timeline Longevity,27 Jul 2026,,22,video,SHOP_NOW,TIMELINE.COM,#1 Dr Recommended Urolithin A,Backed By 18+ Years Of Research,"Mitopure® is one of the most clinically studied longevity supplements. Take daily for increased muscle strength, more energy, improved cellular health, and healthier aging.",15115,True,
1016964277379903,Timeline Longevity,Timeline Longevity,8 Jul 2026,,41,video,SHOP_NOW,TIMELINE.COM,No Other Supplement Does This,Founded by MDs and PhDs.,"Mitopure® is backed by 18+ years of research, 25 human clinical trials, and 500+ studies. Take daily for increased muscle strength, more energy, improved cellular health, and healthier aging.",15115,True,
2840231746360442,Timeline Longevity,Timeline Longevity,20 Jul 2026,,29,video,SHOP_NOW,,,,"Increased muscle strength, energy, and cellular renewal with Mitopure® in a new, sugar-free strawberry gummy.",15115,False,
1681060829641471,Timeline Longevity,Timeline Longevity,29 Jul 2026,,20,video,SHOP_NOW,TIMELINE.COM,#1 Dr Recommended Urolithin A,Backed By 18+ Years Of Research,"Mitopure® is one of the most clinically studied longevity supplements. Take daily for increased muscle strength, more energy, improved cellular health, and healthier aging.",15115,False,
2971076016572150,Timeline Longevity,Timeline Longevity,9 Jul 2026,,40,video,SHOP_NOW,TIMELINE.COM,No Other Supplement Does This,Founded by MDs and PhDs.,"Mitopure® is backed by 18+ years of research, 25 human clinical trials, and 500+ studies. Take daily for increased muscle strength, more energy, improved cellular health, and healthier aging.",15115,False,
4515764095367889,Timeline Longevity,Timeline Longevity,12 Aug 2026,,6,video,SHOP_NOW,,,,"Stop trying all kinds of supplements that don't power your body at the cellular level. Mitopure® is the leading longevity and cellular health supplement that clinically proven to increase muscle strength, cellular energy, and support healthy aging.",15115,True,
1536238511336309,Timeline Longevity,Timeline Longevity,10 Jul 2026,,39,static,SHOP_NOW,TIMELINE.COM,Save 20% On Mitopure®,The only clinically proven Urolithin A gummy.,Mitopure® is the longevity innovation backed by 18+ years of rigorous research. Clinically proven to target age-related cellular decline with just two gummies a day. Start feeling stronger and more energized within a few months of use.,15115,True,image831.jpg
2521002508381650,Timeline Longevity,Timeline Longevity with Wanda Loves Sharing,11 Aug 2026,,7,static,SHOP_NOW,TIMELINE.COM,Combat Muscle Loss With Mitopure®,The only clinically proven Urolithin A supplement.,"at 50, I've never felt stronger and more energized thanks to Mitopure® Gummies. A longevity supplement made by scientists and backed by 18+ years of research. Clinically proven to increase muscle strength, cellular energy, and support healthy aging.",15115,True,image1504.jpg
27590238320638065,Timeline Longevity,Timeline Longevity,15 Jul 2026,,34,video,SHOP_NOW,TIMELINE.COM,Improve Muscle Health With Mitopure®,Backed by 18+ years of research.,The key to better aging? More muscle strength. Mitopure® is clinically proven to increase muscle strength without changing your exercise routine.,15115,True,
1051240347361040,Timeline Longevity,Timeline Longevity,20 Jul 2026,,29,static,SHOP_NOW,TIMELINE.COM,Stronger Muscles. More Energy. Healthier Aging.,The only clinically proven Urolithin A supplement.,Simplify your supplement routine with Mitopure®. The leading longevity and cellular health supplement backed by 18+ years of research.,15115,True,image997.jpg
1561676489077328,Timeline Longevity,Timeline Longevity,20 Jul 2026,,29,video,SHOP_NOW,TIMELINE.COM,#1 Dr Recommended Urolithin A,Founded by MDs and PhDs.,"PSA: The secret to healthy aging is your mitochondria. 🧬️ Mitopure® is backed by 18+ years of research and is clinically proven to improve cellular health, muscle strength, and energy.",15115,True,
1021226227465513,Timeline Longevity,Timeline Longevity,20 Jul 2026,,29,video,LEARN_MORE,TIMELINE.COM,Improve Your Longevity With Mitopure®,Founded by MDs and PhDs.,"Why choose Mitopure®? Unlike other supplements, it’s backed by 18+ years of research, 25 human clinical trials, and 500+ studies. Take daily for increased muscle strength, more energy, improved cellular health, and healthier aging.",15115,True,
951004737797145,Timeline Longevity,Timeline Longevity,24 Apr 2026,,116,static,SHOP_NOW,TIMELINE.COM,Save 20% On Mitopure®,The only clinically proven Urolithin A gummy.,"Mitopure® is the longevity supplement backed by 18+ years of research. Take two gummies daily to increase muscle strength, cellular energy, and support healthy aging.",15115,True,image1495.jpg
2452342371842161,Timeline Longevity,Paige with Timeline Longevity,11 Aug 2026,,7,static,SHOP_NOW,TIMELINE.COM,Target Aging At The Cellular Level,Backed by 18+ years of research.,"My secret to feeling better even as I get older? Timeline's Longevity Gummies. Mitopure is clinically proven to improve cellular renewal, increasing muscle strength, energy, and supporting healthy aging.",451,True,image778.jpg
989522114087318,Timeline Longevity,Timeline Longevity,24 Jul 2026,,25,video,SHOP_NOW,TIMELINE.COM,Improve Muscle Health With Mitopure®,Backed by 18+ years of research.,The key to better aging? More muscle strength. Mitopure® is clinically proven to increase muscle strength without changing your exercise routine.,15115,False,
1221305064396924,Timeline Longevity,Timeline Longevity,16 Jul 2026,,33,video,SHOP_NOW,TIMELINE.COM,Improve Muscle Health With Mitopure®,No other supplement does this.,"Mitopure® is your solution for increased strength, energy, cellular renewal, and healthier aging. Unlike other supplements, it’s backed by 18+ years of research, 25 human clinical trials, and 500+ studies.",15115,True,
1510805006919788,Timeline Longevity,Timeline Longevity,20 Jul 2026,,29,video,SHOP_NOW,TIMELINE.COM,#1 Dr Recommended Urolithin A,Backed by 18+ years of research.,"Stop trying all kinds of supplements that don't power your body at the cellular level. Mitopure® is the leading longevity and cellular health supplement that clinically proven to increase muscle strength, cellular energy, and support healthy aging.",15115,True,
1596334822216577,Timeline Longevity,Timeline Longevity,20 Jul 2026,,29,static,SHOP_NOW,TIMELINE.COM,Target Aging At The Cellular Level,Backed by 18+ years of research.,"Mitopure® is one of the most clinically studied longevity supplements. Take daily for increased muscle strength, more energy, improved cellular health, and healthier aging.",15115,True,image660.jpg
1539301747426782,Timeline Longevity,Timeline Longevity,11 Aug 2026,,7,static,SHOP_NOW,TIMELINE.COM,Save 20% On Mitopure®,The only clinically proven Urolithin A gummy.,"Mitopure® is your solution for increased strength, energy, cellular renewal, and healthier aging. Unlike other supplements, it’s backed by 18+ years of research, 25 human clinical trials, and 500+ studies.",15115,True,image1550.jpg
1598777484747959,Timeline Longevity,Timeline Longevity,24 Apr 2026,,116,static,LEARN_MORE,TIMELINE.COM,Rejuvenate Immune Function With Mitopure®,New MitoImmune Study.,"Your immune system does more than fight off illness. It’s a key driver of biological aging, and a strong predictor of longevity. Now, a groundbreaking new study just published in Nature Aging shows how Mitopure® can help keep the immune system healthier, for longer. TL;DR: This is big.",15115,True,image886.jpg
28119526494338161,Timeline Longevity,Timeline Longevity,29 Jul 2026,,20,static,SHOP_NOW,TIMELINE.COM,Stronger Muscles. More Energy. Healthier Aging.,The only clinically proven Urolithin A supplement.,Simplify your supplement routine with Mitopure®. The leading longevity and cellular health supplement backed by 18+ years of research.,15115,False,image997.jpg
2567037560480097,Timeline Longevity,Timeline Longevity,20 Jul 2026,,29,static,SHOP_NOW,TIMELINE.COM,No Other Supplement Does This,Founded by MDs and PhDs.,"Increased cellular energy, stronger muscles, and improved cellular health as you age. Mitopure® is backed by 18+ years of research and is clinically proven to target the root causes of aging.",15115,True,image793.jpg
2153391068855877,Timeline Longevity,Paige with Timeline Longevity,17 Aug 2026,,1,static,SHOP_NOW,TIMELINE.COM,Target Aging At The Cellular Level,Backed by 18+ years of research.,"My secret to feeling better even as I get older? Timeline's Longevity Gummies. Mitopure is clinically proven to improve cellular renewal, increasing muscle strength, energy, and supporting healthy aging.",451,False,image778.jpg
1374679724876500,Timeline Longevity,Timeline Longevity with Wanda Loves Sharing,12 Aug 2026,,6,static,SHOP_NOW,TIMELINE.COM,Combat Muscle Loss With Mitopure®,The only clinically proven Urolithin A supplement.,"at 50, I've never felt stronger and more energized thanks to Mitopure® Gummies. A longevity supplement made by scientists and backed by 18+ years of research. Clinically proven to increase muscle strength, cellular energy, and support healthy aging.",15115,False,image1504.jpg
3296007623925356,Timeline Longevity,Timeline Longevity,13 Aug 2026,,5,static,SHOP_NOW,TIMELINE.COM,Save 20% On Mitopure®,The only clinically proven Urolithin A gummy.,"Mitopure® is your solution for increased strength, energy, cellular renewal, and healthier aging. Unlike other supplements, it’s backed by 18+ years of research, 25 human clinical trials, and 500+ studies.",15115,False,image1550.jpg
2908246239537902,Timeline Longevity,Timeline Longevity,20 Jul 2026,,29,video,SHOP_NOW,TIMELINE.COM,#1 Dr Recommended Urolithin A,Founded by MDs and PhDs.,"PSA: The secret to healthy aging is your mitochondria. 🧬️ Mitopure® is backed by 18+ years of research and is clinically proven to improve cellular health, muscle strength, and energy.",15115,False,
1725348045179995,Timeline Longevity,Timeline Longevity,17 Aug 2026,,1,static,SHOP_NOW,,,,"Mitopure® is your solution for increased strength, energy, cellular renewal, and healthier aging. Unlike other supplements, it’s backed by 18+ years of research, 25 human clinical trials, and 500+ studies.",15115,True,image1403.jpg
1080875944502035,Timeline Longevity,Timeline Longevity,2 Aug 2026,,16,static,SHOP_NOW,TIMELINE.COM,Save 20% On Mitopure®,The only clinically proven Urolithin A gummy.,Mitopure® is the longevity innovation backed by 18+ years of rigorous research. Clinically proven to target age-related cellular decline with just two gummies a day. Start feeling stronger and more energized within a few months of use.,15115,False,image831.jpg
1667990470946141,Timeline Longevity,Timeline Longevity,2 Aug 2026,,16,video,SHOP_NOW,TIMELINE.COM,#1 Dr Recommended Urolithin A,Backed By 18+ Years Of Research,"Mitopure® is one of the most clinically studied longevity supplements. Take daily for increased muscle strength, more energy, improved cellular health, and healthier aging.",15115,False,
1534913511716104,Timeline Longevity,Timeline Longevity,1 Aug 2026,,17,static,SHOP_NOW,TIMELINE.COM,Save 20% On Mitopure®,The only clinically proven Urolithin A gummy.,Mitopure® is the longevity innovation backed by 18+ years of rigorous research. Clinically proven to target age-related cellular decline with just two gummies a day. Start feeling stronger and more energized within a few months of use.,15115,False,image770.jpg
1468029184807291,Timeline Longevity,Timeline Longevity,24 Apr 2026,,116,static,SHOP_NOW,TIMELINE.COM,#1 Dr Recommended Urolithin A,Founded by MDs and PhDs.,"PSA: The secret to healthy aging is your mitochondrial health. 🧬️ Mitopure® is backed by 18+ years of research and is clinically proven to improve cellular energy, muscle strength, and cellular renewal.",15115,True,image969.jpg
1935400983807689,Timeline Longevity,Timeline Longevity,10 Jul 2026,,39,video,SHOP_NOW,TIMELINE.COM,No Other Supplement Does This,Founded by MDs and PhDs.,"Mitopure® is backed by 18+ years of research, 25 human clinical trials, and 500+ studies. Take daily for increased muscle strength, more energy, improved cellular health, and healthier aging.",15115,False,
1574308997642523,Timeline Longevity,Timeline Longevity,3 Aug 2026,,15,video,SHOP_NOW,TIMELINE.COM,#1 Dr Recommended Urolithin A,Founded by MDs and PhDs.,"PSA: The secret to healthy aging is your mitochondria. 🧬️ Mitopure® is backed by 18+ years of research and is clinically proven to improve cellular health, muscle strength, and energy.",15115,False,
1024967257181568,Timeline Longevity,Timeline Longevity,24 Jul 2026,,25,static,SHOP_NOW,TIMELINE.COM,No Other Supplement Does This,Founded by MDs and PhDs.,"Increased cellular energy, stronger muscles, and improved cellular health as you age. Mitopure® is backed by 18+ years of research and is clinically proven to target the root causes of aging.",15115,False,image642.jpg
1738802620487289,Timeline Longevity,Timeline Longevity,9 Jun 2026,,70,static,SHOP_NOW,TIMELINE.COM,No Other Supplement Does This,Backed by 18+ years of research.,"Feel the difference with the only clinically proven Urolithin A supplement. Increased muscle strength, cellular energy, and healthier aging with Mitopure® by Timeline.",15115,True,image840.jpg
1106119995407625,Timeline Longevity,Timeline Longevity,9 Aug 2026,,9,static,SHOP_NOW,TIMELINE.COM,Save 20% On Mitopure®,The only clinically proven Urolithin A supplement.,"Longevity for less. Mitopure® is your solution for increased strength, energy, cellular renewal, and healthier aging. Unlike other supplements, it’s backed by 18+ years of research, 25 human clinical trials, and 500+ studies.",15115,False,image1273.jpg
5262107417346866,Timeline Longevity,Timeline Longevity,27 May 2026,,83,static,LEARN_MORE,TIMELINE.COM,Rejuvenate Immune Function With Mitopure®,New MitoImmune Study.,"Your immune system does more than fight off illness. It’s a key driver of biological aging, and a strong predictor of longevity. Now, a groundbreaking new study just published in Nature Aging shows how Mitopure® can help keep the immune system healthier, for longer. TL;DR: This is big.",15115,False,image886.jpg
900694632558918,Timeline Longevity,Timeline Longevity,28 Jul 2026,,21,static,SHOP_NOW,TIMELINE.COM,#1 Dr Recommended Urolithin A Supplement,Backed by 18+ years of research.,"Feel the difference with the only clinically proven Urolithin A supplement. Increased muscle strength, cellular energy, and healthier aging with Mitopure® by Timeline.",15115,True,image232.jpg
1073928238298168,Timeline Longevity,Timeline Longevity,27 Jul 2026,,22,video,SHOP_NOW,TIMELINE.COM,Improve Muscle Health With Mitopure®,Founded by MDs and PhDs.,"Mitopure® is your solution for increased strength, energy, cellular renewal, and healthier aging. Unlike other supplements, it’s backed by 18+ years of research, 25 human clinical trials, and 500+ studies.",15115,True,
1330802155251132,Timeline Longevity,Timeline Longevity,26 Jun 2026,,53,static,SHOP_NOW,TIMELINE.COM,Save 20% On Mitopure®,The only clinically proven Urolithin A gummy.,"Mitopure® is the longevity supplement backed by 18+ years of research. Take two gummies daily to increase muscle strength, cellular energy, and support healthy aging.",15115,False,image1004.jpg
1038727539016214,Timeline Longevity,Timeline Longevity,23 Jul 2026,,26,video,SHOP_NOW,TIMELINE.COM,Improve Muscle Health With Mitopure®,No other supplement does this.,"Mitopure® is your solution for increased strength, energy, cellular renewal, and healthier aging. Unlike other supplements, it’s backed by 18+ years of research, 25 human clinical trials, and 500+ studies.",15115,False,
2975198562823466,Timeline Longevity,Timeline Longevity,30 Jul 2026,,19,static,SHOP_NOW,TIMELINE.COM,#1 Dr Recommended Urolithin A Supplement,Backed by 18+ years of research.,"Feel the difference with the only clinically proven Urolithin A supplement. Increased muscle strength, cellular energy, and healthier aging with Mitopure® by Timeline.",15115,False,image232.jpg
2881611538870753,Timeline Longevity,Timeline Longevity,1 Aug 2026,,17,video,SHOP_NOW,TIMELINE.COM,Improve Muscle Health With Mitopure®,Backed by 18+ years of research.,The key to better aging? More muscle strength. Mitopure® is clinically proven to increase muscle strength without changing your exercise routine.,15115,False,
2737933879940293,Timeline Longevity,Timeline Longevity,13 Jul 2026,,36,video,LEARN_MORE,TIMELINE.COM,New Preclinical Study,Backed by 18+ years of research.,"In a new preclinical EPFL study, Urolithin A reversed high-anxiety behaviors in rats without affecting low-anxiety controls. Mitochondrial dysfunction in brain cells is emerging as a root cause of anxiety, making it a powerful therapeutic target. Urolithin A was found to repair mitochondrial pathways, restore synaptic connections, and normalized levels of the key mitochondrial proteins.",15115,True,
919572444530354,Timeline Longevity,Timeline Longevity with Wanda Loves Sharing,15 Aug 2026,,3,static,SHOP_NOW,TIMELINE.COM,Combat Muscle Loss With Mitopure®,The only clinically proven Urolithin A supplement.,"at 50, I've never felt stronger and more energized thanks to Mitopure® Gummies. A longevity supplement made by scientists and backed by 18+ years of research. Clinically proven to increase muscle strength, cellular energy, and support healthy aging.",15115,False,image362.jpg
1711564600208443,Timeline Longevity,Timeline Longevity,24 Apr 2026,,116,video,SHOP_NOW,TIMELINE.COM,Save 20% On Mitopure®,The only clinically proven Urolithin A gummy.,"Mitopure® is the longevity supplement backed by 18+ years of research. Take two gummies daily to increase muscle strength, cellular energy, and support healthy aging.",15115,True,
1061902146692635,Timeline Longevity,Timeline Longevity,5 Aug 2026,,13,video,SHOP_NOW,TIMELINE.COM,Improve Muscle Health With Mitopure®,Founded by MDs and PhDs.,"Mitopure® is your solution for increased strength, energy, cellular renewal, and healthier aging. Unlike other supplements, it’s backed by 18+ years of research, 25 human clinical trials, and 500+ studies.",15115,False,
1057293640592369,Timeline Longevity,Timeline Longevity,3 Aug 2026,,15,video,LEARN_MORE,TIMELINE.COM,New Preclinical Study,Backed by 18+ years of research.,"In a new preclinical EPFL study, Urolithin A reversed high-anxiety behaviors in rats without affecting low-anxiety controls. Mitochondrial dysfunction in brain cells is emerging as a root cause of anxiety, making it a powerful therapeutic target. Urolithin A was found to repair mitochondrial pathways, restore synaptic connections, and normalized levels of the key mitochondrial proteins.",15115,False,
1479055777363838,Timeline Longevity,Timeline Longevity,19 Jul 2026,,30,video,SHOP_NOW,,,,"Mitopure® is your solution for increased strength, energy, cellular renewal, and healthier aging. Unlike other supplements, it’s backed by 18+ years of research, 25 human clinical trials, and 500+ studies.",15115,False,
1666182277820670,Timeline Longevity,Timeline Longevity,5 Aug 2026,,13,video,SHOP_NOW,TIMELINE.COM,#1 Dr Recommended Urolithin A,Backed by 18+ years of research.,"Stop trying all kinds of supplements that don't power your body at the cellular level. Mitopure® is the leading longevity and cellular health supplement that clinically proven to increase muscle strength, cellular energy, and support healthy aging.",15115,False,
1710409970041243,Timeline Longevity,Timeline Longevity,9 Aug 2026,,9,static,SHOP_NOW,TIMELINE.COM,#1 Dr Recommended Urolithin A,Founded by MDs and PhDs.,"PSA: The secret to healthy aging is your mitochondrial health. 🧬️ Mitopure® is backed by 18+ years of research and is clinically proven to improve cellular energy, muscle strength, and cellular renewal.",15115,False,image969.jpg
638673603801523,Timeline Longevity,Timeline Nutrition,,,3,static,LISTEN_NOW,,,,"This content was removed because it didn't follow our Advertising Standards.
Active 3 days
CTA: LISTEN_NOW
Page like: 15115",15115,False,
1610634174398091,Timeline Longevity,Timeline Longevity,24 Apr 2026,,116,video,SHOP_NOW,TIMELINE.COM,Target Aging At The Cellular Level,Backed by 18+ years of research.,"Mitopure® is the longevity supplement backed by 18+ years of research. Take two gummies daily to increase muscle strength, cellular energy, and support healthy aging.",15115,True,
4316087478629244,Timeline Longevity,Timeline Longevity,24 Apr 2026,,116,static,SHOP_NOW,TIMELINE.COM,Save 20% On Mitopure®,The only clinically proven Urolithin A gummy.,"Mitopure® is the longevity supplement backed by 18+ years of research. Take two gummies daily to increase muscle strength, cellular energy, and support healthy aging.",15115,True,image248.jpg
2470927083430213,Timeline Longevity,Timeline Longevity,17 Aug 2026,,1,static,SHOP_NOW,TIMELINE.COM,Improve Muscle Health With Mitopure®,No other supplement does this.,"Mitopure® is your solution for increased strength, energy, cellular renewal, and healthier aging. Unlike other supplements, it’s backed by 18+ years of research, 25 human clinical trials, and 500+ studies.",15115,False,image1029.jpg
2474235319726785,Timeline Longevity,Timeline Longevity,10 Jul 2026,,39,video,SHOP_NOW,TIMELINE.COM,Increase Muscle Strength With Mitopure®,Founded by MDs and PhDs.,"Mitopure® is your solution for increased strength, energy, cellular renewal, and healthier aging. Unlike other supplements, it’s backed by 18+ years of research, 25 human clinical trials, and 500+ studies.",15115,True,
1295469159183435,Timeline Longevity,Timeline Longevity,12 Aug 2026,,6,video,SHOP_NOW,TIMELINE.COM,#1 Dr Recommended Urolithin A,Backed by 18+ years of research.,"Stop trying all kinds of supplements that don't power your body at the cellular level. Mitopure® is the leading longevity and cellular health supplement that clinically proven to increase muscle strength, cellular energy, and support healthy aging.",15115,False,
1474733374291843,Timeline Longevity,Timeline Longevity,24 Apr 2026,,116,static,SHOP_NOW,TIMELINE.COM,Save 20% On Mitopure®,The only clinically proven Urolithin A gummy.,Mitopure® is the longevity innovation backed by 18+ years of rigorous research. Clinically proven to target age-related cellular decline with just two gummies a day. Start feeling stronger and more energized within a few months of use.,15115,True,image718.jpg
2245617632857545,Timeline Longevity,Timeline Longevity,20 Jul 2026,,29,video,SHOP_NOW,TIMELINE.COM,Target Aging At The Cellular Level,The only clinically proven Urolithin A gummy.,"Even at 85, my grandma has the energy to do the things she loves. Mitopure® is the longevity innovation backed by 18+ years of rigorous research. Clinically proven to target age-related cellular decline with just two gummies a day. Start feeling stronger and more energized within a few months of use.",15115,True,
1042564671857380,Timeline Longevity,Timeline Longevity,22 Jul 2026,,27,static,SHOP_NOW,TIMELINE.COM,Target Aging At The Source,Founded by MDs and PhDs.,"Why choose Mitopure®? Unlike other supplements, it’s backed by 18+ years of research, 25 human clinical trials, and 500+ studies. Take daily for increased muscle strength, more energy, improved cellular health, and healthier aging.",15115,True,image486.jpg
1358527621416335,Timeline Longevity,Timeline Nutrition,,,33,static,SHOP_NOW,,,,"This ad ran without a required disclaimer.
Active 33 days
CTA: SHOP_NOW
Page like: 15115",15115,True,
1798964961508041,Timeline Longevity,Timeline Longevity,24 Apr 2026,,116,video,SHOP_NOW,TIMELINE.COM,#1 Dr Recommended Urolithin A,Founded by MDs and PhDs.,"Mitopure® is backed by 18+ years of research, 25 human clinical trials, and 500+ studies. Take daily for increased muscle strength, more energy, improved cellular health, and healthier aging.",15115,True,
1670950920637926,Timeline Longevity,Timeline Longevity,15 Jul 2026,,34,static,SHOP_NOW,TIMELINE.COM,Stronger Muscles With Mitopure®,No other supplement does this.,"Mitopure® is backed by 18+ years of research, 25 human clinical trials, and 500+ studies. Take daily for increased muscle strength, more energy, improved cellular health, and healthier aging.",15115,True,image1379.jpg
1032019589686140,Timeline Longevity,Timeline Longevity,31 Jul 2026,,18,video,SHOP_NOW,TIMELINE.COM,Target Aging At The Cellular Level,The only clinically proven Urolithin A gummy.,"Even at 85, my grandma has the energy to do the things she loves. Mitopure® is the longevity innovation backed by 18+ years of rigorous research. Clinically proven to target age-related cellular decline with just two gummies a day. Start feeling stronger and more energized within a few months of use.",15115,False,
1910550606266954,Timeline Longevity,Timeline Longevity,24 Apr 2026,,116,static,LEARN_MORE,TIMELINE.COM,Rejuvenate Immune Function With Mitopure®,New MitoImmune Study.,"Your immune system does more than fight off illness. It’s a key driver of biological aging, and a strong predictor of longevity. Now, a groundbreaking new study just published in Nature Aging shows how Mitopure® can help keep the immune system healthier, for longer. TL;DR: This is big.",15115,True,image847.jpg
1785120956242993,Timeline Longevity,Timeline Longevity,15 Jul 2026,,34,video,SHOP_NOW,TIMELINE.COM,Save 20% On Mitopure®,The only clinically proven Urolithin A gummy.,"Weight loss, workouts, or just everyday life — muscle health is key to longevity. Support yours with Mitopure®.",15115,True,
997568999535935,Timeline Longevity,Timeline Longevity,15 Jun 2026,,64,static,LEARN_MORE,TIMELINE.COM,Support Muscle Health On GLP-1s,Backed by 18+ years of research.,"GLP-1 medications are a game changer for weight loss, but have serious health concerns. Explore Mitopure’s role in muscle health and “Ozempic face.”",15115,True,image69.png
1262060665912370,Timeline Longevity,Timeline Longevity,24 Apr 2026,,116,video,SHOP_NOW,TIMELINE.COM,Target Aging At The Cellular Level,Backed by 18+ years of research.,"Mitopure® is the longevity supplement backed by 18+ years of research. Take two gummies daily to increase muscle strength, cellular energy, and support healthy aging.",15115,True,
1672575514075408,Timeline Longevity,Timeline Longevity,24 Apr 2026,,116,video,SHOP_NOW,TIMELINE.COM,Save 20% On Mitopure®,The only clinically proven Urolithin A gummy.,"Mitopure® is the longevity supplement backed by 18+ years of research. Take two gummies daily to increase muscle strength, cellular energy, and support healthy aging.",15115,False,
26775373712163163,Timeline Longevity,Timeline Longevity,2 Jun 2026,,77,video,SHOP_NOW,TIMELINE.COM,Save 20% On Mitopure®,The only clinically proven Urolithin A supplement.,"Backed by 18+ years of science, designed for stronger muscles, better cellular energy, and healthier cells.",15115,True,
1969832503717649,Timeline Longevity,Timeline Longevity,9 Jul 2026,,40,static,SHOP_NOW,TIMELINE.COM,No Other Supplement Does This,Founded by MDs and PhDs.,"Mitopure® is your solution for increased strength, energy, cellular renewal, and healthier aging. Unlike other supplements, it’s backed by 18+ years of research, 25 human clinical trials, and 500+ studies.",15115,True,image210.jpg
1024381303922564,Timeline Longevity,Timeline Longevity,10 Aug 2026,,8,static,SHOP_NOW,TIMELINE.COM,Improve Muscle Health With Mitopure®,No other supplement does this.,"Mitopure® is your solution for increased strength, energy, cellular renewal, and healthier aging. Unlike other supplements, it’s backed by 18+ years of research, 25 human clinical trials, and 500+ studies.",15115,True,image1029.jpg
997678872669121,Timeline Longevity,Timeline Longevity,17 Jun 2026,,62,static,LEARN_MORE,TIMELINE.COM,Support Muscle Health On GLP-1s,Backed by 18+ years of research.,"GLP-1 medications are a game changer for weight loss, but have serious health concerns. Explore Mitopure’s role in muscle health and “Ozempic face.”",15115,False,image1246.jpg
1056722170342713,Timeline Longevity,Timeline Longevity,15 Jul 2026,,34,static,SHOP_NOW,TIMELINE.COM,No Other Supplement Does This,Backed by 18+ years of research.,"Going through menopause? Support muscle strength, cellular energy, and healthier aging with Mitopure®. The only clinically proven Urolithin A supplement.",15115,True,image69.png
1603073884494729,Timeline Longevity,Timeline Longevity,31 Jul 2026,,18,static,SHOP_NOW,TIMELINE.COM,No Other Supplement Does This,Founded by MDs and PhDs.,"Increased cellular energy, stronger muscles, and improved cellular health as you age. Mitopure® is backed by 18+ years of research and is clinically proven to target the root causes of aging.",15115,False,image793.jpg
2256109248560048,Timeline Longevity,Timeline Longevity with Rehab With Roni,11 Aug 2026,,7,static,SHOP_NOW,TIMELINE.COM,Target Aging At The Cellular Level,The only clinically proven Urolithin A gummy.,"As a physical therapist, this is my recommendation for targeting a root cause of aging. The future of healthy aging is here: Mitopure® Gummies. Backed by 18+ years of science, designed for stronger muscles, better cellular energy, and healthier cells.",15115,True,image640.jpg
1488436229752355,Timeline Longevity,Timeline Longevity,27 Jul 2026,,22,video,SHOP_NOW,TIMELINE.COM,The Only Clinically Proven Urolithin A Gummy,Save 20% on a 2-month subscription.,"Mitopure® Gummies are backed by 18+ years of science, designed for stronger muscles, better cellular energy, and healthier cells.",15115,True,
1422782596379969,Timeline Longevity,Timeline Longevity,16 Aug 2026,,2,static,LEARN_MORE,TIMELINE.COM,Rejuvenate Immune Function With Mitopure®,New MitoImmune Study.,"Your immune system does more than fight off illness. It’s a key driver of biological aging, and a strong predictor of longevity. Now, a groundbreaking new study just published in Nature Aging shows how Mitopure® can help keep the immune system healthier, for longer. TL;DR: This is big.",15115,False,image1496.jpg
908032861946064,Timeline Longevity,Timeline Longevity,14 Aug 2026,,4,video,SHOP_NOW,TIMELINE.COM,Increase Muscle Strength With Mitopure®,Founded by MDs and PhDs.,"Mitopure® is your solution for increased strength, energy, cellular renewal, and healthier aging. Unlike other supplements, it’s backed by 18+ years of research, 25 human clinical trials, and 500+ studies.",15115,False,
1059650293134035,Timeline Longevity,Timeline Longevity,11 Aug 2026,,7,static,SHOP_NOW,TIMELINE.COM,Save 20% On Mitopure®,The only clinically proven Urolithin A gummy.,"Mitopure® is your solution for increased strength, energy, cellular renewal, and healthier aging. Unlike other supplements, it’s backed by 18+ years of research, 25 human clinical trials, and 500+ studies.",15115,True,image407.jpg
893330050030505,Timeline Longevity,Timeline Longevity,27 Jul 2026,,22,static,SHOP_NOW,TIMELINE.COM,No Other Supplement Does This,The only clinically proven Urolithin A gummy.,"Mitopure® is your solution for increased strength, energy, cellular renewal, and healthier aging. Unlike other supplements, it’s backed by 18+ years of research, 25 human clinical trials, and 500+ studies.",15115,True,image748.jpg
3553310298156431,Timeline Longevity,Timeline Longevity,14 May 2026,,96,video,SHOP_NOW,TIMELINE.COM,Improve Cellular Health With Mitopure®,Backed by 18+ years of research.,"Mitopure® is your solution for increased strength, energy, cellular renewal, and healthier aging. Unlike other supplements, it’s backed by 18+ years of research, 25 human clinical trials, and 500+ studies.",15115,True,
3254244831424897,Timeline Longevity,Timeline Longevity,26 Jun 2026,,53,static,SHOP_NOW,TIMELINE.COM,Improve Muscle Health With Mitopure®,Backed by 18+ years of research.,The key to better aging? More muscle strength. Mitopure® is clinically proven to increase muscle strength without changing your exercise routine.,15115,True,image609.jpg
27289395497399106,Timeline Longevity,Timeline Longevity,15 Jul 2026,,34,video,SHOP_NOW,TIMELINE.COM,Improve Muscle Health With Mitopure®,No other supplement does this.,"Mitopure® is one of the most clinically studied longevity supplements. Take daily for increased muscle strength, more energy, improved cellular health, and healthier aging.",15115,True,
1353679969672725,Timeline Longevity,Timeline Longevity,1 Aug 2026,,17,static,SHOP_NOW,TIMELINE.COM,No Other Supplement Does This,The only clinically proven Urolithin A gummy.,"Mitopure® is your solution for increased strength, energy, cellular renewal, and healthier aging. Unlike other supplements, it’s backed by 18+ years of research, 25 human clinical trials, and 500+ studies.",15115,False,image1364.jpg
1719833222551409,Timeline Longevity,Timeline Longevity,15 Jul 2026,,34,static,SHOP_NOW,TIMELINE.COM,Save 20% On Mitopure®,The only clinically proven Urolithin A gummy.,Mitopure® is the longevity innovation backed by 18+ years of rigorous research. Clinically proven to target age-related cellular decline with just two gummies a day. Start feeling stronger and more energized within a few months of use.,15115,True,image1506.jpg
2301485490387470,Timeline Longevity,Timeline Longevity with Heather Ray,11 Aug 2026,,7,video,SHOP_NOW,TIMELINE.COM,Target Aging At The Source,The only clinically proven Urolithin A gummy.,"In my 40's I've never felt better since starting Timeline Mitopure® Gummies. They're Backed by 18+ years of science, designed for stronger muscles, better cellular energy, and healthier cells.",15115,False,
2400396280484822,Timeline Longevity,Timeline Longevity,15 Jul 2026,,34,static,SHOP_NOW,TIMELINE.COM,Improve Muscle Health With Mitopure®,Backed by 18+ years of research.,Taking GLP-1s? Losing weight shouldn’t mean losing muscle. Mitopure® protects and strengthens your muscles without changing your exercise routine.,15115,True,image1538.jpg
1554761692864594,Timeline Longevity,Timeline Longevity,27 Jul 2026,,22,video,SHOP_NOW,TIMELINE.COM,The Only Clinically Proven Urolithin A Gummy,Backed by 18+ years of research.,Losing weight shouldn’t mean losing muscle. Mitopure® protects and strengthens your muscles without changing your exercise routine.,15115,True,
1964658004194912,Timeline Longevity,Timeline Longevity,1 Aug 2026,,17,video,SHOP_NOW,TIMELINE.COM,#1 Dr Recommended Urolithin A,Backed by 18+ years of research.,"Stop trying all kinds of supplements that don't power your body at the cellular level. Mitopure® is the leading longevity and cellular health supplement that clinically proven to increase muscle strength, cellular energy, and support healthy aging.",15115,False,
1219764893608749,Timeline Longevity,Timeline Longevity,22 Jul 2026,,27,static,SHOP_NOW,TIMELINE.COM,Target Aging At The Source,Founded by MDs and PhDs.,"Why choose Mitopure®? Unlike other supplements, it’s backed by 18+ years of research, 25 human clinical trials, and 500+ studies. Take daily for increased muscle strength, more energy, improved cellular health, and healthier aging.",15115,True,image983.jpg
2421154535017360,Timeline Longevity,Timeline Longevity,24 Apr 2026,,116,static,SHOP_NOW,TIMELINE.COM,No Other Supplement Does This,Founded by MDs and PhDs.,"Increased cellular energy, stronger muscles, and improved cellular health as you age. Mitopure® is backed by 18+ years of research and is clinically proven to target the root causes of aging.",15115,True,image462.jpg
26964284319913776,Timeline Longevity,Timeline Longevity,25 Jul 2026,,24,static,SHOP_NOW,TIMELINE.COM,Target Aging At The Source,Founded by MDs and PhDs.,"Why choose Mitopure®? Unlike other supplements, it’s backed by 18+ years of research, 25 human clinical trials, and 500+ studies. Take daily for increased muscle strength, more energy, improved cellular health, and healthier aging.",15115,False,image486.jpg
38270005009257493,Timeline Longevity,Timeline Longevity,10 Aug 2026,,8,static,SHOP_NOW,TIMELINE.COM,Improve Muscle Health With Mitopure®,Backed by 18+ years of research.,Taking GLP-1s? Losing weight shouldn’t mean losing muscle. Mitopure® protects and strengthens your muscles without changing your exercise routine.,15115,False,image613.jpg
1506567734288882,Timeline Longevity,Timeline Longevity,12 Jun 2026,,67,video,SHOP_NOW,TIMELINE.COM,Target Aging At The Cellular Level,Backed by 18+ years of research.,"Mitopure® is the longevity supplement backed by 18+ years of research. Take two gummies daily to increase muscle strength, cellular energy, and support healthy aging.",15115,False,
1768136931197225,Timeline Longevity,Timeline Longevity,13 Aug 2026,,5,static,SHOP_NOW,TIMELINE.COM,Save 20% On Mitopure®,The only clinically proven Urolithin A gummy.,"Mitopure® is the longevity supplement backed by 18+ years of research. Take two gummies daily to increase muscle strength, cellular energy, and support healthy aging.",15115,False,image248.jpg
1493265035906184,Timeline Longevity,Timeline Longevity,15 Jul 2026,,34,static,SHOP_NOW,TIMELINE.COM,Improve Muscle Health With Mitopure®,Backed by 18+ years of research.,Taking GLP-1s? Losing weight shouldn’t mean losing muscle. Mitopure® protects and strengthens your muscles without changing your exercise routine.,15115,True,image797.jpg
1594009974990621,Timeline Longevity,Timeline Longevity,24 Apr 2026,,116,video,SHOP_NOW,TIMELINE.COM,No Other Supplement Does This,Founded by MDs and PhDs.,"Mitopure® is your solution for increased strength, energy, cellular renewal, and healthier aging. Unlike other supplements, it’s backed by 18+ years of research, 25 human clinical trials, and 500+ studies.",15115,True,
2534717770280817,Timeline Longevity,Timeline Longevity,15 Jun 2026,,64,static,LEARN_MORE,TIMELINE.COM,Boost Your Brain Power & Longevity,Backed by 18+ years of research.,Suffering from brain fog? Learn the most common cognitive fatigue causes and how to optimize your mitochondria to support cognitive health.,15115,True,image69.png
4553309758289757,Timeline Longevity,Timeline Longevity,11 Aug 2026,,7,static,SHOP_NOW,TIMELINE.COM,Save 20% On Mitopure®,The only clinically proven Urolithin A gummy.,"Mitopure® is your solution for increased strength, energy, cellular renewal, and healthier aging. Unlike other supplements, it’s backed by 18+ years of research, 25 human clinical trials, and 500+ studies.",15115,True,image69.png
3241116689393958,Timeline Longevity,Timeline Longevity,16 Jul 2026,,33,video,SHOP_NOW,TIMELINE.COM,Improve Cellular Health With Mitopure®,No other supplement does this.,"Mitopure® is your solution for increased strength, energy, cellular renewal, and healthier aging. Unlike other supplements, it’s backed by 18+ years of research, 25 human clinical trials, and 500+ studies.",15115,True,
1042525662002587,Timeline Longevity,Timeline Longevity,27 Jul 2026,,22,static,SHOP_NOW,TIMELINE.COM,Target Aging At The Cellular Level,The only clinically proven Urolithin A gummy.,"Mitopure® is one of the most clinically studied longevity supplements. Take daily for increased muscle strength, more energy, improved cellular health, and healthier aging.",15115,True,image69.png
1310732417326665,Timeline Longevity,Timeline Longevity,11 Jun 2026,,68,static,SHOP_NOW,TIMELINE.COM,Backed By 18+ Years Of Research,Founded by MDs and PhDs.,"PSA: The secret to healthy aging is your mitochondria. 🧬️ Mitopure® is backed by 18+ years of research and is clinically proven to improve cellular health, muscle strength, and cellular energy.",15115,True,image892.jpg
1049999227496091,Timeline Longevity,Timeline Longevity,21 Jul 2026,,28,video,SHOP_NOW,TIMELINE.COM,Save 20% On Mitopure®,The only clinically proven Urolithin A gummy.,"Mitopure® is the longevity supplement backed by 18+ years of research. Take two gummies daily to increase muscle strength, cellular energy, and support healthy aging.",15115,False,
1515669473927740,Timeline Longevity,Timeline Longevity with Hanna Beth,11 Aug 2026,,7,video,SHOP_NOW,TIMELINE.COM,The Only Clinically Proven Urolithin A Gummy,Backed by 18+ years of research.,"My non-negotiable morning habit for healthy aging is Mitopure® Gummies. Backed by 18+ years of science, designed for stronger muscles, better cellular energy, and healthier cells.",15115,False,
2838820979807816,Timeline Longevity,Timeline Longevity,23 Jul 2026,,26,static,SHOP_NOW,TIMELINE.COM,Improve Muscle Health With Mitopure®,Backed by 18+ years of research.,"Going through menopause? Increase muscle strength, cellular energy, and age healthier with Mitopure®. The only clinically proven Urolithin A supplement.",15115,True,image69.png
2097254334160000,Timeline Longevity,Timeline Longevity with Landon Austin,11 Aug 2026,,7,video,SHOP_NOW,TIMELINE.COM,The Only Clinically Proven Urolithin A Gummy,Save 20% on a 2-month subscription.,"Feeling like I'm in my early 20's at 38. How? Mitopure® Gummies. Backed by 18+ years of science, designed for stronger muscles, better cellular energy, and healthier cells.",15115,False,
1020073623942087,Timeline Longevity,Timeline Longevity,20 Jul 2026,,29,video,SHOP_NOW,TIMELINE.COM,Improve Your Longevity With Mitopure®,Founded by MDs and PhDs.,"Mitopure® is backed by 18+ years of research, 25 human clinical trials, and 500+ studies. Take daily for increased muscle strength, more energy, improved cellular health, and healthier aging.",15115,True,
1054649797254244,Timeline Longevity,Timeline Longevity,1 Aug 2026,,17,video,SHOP_NOW,TIMELINE.COM,The Only Clinically Proven Urolithin A Gummy,Save 20% on a 2-month subscription.,"Mitopure® Gummies are backed by 18+ years of science, designed for stronger muscles, better cellular energy, and healthier cells.",15115,False,
1538517601084792,Timeline Longevity,Timeline Longevity,20 Jul 2026,,29,video,SHOP_NOW,TIMELINE.COM,Improve Muscle Health With Mitopure®,Backed by 18+ years of research.,"Going through menopause? Increase muscle strength, cellular energy, and age healthier with Mitopure®. The only clinically proven Urolithin A supplement.",15115,True,
1069115482245751,Timeline Longevity,Timeline Longevity,27 Jul 2026,,22,video,SHOP_NOW,TIMELINE.COM,Increase Muscle Strength With Mitopure®,No other supplement does this.,"Mitopure® is your solution for increased strength, energy, cellular renewal, and healthier aging. Unlike other supplements, it’s backed by 18+ years of research, 25 human clinical trials, and 500+ studies.",15115,True,
2611234065962708,Timeline Longevity,Timeline Longevity,10 Aug 2026,,8,static,SHOP_NOW,TIMELINE.COM,Improve Muscle Health With Mitopure®,No other supplement does this.,"Mitopure® is your solution for increased strength, energy, cellular renewal, and healthier aging. Unlike other supplements, it’s backed by 18+ years of research, 25 human clinical trials, and 500+ studies.",15115,True,image69.png
1524039895466523,Timeline Longevity,Timeline Longevity,28 Jul 2026,,21,static,SHOP_NOW,TIMELINE.COM,#1 Dr Recommended Urolithin A Supplement,Founded by MDs and PhDs.,"PSA: The secret to healthy aging is your mitochondria. 🧬️ Mitopure® is backed by 18+ years of research and is clinically proven to improve cellular health, muscle strength, and energy.",15115,True,image69.png
1797736257878432,Timeline Longevity,Timeline Longevity,15 Jul 2026,,34,static,SHOP_NOW,TIMELINE.COM,Stronger Muscles With Mitopure®,No other supplement does this.,"Mitopure® is backed by 18+ years of research, 25 human clinical trials, and 500+ studies. Take daily for increased muscle strength, more energy, improved cellular health, and healthier aging.",15115,True,image69.png
3395946063912658,Timeline Longevity,Timeline Longevity,2 Jun 2026,,77,video,SHOP_NOW,TIMELINE.COM,Combat Age Related Muscle Decline,Founded by MDs and PhDs.,"A supplement we both take that's going nowhere. Increased muscle strength, cellular energy, and healthier aging with Mitopure®. The only clinically proven Urolithin A gummy.",15115,True,
2285219275564130,Timeline Longevity,Timeline Longevity,13 Aug 2026,,5,static,SHOP_NOW,TIMELINE.COM,Save 20% On Mitopure®,The only clinically proven Urolithin A gummy.,"Mitopure® is your solution for increased strength, energy, cellular renewal, and healthier aging. Unlike other supplements, it’s backed by 18+ years of research, 25 human clinical trials, and 500+ studies.",15115,False,image69.png
1778306999858584,Timeline Longevity,Timeline Longevity,16 Aug 2026,,2,video,SHOP_NOW,TIMELINE.COM,Target Aging At The Cellular Level,Backed by 18+ years of research.,"Mitopure® is the longevity supplement backed by 18+ years of research. Take two gummies daily to increase muscle strength, cellular energy, and support healthy aging.",15115,False,
1356749486541732,Timeline Longevity,Timeline Longevity,10 Aug 2026,,8,static,LEARN_MORE,TIMELINE.COM,Boost Your Brain Power & Longevity,Backed by 18+ years of research.,Suffering from brain fog? Learn the most common cognitive fatigue causes and how to optimize your mitochondria to support cognitive health.,15115,False,image69.png
1658522175212534,Timeline Longevity,Timeline Longevity,30 Jul 2026,,19,video,SHOP_NOW,TIMELINE.COM,Stronger Muscles. More Energy. Healthier Aging.,Founded by MDs and PhDs.,You get all of these benefits in two gummies? No wonder my husband keeps stealing mine.,15115,True,
1552744956004540,Timeline Longevity,Timeline Longevity,6 Aug 2026,,12,video,SHOP_NOW,TIMELINE.COM,Improve Your Longevity With Mitopure®,Founded by MDs and PhDs.,"Mitopure® is backed by 18+ years of research, 25 human clinical trials, and 500+ studies. Take daily for increased muscle strength, more energy, improved cellular health, and healthier aging.",15115,True,
1746529263263694,Timeline Longevity,Timeline Longevity,10 Aug 2026,,8,static,SHOP_NOW,TIMELINE.COM,Improve Muscle Health With Mitopure®,No other supplement does this.,"Mitopure® is your solution for increased strength, energy, cellular renewal, and healthier aging. Unlike other supplements, it’s backed by 18+ years of research, 25 human clinical trials, and 500+ studies.",15115,True,image536.jpg
1715296132817889,Timeline Longevity,Timeline Longevity,2 Jun 2026,,77,video,SHOP_NOW,TIMELINE.COM,Save 20% On Mitopure®,The only clinically proven Urolithin A supplement.,"Backed by 18+ years of science, designed for stronger muscles, better cellular energy, and healthier cells.",15115,True,
3266069963572563,Timeline Longevity,Timeline Longevity,30 Jul 2026,,19,video,SHOP_NOW,TIMELINE.COM,Improve Muscle Health With Mitopure®,The only clinically proven Urolithin A gummy.,"Mitopure® is one of the most clinically studied longevity supplements. Take daily for increased muscle strength, more energy, improved cellular health, and healthier aging.",15115,True,
1572143324258497,Timeline Longevity,Timeline Longevity with Apriljoy_ful,11 Aug 2026,,7,static,SHOP_NOW,TIMELINE.COM,Improve Energy At The Cellular Level,The only clinically proven Urolithin A gummy.,"With how busy our lives are, having steady energy and strength is a top priority. Mitopure® is the longevity supplement backed by 18+ years of research. We take two gummies daily to increase muscle strength, cellular energy, and support healthy aging.",15115,True,image365.jpg
1273045411581703,Timeline Longevity,Timeline Longevity,25 Apr 2026,,115,static,SHOP_NOW,TIMELINE.COM,Save 20% On Mitopure®,The only clinically proven Urolithin A gummy.,Mitopure® is the longevity innovation backed by 18+ years of rigorous research. Clinically proven to target age-related cellular decline with just two gummies a day. Start feeling stronger and more energized within a few months of use.,15115,True,image757.jpg
1002261765789695,Timeline Longevity,Timeline Longevity,25 Apr 2026,,115,static,SHOP_NOW,TIMELINE.COM,#1 Dr Recommended Urolithin A,Founded by MDs and PhDs.,"PSA: The secret to healthy aging is your mitochondrial health. 🧬️ Mitopure® is backed by 18+ years of research and is clinically proven to improve cellular energy, muscle strength, and cellular renewal.",15115,True,image167.jpg
1597138241753719,Timeline Longevity,Timeline Longevity,17 Aug 2026,,1,video,SHOP_NOW,TIMELINE.COM,Stronger Muscles. More Energy. Healthier Aging.,Founded by MDs and PhDs.,You get all of these benefits in two gummies? No wonder my husband keeps stealing mine.,15115,False,
892603910197414,Timeline Longevity,Timeline Longevity,11 Aug 2026,,7,static,SHOP_NOW,TIMELINE.COM,Target Aging At The Cellular Level,The only clinically proven Urolithin A gummy.,"Mitopure® is one of the most clinically studied longevity supplements. Take daily for increased muscle strength, more energy, improved cellular health, and healthier aging.",15115,False,image1030.jpg
1557680105841347,Timeline Longevity,Timeline Longevity with Heather Ray,11 Aug 2026,,7,static,SHOP_NOW,TIMELINE.COM,Target Aging At The Source,The only clinically proven Urolithin A gummy.,"In my 40's I've never felt better since starting Timeline Mitopure® Gummies. They're Backed by 18+ years of science, designed for stronger muscles, better cellular energy, and healthier cells.",15115,True,image711.jpg
1794816791508701,Timeline Longevity,Timeline Longevity,11 Aug 2026,,7,static,SHOP_NOW,TIMELINE.COM,Save 20% On Mitopure®,The only clinically proven Urolithin A gummy.,"Mitopure® is your solution for increased strength, energy, cellular renewal, and healthier aging. Unlike other supplements, it’s backed by 18+ years of research, 25 human clinical trials, and 500+ studies.",15115,True,image1186.jpg
2074480619852352,Timeline Longevity,Timeline Longevity,9 Jul 2026,,40,static,SHOP_NOW,TIMELINE.COM,No Other Supplement Does This,Founded by MDs and PhDs.,"Mitopure® is your solution for increased strength, energy, cellular renewal, and healthier aging. Unlike other supplements, it’s backed by 18+ years of research, 25 human clinical trials, and 500+ studies.",15115,False,image1097.jpg
2376140909561819,Timeline Longevity,Timeline Longevity,24 Apr 2026,,116,video,SHOP_NOW,TIMELINE.COM,Target Aging At The Cellular Level,Backed by 18+ years of research.,"Mitopure® is the longevity supplement backed by 18+ years of research. Take two gummies daily to increase muscle strength, cellular energy, and support healthy aging.",15115,True,
1078667801399779,Timeline Longevity,Timeline Longevity,30 Jul 2026,,19,video,SHOP_NOW,TIMELINE.COM,Backed By 18+ Years Of Research,Save 20% on a 2-month subscription.,"Combat mitochondrial decline with Mitopure® Gummies. The only clinically proven Urolithin A supplement to increase muscle strength, cellular energy, and support healthy aging.",15115,True,
994630259925152,Timeline Longevity,Timeline Longevity,11 Jun 2026,,68,static,SHOP_NOW,TIMELINE.COM,Improve Your Longevity With Mitopure®,Founded by MDs and PhDs.,Mitopure® is the longevity innovation backed by 18+ years of rigorous research. Clinically proven to target age-related cellular decline with just two softgels a day. Start feeling stronger and more energized within a few months of use.,15115,True,image1342.jpg
2214938919265245,Timeline Longevity,Timeline Longevity,15 Jun 2026,,64,static,LEARN_MORE,TIMELINE.COM,Stay Strong After 50,Backed by 18+ years of research.,"Learn how women can build and maintain muscle after 50 through strength training, nutrition, and targeted supplements to stay strong and vibrant.",15115,True,image345.jpg
2055339668401364,Timeline Longevity,Timeline Longevity,15 Jul 2026,,34,video,SHOP_NOW,TIMELINE.COM,Improve Muscle Health With Mitopure®,The only clinically proven Urolithin A gummy.,"Mitopure® is one of the most clinically studied longevity supplements. Take daily for increased muscle strength, more energy, improved cellular health, and healthier aging.",15115,True,
1931264497590391,Timeline Longevity,Timeline Longevity,9 Jun 2026,,70,video,SHOP_NOW,TIMELINE.COM,No Other Supplement Does This,Backed by 18+ years of research.,"Feel the difference with the only clinically proven Urolithin A supplement. Increased muscle strength, cellular energy, and healthier aging with Mitopure® by Timeline.",15115,True,
1843511736622328,Timeline Longevity,Timeline Longevity,16 Jul 2026,,33,video,SHOP_NOW,TIMELINE.COM,Improve Muscle Health With Mitopure®,No other supplement does this.,"Mitopure® is your solution for increased strength, energy, cellular renewal, and healthier aging. Unlike other supplements, it’s backed by 18+ years of research, 25 human clinical trials, and 500+ studies.",15115,True,
1488288439370924,Timeline Longevity,Timeline Longevity,14 May 2026,,96,video,SHOP_NOW,TIMELINE.COM,The Only Clinically Proven Urolithin A Gummy,Founded by MDs and PhDs.,"Mitopure® is your solution for increased strength, energy, cellular renewal, and healthier aging. Unlike other supplements, it’s backed by 18+ years of research, 25 human clinical trials, and 500+ studies.",15115,True,
1068460408869253,Timeline Longevity,Timeline Longevity,15 Aug 2026,,3,static,SHOP_NOW,TIMELINE.COM,Improve Muscle Health With Mitopure®,No other supplement does this.,"Mitopure® is your solution for increased strength, energy, cellular renewal, and healthier aging. Unlike other supplements, it’s backed by 18+ years of research, 25 human clinical trials, and 500+ studies.",15115,False,image69.png
1775844993863802,Timeline Longevity,Timeline Longevity,7 Aug 2026,,11,static,SHOP_NOW,TIMELINE.COM,Save 20% On Mitopure®,The only clinically proven Urolithin A gummy.,Mitopure® is the longevity innovation backed by 18+ years of rigorous research. Clinically proven to target age-related cellular decline with just two gummies a day. Start feeling stronger and more energized within a few months of use.,15115,False,image69.png
2551033408643354,Timeline Longevity,Hanna Beth with Timeline Longevity,14 Aug 2026,,4,video,SHOP_NOW,TIMELINE.COM,The Only Clinically Proven Urolithin A Gummy,Backed by 18+ years of research.,"My non-negotiable morning habit for healthy aging is Mitopure® Gummies. Backed by 18+ years of science, designed for stronger muscles, better cellular energy, and healthier cells.",104721,False,
3478975968930733,Timeline Longevity,Timeline Longevity,30 Jul 2026,,19,video,SHOP_NOW,TIMELINE.COM,The Only Clinically Proven Urolithin A Gummy,Save 20% on a 2-month subscription.,"Sustained energy is not about another quick hit of caffeine. Mitopure® Gummies are backed by 18+ years of science, designed for stronger muscles, better cellular energy, and healthier cells.",15115,True,
2296157287590233,Timeline Longevity,Timeline Longevity with Micah’s page,11 Aug 2026,,7,static,SHOP_NOW,TIMELINE.COM,#1 Dr Recommended Urolithin A,Backed by 18+ years of research.,"As a dad, Mitopure® helps me balance it all. Knowing I'm increasing strength and energy with two gummies daily is a game-changer.",15115,True,image69.png
1800707091366767,Timeline Longevity,Timeline Longevity,6 Aug 2026,,12,video,SHOP_NOW,TIMELINE.COM,No Other Supplement Does This,Founded by MDs and PhDs.,"Mitopure® is backed by 18+ years of research, 25 human clinical trials, and 500+ studies. Take daily for increased muscle strength, more energy, improved cellular health, and healthier aging.",15115,True,
1728663548280289,Timeline Longevity,Timeline Longevity,15 Aug 2026,,3,video,SHOP_NOW,TIMELINE.COM,Increase Muscle Strength With Mitopure®,No other supplement does this.,"Mitopure® is your solution for increased strength, energy, cellular renewal, and healthier aging. Unlike other supplements, it’s backed by 18+ years of research, 25 human clinical trials, and 500+ studies.",15115,False,
1290094503045399,Timeline Longevity,Timeline Longevity,24 Apr 2026,,116,video,SHOP_NOW,TIMELINE.COM,Healthier Cells With Mitopure®,Founded by MDs and PhDs.,"PSA: The secret to healthy aging is your mitochondria. 🧬️ Mitopure® is backed by 18+ years of research and is clinically proven to improve cellular health, muscle strength, and cellular energy.",15115,True,
1806168254094052,Timeline Longevity,Timeline Longevity with Miss_rissaann,11 Aug 2026,,7,static,SHOP_NOW,TIMELINE.COM,No Other Supplement Does This,Save 20% on a 2-month subscription.,"In my 30's I simplified my supplement stack and only take this necessity for aging. Mitopure® is a longevity supplement made by scientists and backed by 18+ years of research. Clinically proven to increase muscle strength, cellular energy, and support healthy aging.",15115,True,image947.jpg
1557894149206320,Timeline Longevity,Paige with Timeline Longevity,12 Aug 2026,,6,static,SHOP_NOW,TIMELINE.COM,Target Aging At The Cellular Level,Backed by 18+ years of research.,"My secret to feeling better even as I get older? Timeline's Longevity Gummies. Mitopure is clinically proven to improve cellular renewal, increasing muscle strength, energy, and supporting healthy aging.",451,False,image69.png
1376053031149607,Timeline Longevity,Timeline Longevity,27 Jul 2026,,22,static,SHOP_NOW,TIMELINE.COM,Backed By 18+ Years Of Research,Founded by MDs and PhDs.,"PSA: The secret to healthy aging is your mitochondria. 🧬️ Mitopure® is backed by 18+ years of research and is clinically proven to improve cellular health, muscle strength, and cellular energy.",15115,True,image69.png
1580270853460417,Timeline Longevity,Timeline Longevity,2 Jul 2026,,47,static,SHOP_NOW,TIMELINE.COM,No Other Supplement Does This,Backed by 18+ years of research.,"Going through menopause? Support muscle strength, cellular energy, and healthier aging with Mitopure®. The only clinically proven Urolithin A supplement.",15115,True,image206.jpg
3667630796718369,Timeline Longevity,Timeline Longevity,14 Aug 2026,,4,video,LEARN_MORE,TIMELINE.COM,Improve Your Longevity With Mitopure®,Founded by MDs and PhDs.,"Why choose Mitopure®? Unlike other supplements, it’s backed by 18+ years of research, 25 human clinical trials, and 500+ studies. Take daily for increased muscle strength, more energy, improved cellular health, and healthier aging.",15115,False,
1470543548434453,Timeline Longevity,Timeline Longevity,28 Jul 2026,,21,static,SHOP_NOW,TIMELINE.COM,#1 Dr Recommended Urolithin A Supplement,Backed by 18+ years of research.,"Feel the difference with the only clinically proven Urolithin A supplement. Increased muscle strength, cellular energy, and healthier aging with Mitopure® by Timeline.",15115,True,image1265.jpg
1855197338791459,Timeline Longevity,Timeline Longevity,30 Jun 2026,,49,static,SHOP_NOW,TIMELINE.COM,Energize Your Cells With Mitopure®,Backed by 18+ years of research.,"More energy this Summer thanks to Mitopure® - one of the most clinically studied longevity supplements. Take daily for increased muscle strength, more energy, improved cellular health, and healthier aging.",15115,True,image716.jpg
1973439973375988,Timeline Longevity,Timeline Longevity,5 Aug 2026,,13,video,SHOP_NOW,TIMELINE.COM,Stronger Muscles. More Energy. Healthier Aging.,No other supplement does this.,In my 40's this is a non-negotiable. Simplify your supplement routine with Mitopure® Gummies. The leading longevity and cellular health supplement backed by 18+ years of research.,15115,True,
3661709297311249,Timeline Longevity,Timeline Longevity,3 Jul 2026,,46,static,SHOP_NOW,TIMELINE.COM,Backed By 18+ Years Of Research,Founded by MDs and PhDs.,"PSA: The secret to healthy aging is your mitochondria. 🧬️ Mitopure® is backed by 18+ years of research and is clinically proven to improve cellular health, muscle strength, and cellular energy.",15115,False,image69.png
973667795729389,Timeline Longevity,Timeline Longevity,13 Aug 2026,,5,video,SHOP_NOW,WWW.TIMELINE.COM,Timeline Longevity,,"Stop trying all kinds of supplements that don't power your body at the cellular level. Mitopure® is the leading longevity and cellular health supplement that clinically proven to increase muscle strength, cellular energy, and support healthy aging.",15115,False,
1528035305580783,Timeline Longevity,Timeline Longevity,1 Jun 2026,,78,static,SHOP_NOW,TIMELINE.COM,Increase Muscle Strength With Mitopure®,Founded by MDs and PhDs.,"Increased muscle strength, cellular energy, and healthier aging with Mitopure®. Try the longevity supplement backed by 18+ years of research, 25 human clinical trials, and 500+ studies.",15115,True,image406.jpg
1597764041940776,Timeline Longevity,Timeline Longevity,13 Jul 2026,,36,static,SEE_DETAILS,TIMELINE.COM,The Only Clinically Proven Urolithin A Gummy,Save 20% on a 2-month subscription.,Mitopure® is the longevity innovation backed by 18+ years of rigorous research. Start feeling stronger and more energized within a few months of use.,15115,True,image1003.jpg
26653876737606671,Timeline Longevity,Timeline Longevity,26 Apr 2026,,114,static,LEARN_MORE,TIMELINE.COM,Rejuvenate Immune Function With Mitopure®,New MitoImmune Study.,"Your immune system does more than fight off illness. It’s a key driver of biological aging, and a strong predictor of longevity. Now, a groundbreaking new study just published in Nature Aging shows how Mitopure® can help keep the immune system healthier, for longer. TL;DR: This is big.",15115,True,image202.jpg
2357613635047445,Timeline Longevity,Timeline Longevity,4 Aug 2026,,14,static,SHOP_NOW,TIMELINE.COM,Improve Muscle Health With Mitopure®,Backed by 18+ years of research.,Taking GLP-1s? Losing weight shouldn’t mean losing muscle. Mitopure® protects and strengthens your muscles without changing your exercise routine.,15115,False,image797.jpg
1626650958592380,Timeline Longevity,Timeline Longevity,11 May 2026,,99,static,SHOP_NOW,TIMELINE.COM,The Only Clinically Proven Urolithin A Gummy,Save 20% on a 2-month subscription.,"Mitopure® Gummies are backed by 18+ years of science, designed for stronger muscles, better cellular energy, and healthier cells.",15115,True,image233.jpg
1903240533920278,Timeline Longevity,Timeline Longevity,22 Jul 2026,,27,static,SHOP_NOW,TIMELINE.COM,Target Aging At The Source,Founded by MDs and PhDs.,"Why choose Mitopure®? Unlike other supplements, it’s backed by 18+ years of research, 25 human clinical trials, and 500+ studies. Take daily for increased muscle strength, more energy, improved cellular health, and healthier aging.",15115,True,image69.png
946445711356093,Timeline Longevity,Timeline Longevity,24 Apr 2026,,116,video,SHOP_NOW,TIMELINE.COM,Target Aging At The Cellular Level,Backed by 18+ years of research.,"Mitopure® is the longevity supplement backed by 18+ years of research. Take two gummies daily to increase muscle strength, cellular energy, and support healthy aging.",15115,True,
1081060257657105,Timeline Longevity,Timeline Longevity with Rehab With Roni,11 Aug 2026,,7,video,SHOP_NOW,TIMELINE.COM,Target Aging At The Cellular Level,The only clinically proven Urolithin A gummy.,"As a physical therapist, this is my recommendation for targeting a root cause of aging. The future of healthy aging is here: Mitopure® Gummies. Backed by 18+ years of science, designed for stronger muscles, better cellular energy, and healthier cells.",15115,True,
4472099119744512,Timeline Longevity,Timeline Longevity,26 Apr 2026,,114,static,SHOP_NOW,TIMELINE.COM,No Other Supplement Does This,Founded by MDs and PhDs.,"Increased cellular energy, stronger muscles, and improved cellular health as you age. Mitopure® is backed by 18+ years of research and is clinically proven to target the root causes of aging.",15115,True,image542.jpg
2520065105112662,Timeline Longevity,Timeline Longevity,6 Aug 2026,,12,video,SHOP_NOW,TIMELINE.COM,Improve Your Longevity With Mitopure®,Founded by MDs and PhDs.,"Mitopure® is backed by 18+ years of research, 25 human clinical trials, and 500+ studies. Take daily for increased muscle strength, more energy, improved cellular health, and healthier aging.",15115,True,
957486686767777,Timeline Longevity,Timeline Longevity,8 May 2026,,102,static,SHOP_NOW,TIMELINE.COM,Target Aging At The Cellular Level,The only clinically proven Urolithin A gummy.,"Mitopure® is one of the most clinically studied longevity supplements. Take daily for increased muscle strength, more energy, improved cellular health, and healthier aging.",15115,True,image1547.jpg
1772824190408560,Timeline Longevity,Timeline Longevity,31 Jul 2026,,18,static,SHOP_NOW,TIMELINE.COM,Save 20% On Mitopure®,The only clinically proven Urolithin A gummy.,Mitopure® is the longevity innovation backed by 18+ years of rigorous research. Clinically proven to target age-related cellular decline with just two gummies a day. Start feeling stronger and more energized within a few months of use.,15115,False,image1075.jpg
1986572915326087,Timeline Longevity,Timeline Longevity,15 Jul 2026,,34,static,LEARN_MORE,TIMELINE.COM,Improve Muscle Health With Mitopure®,Backed by 18+ years of research.,The key to better aging? More muscle strength. Mitopure® is clinically proven to increase muscle strength without changing your exercise routine.,15115,True,image1032.jpg
1558586315748638,Timeline Longevity,Timeline Longevity,30 Jul 2026,,19,video,SHOP_NOW,TIMELINE.COM,Backed By 18+ Years Of Research,Save 20% on a 2-month subscription.,"The missing piece to your supplement routine -- Mitopure® Gummies. The only clinically proven Urolithin A supplement to increase muscle strength, cellular energy, and support healthy aging.",15115,True,
1002517719135200,Timeline Longevity,Timeline Longevity,14 May 2026,,96,video,SHOP_NOW,TIMELINE.COM,#1 Dr Recommended Urolithin A,No other supplement does this.,"Mitopure® is backed by 18+ years of research, 25 human clinical trials, and 500+ studies. Take daily for increased muscle strength, more energy, improved cellular health, and healthier aging.",15115,True,
917105624189400,Timeline Longevity,Timeline Longevity with Melissa Metrano,11 Aug 2026,,7,video,SHOP_NOW,TIMELINE.COM,No Other Supplement Does This,The only clinically proven Urolithin A supplement.,"In my 30's I have simplified my supplement stack but with Mitopure® Gummies is a non-negotiable. Unlike other supplements, it’s backed by 18+ years of research, 25 human clinical trials, and 500+ studies. Take daily for increased muscle strength, more energy, improved cellular health, and healthier aging.",15115,True,
1427882512534107,Timeline Longevity with Whealth with Meag,Timeline Longevity with Whealth with Meag,11 Aug 2026,,7,video,SHOP_NOW,TIMELINE.COM,Save 20% On Mitopure®,The only clinically proven Urolithin A gummy.,The supplement I wish I started earlier. Mitopure® is the longevity innovation backed by 18+ years of rigorous research. Clinically proven to target age-related cellular decline with just two gummies a day. Start feeling stronger and more energized within a few months of use.,15115,True,
3435334639979210,Timeline Longevity,Timeline Longevity,9 Aug 2026,,9,video,SHOP_NOW,TIMELINE.COM,Improve Cellular Health With Mitopure®,No other supplement does this.,"Mitopure® is your solution for increased strength, energy, cellular renewal, and healthier aging. Unlike other supplements, it’s backed by 18+ years of research, 25 human clinical trials, and 500+ studies.",15115,False,
1530018048707782,Timeline Longevity,Timeline Longevity,15 Jun 2026,,64,static,SHOP_NOW,TIMELINE.COM,No Other Supplement Does This,Founded by MDs and PhDs.,"Mitopure® is backed by 18+ years of research, 25 human clinical trials, and 500+ studies. Take daily for increased muscle strength, more energy, improved cellular health, and healthier aging.",15115,True,image1401.jpg
27070670985896909,Timeline Longevity,Timeline Longevity,20 May 2026,,90,video,SHOP_NOW,TIMELINE.COM,#1 Dr Recommended Urolithin A,Founded by MDs and PhDs.,"Mitopure® is backed by 18+ years of research, 25 human clinical trials, and 500+ studies. Take daily for increased muscle strength, more energy, improved cellular health, and healthier aging.",15115,False,
987225587693993,Timeline Longevity,Timeline Longevity with Apriljoy_ful,11 Aug 2026,,7,video,SHOP_NOW,TIMELINE.COM,Improve Energy At The Cellular Level,The only clinically proven Urolithin A gummy.,"With how busy our lives are, having steady energy and strength is a top priority. Mitopure® is the longevity supplement backed by 18+ years of research. We take two gummies daily to increase muscle strength, cellular energy, and support healthy aging.",15115,True,
27657118563930708,Timeline Longevity,Timeline Longevity,22 Jul 2026,,27,static,SHOP_NOW,TIMELINE.COM,No Other Supplement Does This,Backed by 18+ years of research.,"Going through menopause? Support muscle strength, cellular energy, and healthier aging with Mitopure®. The only clinically proven Urolithin A supplement.",15115,False,image69.png
27202617942753923,Timeline Longevity,Timeline Longevity,13 Jul 2026,,36,static,SHOP_NOW,TIMELINE.COM,Energize Your Cells With Mitopure®,Backed by 18+ years of research.,"Feel the difference with the only clinically proven Urolithin A supplement. Increased muscle strength, cellular energy, and healthier aging with Mitopure® by Timeline.",15115,True,image69.png
1697303641532145,Timeline Longevity,Timeline Longevity,15 Jul 2026,,34,static,SHOP_NOW,TIMELINE.COM,No Other Supplement Does This,Founded by MDs and PhDs.,Mitopure® is the longevity innovation backed by 18+ years of rigorous research. Clinically proven to target age-related cellular decline with just two softgels a day. Start feeling stronger and more energized within a few months of use.,15115,True,image1491.jpg
1974149116554688,Timeline Longevity,Timeline Longevity,4 Aug 2026,,14,video,SHOP_NOW,TIMELINE.COM,Save 20% On Mitopure®,The only clinically proven Urolithin A gummy.,"Weight loss, workouts, or just everyday life — muscle health is key to longevity. Support yours with Mitopure®.",15115,False,
1477612410721654,Timeline Longevity,Timeline Longevity,15 Jul 2026,,34,static,LEARN_MORE,TIMELINE.COM,Improve Muscle Health With Mitopure®,Backed by 18+ years of research.,The key to better aging? More muscle strength. Mitopure® is clinically proven to increase muscle strength without changing your exercise routine.,15115,True,image565.jpg
4054347311364454,Timeline Longevity,Timeline Longevity,30 Jul 2026,,19,video,SHOP_NOW,TIMELINE.COM,#1 Dr Recommended Urolithin A,Backed by 18+ years of research.,"Over 35? You need this supplement to as you age. Mitopure® is the leading longevity and cellular health supplement that clinically proven to increase muscle strength, cellular energy, and support healthy aging.",15115,True,
1630404855268439,Timeline Longevity,Timeline Longevity,5 Aug 2026,,13,static,SHOP_NOW,TIMELINE.COM,Improve Muscle Health With Mitopure®,Backed by 18+ years of research.,"Going through menopause? Increase muscle strength, cellular energy, and age healthier with Mitopure®. The only clinically proven Urolithin A supplement.",15115,False,image1558.jpg
971596519234171,Timeline Longevity,Timeline Longevity with Landon Austin,11 Aug 2026,,7,static,SHOP_NOW,TIMELINE.COM,The Only Clinically Proven Urolithin A Gummy,Save 20% on a 2-month subscription.,"Feeling like I'm in my early 20's at 38. How? Mitopure® Gummies. Backed by 18+ years of science, designed for stronger muscles, better cellular energy, and healthier cells.",15115,True,image69.png
944857685323069,Timeline Longevity,Timeline Longevity,30 Jul 2026,,19,video,SHOP_NOW,TIMELINE.COM,Age Healthier With Mitopure®,Backed by 18+ years of research.,"Mitopure® is one of the most clinically studied longevity supplements. Take daily for increased muscle strength, more energy, improved cellular health, and healthier aging.",15115,True,
1067572106205208,Timeline Longevity with Whealth with Meag,Timeline Longevity with Whealth with Meag,12 Aug 2026,,6,static,SHOP_NOW,TIMELINE.COM,Energize Your Cells With Mitopure®,Backed by 18+ years of research.,Entering my 30s stronger and more energized thanks to this daily habit. Stop age related cellular decline with Mitopure®. The first clinically proven Urolithin A supplement.,15115,True,image648.jpg
2059779698755585,Timeline Longevity,Timeline Longevity,28 Apr 2026,,112,static,LEARN_MORE,TIMELINE.COM,Rejuvenate Immune Function With Mitopure®,New MitoImmune Study.,"Your immune system does more than fight off illness. It’s a key driver of biological aging, and a strong predictor of longevity. Now, a groundbreaking new study just published in Nature Aging shows how Mitopure® can help keep the immune system healthier, for longer. TL;DR: This is big.",15115,True,image649.jpg
1044319658205786,Timeline Longevity,Timeline Longevity with Health With Hunter,11 Aug 2026,,7,video,SHOP_NOW,TIMELINE.COM,No Other Supplement Does This,Founded by MDs and PhDs.,"As a certified health coach this supplement is a non-negotiable. Increase your cellular renewal with the #1 Dr. recommended Urolithin A supplement. Take two softgels daily to increase muscle strength, cellular energy, and support healthy aging.",15115,True,
1769324704031256,Timeline Longevity,Timeline Longevity,25 Apr 2026,,115,video,SHOP_NOW,TIMELINE.COM,#1 Dr Recommended Urolithin A,Founded by MDs and PhDs.,"Mitopure® is backed by 18+ years of research, 25 human clinical trials, and 500+ studies. Take daily for increased muscle strength, more energy, improved cellular health, and healthier aging.",15115,True,
2260390454777605,Timeline Longevity,Timeline Longevity,30 Jun 2026,,49,static,SHOP_NOW,TIMELINE.COM,Improve Your Longevity With Mitopure®,Backed by 18+ years of research.,"Living this Summer to the fullest thanks to Mitopure® - one of the most clinically studied longevity supplements. Take daily for increased muscle strength, more energy, improved cellular health, and healthier aging.",15115,True,image69.png
1753324155745373,Timeline Longevity,Timeline Longevity,12 Jun 2026,,67,static,SHOP_NOW,TIMELINE.COM,Backed By 18+ Years Of Research,Founded by MDs and PhDs.,The key to better aging? More muscle strength. Mitopure® is clinically proven to increase muscle strength without changing your exercise routine.,15115,True,image226.jpg
1674947790378998,Renue By Science,Renue By Science,10 Jun 2026,69.3,69,static,SHOP_NOW,RENUEBYSCIENCE.COM,"Live Better, Longer.","Stop Guessing, Buy Tested NMN and Boost Your Energy Now","Don’t risk pricey “maybe” supplements. Get ultra-pure (>99%) NMN with third-party testing and published COAs so you know what you’re taking. Add 500 mg per scoop to your routine and support steady energy, focus, and long-term resilience—order now.
Lock in a simple daily NMN routine with Renue's Pure NMN Powder",3115,False,image1424.jpg
1449800780513129,Renue By Science,Renue By Science,9 Jun 2026,70.3,70,static,SHOP_NOW,RENUEBYSCIENCE.COM,"Live Better, Longer.","Stop Guessing, Buy Tested NMN and Boost Your Energy Now","Don’t risk pricey “maybe” supplements. Get ultra-pure (>99%) NMN with third-party testing and published COAs so you know what you’re taking. Add 500 mg per scoop to your routine and support steady energy, focus, and long-term resilience—order now.
Lock in a simple daily NMN routine with Renue's Pure NMN Powder",3115,False,image482.jpg
1373896897985049,Renue By Science,Renue By Science,10 Jun 2026,69.3,69,static,SHOP_NOW,RENUEBYSCIENCE.COM,"Live Better, Longer.","Stop Guessing, Buy Tested NMN and Boost Your Energy Now","Don’t risk pricey “maybe” supplements. Get ultra-pure (>99%) NMN with third-party testing and published COAs so you know what you’re taking. Add 500 mg per scoop to your routine and support steady energy, focus, and long-term resilience—order now.
Lock in a simple daily NMN routine with Renue's Pure NMN Powder",3115,False,image336.jpg
2814535948897657,Renue By Science,Renue By Science,25 Jun 2026,54.3,54,video,SHOP_NOW,RENUEBYSCIENCE.COM,"Live Better, Longer.",Small Daily Habit. Compounding Cellular Support.,NAD+ levels naturally decline over time. NMN is a direct precursor that supports the body's production. Daily consistency matters more than any single dose. Renue By Science.,3115,False,
1045136457943880,Renue By Science,Renue By Science,10 Jun 2026,69.3,69,video,SHOP_NOW,RENUEBYSCIENCE.COM,"Live Better, Longer.","Subtle, but Stronger Every Day","NMN works in layers. The early shift can feel subtle. The longer the routine, the more it builds. NMN Pure Powder is high purity, independently tested, no fillers for that powered up feeling every day.",3115,False,
1028084529770907,Renue By Science,Renue By Science,17 Jun 2026,62.3,62,video,SHOP_NOW,RENUEBYSCIENCE.COM,"Live Better, Longer.",One Scoop. Daily Cellular Support.,"Inflammation is one of the most studied topics in health science for a reason.
Researchers continue exploring how inflammation and oxidative stress influence aging, recovery, and cellular health over time. Resveratrol Powder provides a powerful antioxidant researched for inflammation support, oxidative stress support, and healthy aging.",3115,False,
1380182073964472,Renue By Science,Renue By Science,25 Jun 2026,54.3,54,static,SHOP_NOW,RENUEBYSCIENCE.COM,Skin Science That Thinks Ahead,Does your skin look older than you feel?,"If your skin looks more tired than you feel, you are not alone. Renue Blue Face Serum works from within, by boosting NAD+ levels, improving daily hydration and visible support for tone, texture, firmness, redness, fine lines and hyperpigmentation.",3115,False,image1174.jpg
3758946384245372,Renue By Science,Renue By Science,25 Jun 2026,54.3,54,video,SHOP_NOW,RENUEBYSCIENCE.COM,Skin Science That Thinks Ahead,This Isn't Your Typical Face Serum.,"Renue Blue Face Serum was created for those looking beyond basic skincare. With longevity-inspired ingredients and advanced delivery technology, it's designed to support smoother-looking skin, improved radiance, and long-term skin health.",3115,False,
27145596951774860,Renue By Science,Renue By Science,9 Jun 2026,70.3,70,video,SHOP_NOW,RENUEBYSCIENCE.COM,Skin Science That Thinks Ahead,Longevity science in every drop.,"Beauty starts deeper than the surface. Renue Blue Face Serum brings NAD+, NMN, and advanced liposomal science together to support brighter, smoother, healthier-looking skin. Not just skincare. Longevity science in every drop.",3115,False,
1638728220550236,Renue By Science,Renue By Science,25 Jun 2026,54.3,54,video,SHOP_NOW,RENUEBYSCIENCE.COM,"Live Better, Longer.",One Molecule. Big Job.,NMN converts to NAD+ in a single enzymatic step. NAD+ supports energy production in every cell. That's why daily NMN is daily cellular wellness.,3115,False,
1712819569952728,Renue By Science,Renue By Science,31 Jul 2026,18.3,18,video,SHOP_NOW,RENUEBYSCIENCE.COM,"Live Better, Longer.",Greater Vitality in 30 Days,"NAD+ is an essential molecule your body needs for energy and cellular function, but it declines as you age. NMN is a direct precursor your body uses to make NAD+. In a human clinical trial, it raised NAD+ levels in as little as 30 days.
Renue by Science NMN Pure Powder is over 99% pure, third-party tested, no fillers or additives. Take it under your tongue or mix it into your favorite drink. Try it for 30 days and feel the difference.",3115,False,
1080296914940077,Renue By Science,Renue By Science,5 Aug 2026,13.3,13,video,SHOP_NOW,RENUEBYSCIENCE.COM,"Live Better, Longer.",Healthy Aging from the Inside Out,"Your cells run on energy, and a molecule called NAD+ is key to making it. As you age, your NAD+ levels naturally decline.
Renue by Science NMN Pure Powder helps support healthy NAD+ for the cellular energy that keeps you going, day after day. Over 99% pure, third-party tested, and made to slip into the routine you already have.",3115,False,
1545800660407643,Renue By Science,Renue By Science,17 Jun 2026,62.3,62,video,SHOP_NOW,RENUEBYSCIENCE.COM,Skin Science That Thinks Ahead,Wake Up to Better Skin.,"The skincare of your dreams may be closer than you think.
Renue Blue Face Serum combines advanced skin science with a luxurious daily ritual designed to support healthier-looking, more radiant skin.",3115,False,
1018694273894673,Renue By Science,Renue By Science,25 Jun 2026,54.3,54,video,SHOP_NOW,RENUEBYSCIENCE.COM,"Live Better, Longer.",This drops more every decade.,"NAD+ is one of the most critical molecules in longevity medicine. Levels drop about 50% between the ages of 20 and 50, and that decline affects how cells produce energy, repair damage, and stay resilient. NMN gives the body the building blocks it needs to support NAD+ at the source.",3115,False,
1304487408092930,Renue By Science,Renue By Science,28 Jun 2026,51.3,51,static,SHOP_NOW,RENUEBYSCIENCE.COM,Renue Blue Face Cream,$69,"If your skin looks more tired than you feel, you are not alone. Renue Blue Face Serum works from within, by boosting NAD+ levels, improving daily hydration and visible support for tone, texture, firmness, redness, fine lines and hyperpigmentation.",3115,True,image955.jpg
1368690968472688,Renue By Science,Renue By Science,23 Jun 2026,56.3,56,static,SHOP_NOW,RENUEBYSCIENCE.COM,Renue Blue Face Cream,$69,"The skincare of your dreams may be closer than you think.
Renue Blue Face Serum combines advanced skin science with a luxurious daily ritual designed to support healthier-looking, more radiant skin.",3115,True,image955.jpg
927161413730988,Renue By Science,Renue By Science,12 Jul 2026,37.3,37,static,SHOP_NOW,RENUEBYSCIENCE.COM,Renue Blue Body Moisturizing Cream,,"Renue Blue Face Serum was created for those looking beyond basic skincare. With longevity-inspired ingredients and advanced delivery technology, it's designed to support smoother-looking skin, improved radiance, and long-term skin health.",3115,True,image1092.jpg
2084695859144363,Renue By Science,Renue By Science,9 Jun 2026,70.3,70,video,SHOP_NOW,RENUEBYSCIENCE.COM,"Live Better, Longer.","Longevity, minus the chaos","The internet's version of healthy aging keeps adding more. More pills, more protocols, more steps. One of the most researched longevity compounds is simple. Trans-Resveratrol, studied for metabolism, antioxidant activity, and cellular function. One scoop. No chaos.",3115,False,
2859824614416579,Renue By Science,Renue By Science,3 Aug 2026,15.3,15,video,SHOP_NOW,RENUEBYSCIENCE.COM,The Same Science. Now For Your Pets.,Extra Oomph for Your Aging Dog,"Everyone assumes a youthful 13-year-old dog is just good genes. But it's not about the breed, it's about the routine. Dogs who still love their walks and playtime deep into their senior years often share one thing: daily nutrition support like Pet NMN longevity chews.
One chew a day packs in liposomal NMN, resveratrol, glucosamine, and chondroitin to support healthy aging, mobility, and everyday vitality. Give your dog a little extra for more vibrant years.",3115,False,
1040991474929152,Renue By Science,Renue By Science,25 Jun 2026,54.3,54,video,SHOP_NOW,RENUEBYSCIENCE.COM,Skin Science That Thinks Ahead,Real Science Your Skin Can Wear,"Everyone is investing in skincare devices. But what about the skincare itself? Renue Blue Face Serum combines liposomal delivery technology with ingredients designed to support hydration, barrier function, and healthy-looking skin.",3115,False,
1897419874267158,Renue By Science,Renue By Science,25 Jun 2026,54.3,54,video,SHOP_NOW,RENUEBYSCIENCE.COM,"Live Better, Longer.",Show Up for Every Level,"Every day pulls in different directions. Workouts, work, family, the next thing. NMN supports cellular energy at the source so the routine has something to lean on.
Pure NMN Powder. High purity. Independently tested.",3115,False,
2292447141560253,Renue By Science,Renue By Science,25 Jun 2026,54.3,54,video,SHOP_NOW,RENUEBYSCIENCE.COM,"Live Better, Longer.",From Blaming Age to Supporting Cells.,NAD+ naturally declines over time. NMN supports the body's ability to produce it. Consistent daily use supports steady cellular energy production. Not a rush. A foundation for the future. Renue By Science.,3115,False,
1348989237170173,Renue By Science,Renue By Science,9 Jun 2026,70.3,70,video,SHOP_NOW,RENUEBYSCIENCE.COM,"Live Better, Longer.",Support for changing conditions.,"Today’s internal forecast includes high pressure, increased heat, and scattered inflammation following repetitive movement. Long-term systems remain active across highly used regions.
Resveratrol Powder from Renue By Science helps support a healthy inflammatory response before things start overheating.",3115,False,
2891970657823625,Renue By Science,Renue By Science,25 Jun 2026,54.3,54,video,SHOP_NOW,RENUEBYSCIENCE.COM,"Live Better, Longer.",What NAD+ Does and Why It Matters.,"NAD+ is a molecule the body naturally produces to support cellular energy and repair processes. Levels decline with age. NMN is a direct precursor.
High-purity NMN powder from Renue By Science. Simple daily support.",3115,False,
1026680593226955,Renue By Science,Renue By Science,25 Jun 2026,54.3,54,static,SHOP_NOW,RENUEBYSCIENCE.COM,Skin Science That Thinks Ahead,Does your skin look older than you feel?,"If your skin looks more tired than you feel, you are not alone. Renue Blue Face Serum works from within, by boosting NAD+ levels, improving daily hydration and visible support for tone, texture, firmness, redness, fine lines and hyperpigmentation.",3115,False,image979.jpg
26686996790978416,Renue By Science,Renue By Science,9 Jun 2026,70.3,70,video,SHOP_NOW,RENUEBYSCIENCE.COM,Skin Science That Thinks Ahead,The serum worth being obsessed with.,"Obsessed with Renue Blue Face Serum. Liposomal methylene blue plus NAD+ complex. Pumps in, sinks fast, glowier skin. If a new serum is on the list, this one earns the spot.",3115,False,
1755750012290592,Renue By Science,Renue By Science,27 Jul 2026,22.3,22,video,SHOP_NOW,RENUEBYSCIENCE.COM,The Same Science. Now For Your Pets.,Cellular Support for Aging Dogs,"Trying to make your senior dog look younger on the outside might make you feel good, but as dogs age, it's the inside that matters most. Like us, dogs rely on NAD+ for healthy cellular function, and it naturally declines with age.
Pet NMN chews combine liposomal NMN with resveratrol, glucosamine, chondroitin, and MSM to help support healthy aging, mobility, and everyday vitality from the inside out.",3115,False,
1766124544382896,Renue By Science,Renue By Science,12 Jun 2026,67.3,67,static,SHOP_NOW,RENUEBYSCIENCE.COM,Skin Essentials Chocolate Drink Mix,,"Beauty starts deeper than the surface. Renue Blue Face Serum brings NAD+, NMN, and advanced liposomal science together to support brighter, smoother, healthier-looking skin. Not just skincare. Longevity science in every drop.",3115,True,image604.jpg
2831962350529798,Renue By Science,Renue By Science,9 Jun 2026,70.3,70,video,SHOP_NOW,RENUEBYSCIENCE.COM,"Live Better, Longer.",What Doomscrolling Steals (You Don't Get Back),"Doomscrolling doesn't reset anything. The brain stays busy, the cells stay active, the fatigue compounds. NMN supports NAD+, the molecule cells use to produce energy. NMN Pure Powder. Give the cells what the doomscroll won't.",3115,False,
4374625776187737,Renue By Science,Renue By Science,25 Jun 2026,54.3,54,video,SHOP_NOW,RENUEBYSCIENCE.COM,"Live Better, Longer.",Cellular Energy in Motion,"Altitude, ice, adrenaline. The body works hard, the mind keeps going. NMN supports cellular energy from the inside. Pure NMN Powder.
High purity. Independently tested. Built for the long run.",3115,False,
3867846286844587,Renue By Science,Renue By Science,15 Jun 2026,64.4,64,video,SHOP_NOW,RENUEBYSCIENCE.COM,Skin Science That Thinks Ahead,Built on Better Science.,"What you see on the surface begins below it.
Renue Blue Face Serum is designed to support skin appearance through a science-based formula inspired by the latest advances in longevity and skincare research.",3116,False,
2224860291667489,Renue By Science,Renue By Science,10 Jun 2026,69.4,69,video,SHOP_NOW,RENUEBYSCIENCE.COM,"Live Better, Longer.",Dodge the 2pm Pile-Up,It's in your cells. NAD+ is the molecule behind cellular energy production and it declines with age. NMN is a direct precursor that supports your body's ability to make more. Pure NMN from Renue By Science. One scoop daily.,3116,False,
777680345371347,Renue By Science,Renue By Science,25 Jun 2026,54.4,54,video,SHOP_NOW,RENUEBYSCIENCE.COM,"Live Better, Longer.",Effort Alone Won't Cut It.,"You can push harder, but your cells still need NAD+ to turn fuel into energy. When NAD+ drops, even your best effort falls short. Pure NMN supports the cellular energy production behind every rep, every sprint, every late night.",3116,False,
1314280724145339,Renue By Science,Renue By Science,15 Jun 2026,64.4,64,video,SHOP_NOW,RENUEBYSCIENCE.COM,Skin Science That Thinks Ahead,Beyond Hydration.,"Hydration matters. But water alone isn't the whole story.
Renue Blue Face Serum combines advanced liposomal technology with NAD+ precursors, glutathione, resveratrol, and alpha lipoic acid to help support hydration, smoother-looking skin, and a healthier-looking complexion.",3116,False,
1298667899087367,Renue By Science,Renue By Science,9 Jun 2026,70.4,70,static,SHOP_NOW,RENUEBYSCIENCE.COM,"Live Better, Longer.",Tired of the slow start every morning?,"Some mornings, the body takes longer to get into gear. Stiff knees, dragging energy, and feeling like you need a warmup just to get coffee. Maintain a healthy inflammatory response with Trans-Resveratrol, one of the most studied polyphenols for healthy aging. One scoop in the morning to support smoother joints and cellular function all day.
Feel younger every morning with Renue's Trans-Resveratrol Powder",3116,False,image282.jpg
1358635222799897,Renue By Science,Renue By Science,9 Jun 2026,70.4,70,video,SHOP_NOW,RENUEBYSCIENCE.COM,"Live Better, Longer.",Small habits. Real accumulation.,"Scrolling all night does not feel like much in the moment. But sleep loss, stress, and constant stimulation add up at the cellular level over time.
That is why trans-resveratrol has been widely studied in healthy aging research for supporting antioxidant and inflammatory balance.",3116,False,
1371481758258077,Renue By Science,Renue By Science,27 Jul 2026,22.4,22,video,SHOP_NOW,RENUEBYSCIENCE.COM,The Same Science. Now For Your Pets.,Absorption Is Everything,"The best NMN in the world does nothing for your aging dog if it never reaches the cells. Digestion can destroy active ingredients before they make it to where it matters most.
Pet NMN uses liposomal delivery technology to help protect NMN and other active ingredients through the digestive process for better absorption. Which means greater support for more vibrant years.",3116,False,
1020888946978431,Renue By Science,Renue By Science,25 Jun 2026,54.4,54,video,SHOP_NOW,RENUEBYSCIENCE.COM,Skin Science That Thinks Ahead,Hello! Meet NAD+!,"NAD+ helps support skin at the cellular level. Levels naturally decline over time, and that's when skin can start looking duller, less firm, slower to bounce back. Renue Blue Face Serum is built around a liposomal NAD+ complex, designed to support skin where it needs it most.",3116,False,
1029313153002866,Renue By Science,Renue By Science,25 Jun 2026,54.4,54,video,SHOP_NOW,RENUEBYSCIENCE.COM,"Live Better, Longer.",Energy starts below the surface.,"Mitochondrial function, oxidative stress, NAD+ levels, those are the layers underneath the tiredness. NMN is a direct precursor the body uses to make NAD+, supporting energy production at the source.",3116,False,
1152374884629654,Renue By Science,Renue By Science,17 Jun 2026,62.4,62,video,SHOP_NOW,RENUEBYSCIENCE.COM,"Live Better, Longer.",When Balance Matters Most,"A few free radicals are normal. Too many can tip the balance.
Resveratrol Powder provides a powerful antioxidant studied for oxidative stress, inflammation support, and healthy aging. One scoop a day helps support your body's natural defenses.",3116,False,
1177088434605789,Renue By Science,Renue By Science,25 Jun 2026,54.4,54,video,SHOP_NOW,RENUEBYSCIENCE.COM,Skin Science That Thinks Ahead,"Too Many Steps, Not Enough Progress.","If your bathroom shelf keeps growing but your skin isn't improving, it may be time for a different approach. Renue Blue Face Serum combines longevity-inspired ingredients and advanced delivery technology in one daily step.",3116,False,
1087271070308858,Renue By Science,Renue By Science,5 Aug 2026,13.4,13,video,SHOP_NOW,RENUEBYSCIENCE.COM,"Live Better, Longer.",NMN Made Simple,"New to NMN? Renue by Science Pure NMN Powder is where to start. One level scoop is 500mg, take it under your tongue, or stir it into your favorite drink. Over 99% pure, formulated to help maintain healthy NAD+ levels and cellular energy.
Most people take one scoop in the morning and another in the early afternoon. Starting NMN doesn't get simpler than this.
Start today and get 10% off with code AGELESS.",3116,False,
1807448810608826,Renue By Science,Renue By Science,3 Aug 2026,15.4,15,video,SHOP_NOW,RENUEBYSCIENCE.COM,The Same Science. Now For Your Pets.,Extra Oomph for Your Aging Dog,"Everyone assumes a youthful 13-year-old dog is just good genes. But it's not about the breed, it's about the routine. Dogs who still love their walks and playtime deep into their senior years often share one thing: daily nutrition support like Pet NMN longevity chews.
One chew a day packs in liposomal NMN, resveratrol, glucosamine, and chondroitin to support healthy aging, mobility, and everyday vitality. Give your dog a little extra for more vibrant years.",3116,False,
1589852285898044,Renue By Science,Renue By Science,9 Jun 2026,70.4,70,video,SHOP_NOW,RENUEBYSCIENCE.COM,Skin Science That Thinks Ahead,Longevity science in every drop.,"Beauty starts deeper than the surface. Renue Blue Face Serum brings NAD+, NMN, and advanced liposomal science together to support brighter, smoother, healthier-looking skin. Not just skincare. Longevity science in every drop.",3116,False,
1615991543424578,Renue By Science,Anastasiia Gabysheva with Renue By Science,29 Jul 2026,20.4,20,video,SHOP_NOW,RENUEBYSCIENCE.COM,Anastasiia Gabysheva,,"28 days of consistency and my skin just looks like itself again ✨
Smoother, more even, less tired. Nothing extreme, just showing up every day.
@renueblue #longevityskincare #nadskincare #glowingskin #skinchallenge #skincare",2,False,
2576247169481729,Renue By Science,Renue By Science,27 Jul 2026,22.4,22,video,SHOP_NOW,RENUEBYSCIENCE.COM,The Same Science. Now For Your Pets.,Cellular Support for Aging Dogs,"Trying to make your senior dog look younger on the outside might make you feel good, but as dogs age, it's the inside that matters most. Like us, dogs rely on NAD+ for healthy cellular function, and it naturally declines with age.
Pet NMN chews combine liposomal NMN with resveratrol, glucosamine, chondroitin, and MSM to help support healthy aging, mobility, and everyday vitality from the inside out.",3116,False,
1727406951595425,Renue By Science,Renue By Science,9 Jun 2026,70.4,70,video,SHOP_NOW,RENUEBYSCIENCE.COM,"Live Better, Longer.",Not all fires need a fire extinguisher.,"Some people say their knees are “on fire” after training. Bill took that a little too literally.
Resveratrol Powder from Renue By Science provides daily support for a healthy inflammatory response, so the only thing overheating is Bill’s imagination.",3116,False,
2585283505223993,Renue By Science,Renue By Science,25 Jun 2026,54.4,54,video,SHOP_NOW,RENUEBYSCIENCE.COM,Skin Science That Thinks Ahead,You've Tried Everything. Or Have You?,"Better skin isn't always about adding more products. Renue Blue Face Serum was created to support your skin from multiple angles, helping promote hydration, radiance, and smoother-looking skin with every pump.",3116,False,
1382157833883996,Renue By Science,Renue By Science,11 Aug 2026,7.4,7,static,SHOP_NOW,RENUEBYSCIENCE.COM,Why Choose Between NMN or NR? Get Both.,Stop Guessing: Upgrade to LIPO NAD+ Complete.,"Tired of trying to figure out if NMN or NR is better for your daily longevity routine? You don’t have to choose anymore.
LIPO NAD+ Complete is a powerful 4-in-1 formula that delivers a comprehensive blend of NMN, NR, and NAD+ directly to your cells. By combining these key precursors, you get full-spectrum support for cellular energy and repair in one convenient dose.
Why switch to NAD+ Complete?",3116,False,image352.jpg
1355628429230519,Renue By Science,Renue By Science,17 Jun 2026,62.4,62,video,SHOP_NOW,RENUEBYSCIENCE.COM,"Live Better, Longer.",Support Balance From Within,"Inflammation isn't always obvious.
Sometimes it's not redness or swelling. Sometimes it's feeling tired, sluggish, or not quite like yourself. Resveratrol Powder provides a powerful antioxidant studied for inflammation support, oxidative stress support, and healthy aging.",3116,False,
982311901310980,Renue By Science,Renue By Science,15 Jun 2026,64.4,64,video,SHOP_NOW,RENUEBYSCIENCE.COM,Skin Science That Thinks Ahead,"Advanced Skincare, Delivered Smarter.","Your skin can't write a shopping list.
But if it could, science would probably make the cut.
Renue Blue Face Serum combines advanced liposomal technology with carefully selected ingredients designed to support smoother-looking skin and a healthier-looking complexion.",3116,False,
1581323043353002,Renue By Science,Renue By Science,25 Jun 2026,54.4,54,video,SHOP_NOW,RENUEBYSCIENCE.COM,Skin Science That Thinks Ahead,Your Routine Just Leveled Up.,"Same step. Smarter formula. Renue Blue Face Serum combines longevity-inspired ingredients and advanced delivery technology to support radiance, skin vitality, and the skin you're building every day.",3116,False,
1410915020866258,Renue By Science,Renue By Science,15 Jun 2026,64.4,64,video,SHOP_NOW,RENUEBYSCIENCE.COM,Skin Science That Thinks Ahead,Better Formula. Better Skin.,Your skin doesn't need more products. It needs smarter science.,3116,False,
2130072561252930,Renue By Science,Renue By Science,25 Jun 2026,54.4,54,video,SHOP_NOW,RENUEBYSCIENCE.COM,Skin Science That Thinks Ahead,Your Shelf Is Full. Your Skin Is Confused.,"Modern skincare has become a full-time job. Renue Blue Face Serum was created to help support your skin without overcomplicating your routine, because sometimes less really is more.",3116,False,
1070233195524110,Renue By Science,Renue By Science,27 Jul 2026,22.4,22,video,SHOP_NOW,RENUEBYSCIENCE.COM,The Same Science. Now For Your Pets.,Mobility and Joint Support for Older Dogs,"Has your older dog ever taken you for a walk? With science-backed ingredients like glucosamine, chondroitin, and fish oil, Pet NMN is made to support the joint mobility and everyday vitality behind more active years.
And don't be surprised if, on one of your lazy days, your best friend's the one dragging you out for fresh air.",3116,False,
1989095602493160,Renue By Science,Renue By Science,25 Jun 2026,54.4,54,video,SHOP_NOW,RENUEBYSCIENCE.COM,Skin Science That Thinks Ahead,The Hype Is Looking Pretty Healthy,"The excitement isn't just about what's in the bottle. Renue Blue Face Serum was designed to support brighter-looking, smoother-looking skin and the kind of glow people notice.",3116,False,
1319613106442683,Renue By Science,Renue By Science,25 Jun 2026,54.4,54,video,SHOP_NOW,RENUEBYSCIENCE.COM,Skin Science That Thinks Ahead,Better Skin Starts From Within,"Radiant skin starts at the deepest layers. Renue Blue Face Serum is designed to reach through the surface to support smoother looking, soft skin where it begins.",3116,False,
1334467565325955,Renue By Science,Renue By Science,9 Jun 2026,70.4,70,video,SHOP_NOW,Skin Science That Thinks Ahead,A little reset for every morning.,,"Every drop feels like a skin reset. Renue Blue Face Serum brings liposomal NAD+, NMN, and methylene blue together to support deep hydration and a healthy-looking glow from within. Pump, press, glow.",3116,True,
1583908600129684,Renue By Science,Lena Baranovska with Renue By Science,29 Jul 2026,20.4,20,video,SHOP_NOW,RENUEBYSCIENCE.COM,Lena Baranovska,,"I’ve been reaching for the @renueblue face serum lately because it actually goes beyond surface-level hydration.
It’s formulated with a liposomal NAD+ complex designed to support the skin at a deeper, cellular level — not just give a temporary glow.
The texture is super lightweight and absorbs instantly, but over time I’ve noticed my skin looking more even, more hydrated, and overall healthier.
What I like most is that it’s not just another serum — it’s focused on supporting skin renewal and long-term skin quality.
Simple, effective, and honestly feels like a step in my routine that actually does something✨
#RenueBLUE #LongevitySkincare #NADSkincare #SkinHealth #SkincareRoutine",5,False,
1694671604982468,Renue By Science,Renue By Science,5 Aug 2026,13.4,13,video,SHOP_NOW,RENUEBYSCIENCE.COM,"Live Better, Longer.",Real NMN. No Illusions.,"These days, it's easy to make things look legit on the surface, but when you cut into them, surprise—they might just be fake (or cake!).
Your NMN shouldn't pull the same trick. Renue by Science NMN Pure Powder is the real thing: over 99% pure, third-party tested, every batch backed by a Certificate of Analysis you can verify.
Because what's inside the bottle matters most. No illusions here - just purity you can trust.
Get started with 10% off: use code AGELESS.",3116,False,
998192979468849,Renue By Science,Renue By Science,25 Jun 2026,54.4,54,video,SHOP_NOW,RENUEBYSCIENCE.COM,Skin Science That Thinks Ahead,Don't miss this call.,"Hello hello? It's your skin calling. Renue Blue Face Serum brings liposomal NAD+, NMN, and methylene blue to support brighter, smoother, healthier-looking skin. The glow starts at the cellular level.",3116,False,
1816345966400330,Renue By Science,Renue By Science,9 Jun 2026,70.4,70,video,SHOP_NOW,RENUEBYSCIENCE.COM,"Live Better, Longer.","Use our cutting-edge research-backed formulas to feel younger, stronger, and sharper at every age.","130 bottles of wine = 1 clinical dose of resveratrol. Your liver would quit before your cells got benefits. Lipo Resveratrol delivers what studies actually use, without the hangover. Stop pretending wine is health food.
Save 10% with code HEALTHYAGING",3116,False,
1006117652251520,Renue By Science,Renue By Science,11 Aug 2026,7.4,7,video,SHOP_NOW,RENUEBYSCIENCE.COM,Skin Science That Thinks Ahead,Where Renewal Begins,"Renue Blue Face Serum is skincare built around skin longevity—powered by methylene blue and NAD+, carried deep by liposomal technology so it works beyond the surface, where renewal begins.
Deep hydration for smoother, firmer-looking, more radiant skin. Look past the surface, and step into the blue.
Get started today with 10% off: use code GLOWDEEPER.",3116,False,
1418849303637389,Renue By Science,Renue By Science,11 Aug 2026,7.4,7,video,SHOP_NOW,RENUEBYSCIENCE.COM,"Live Better, Longer.",Keep Your Cells Running Smoothly,"Is your body experiencing delays?
The trillions of cells in your body are like a massive transportation system. Everything is designed to run smoothly.
But when too many free radicals accumulate, they can slow things down.
This is where antioxidant support is key.
Trans-resveratrol is well studied as a powerful antioxidant that can help neutralize free radicals to support oxidative stress on your cells and healthy aging overall.",3116,False,
2485991675210763,Renue By Science,Renue By Science,27 Jul 2026,22.4,22,video,SHOP_NOW,RENUEBYSCIENCE.COM,The Same Science. Now For Your Pets.,Targeted Nutrition for Aging Dogs,"Picture this: A few months ago, your senior dog was slowing down. Shorter walks, longer naps, less spark for adventure.
Then came a daily Pet NMN chew to support healthy aging, vitality, and joint health. Now he's living his healthiest life, and you're just trying to keep up. Sounds pretty good, huh?",3116,False,
27075286435454545,Renue By Science,Renue By Science,9 Jun 2026,70.4,70,static,SHOP_NOW,RENUEBYSCIENCE.COM,Skin Science That Thinks Ahead,Does your skin look older than you feel?,"If your skin looks more tired than you feel, you are not alone. Renue Blue Face Serum works from within, by boosting NAD+ levels, improving daily hydration and visible support for tone, texture, firmness, redness, fine lines and hyperpigmentation.",3116,False,image957.jpg
1780878416682653,Renue By Science,Sav.aesthetics with Renue By Science,29 Jul 2026,20.4,20,video,SHOP_NOW,RENUEBYSCIENCE.COM,Sav.aesthetics,,"skincare that goes beyond just the surface layer 🧬 if your skin has been feeling dull, dry, or like it’s not bouncing back like it used to → this is the kind of routine you should look into | AD
@renueblue is designed to support your skin on a deeper level, so you’re not just layering products on the surface... you’re actually helping your skin look healthier over time. These formulas are powered by ingredients like liposomal NAD+ complex, methylene blue, and antioxidants to help defend against free radicals
this is the routine 🧖🏻‍♀️
• face serum → helps smooth the look of fine lines + brings back that natural glow
• face cream → locks in moisture so skin feels softer, fuller, and less dry throughout the day
• body cream → helps improve the look of crepey skin + uneven texture
• skin essentials → supports hydration + elasticity from within when your skin feels tired or depleted
because when your skin starts getting the support it’s been missing… the glow comes back ✨
would you try this routine?
#renueblue #nadskincare #asmr #skincareroutine #glowingskin
NAD skincare, NAD+ skincare routine, anti aging skincare routine, skincare for fine lines, skincare for dry skin, crepey skin, dull skin routine, glow skincare routine, hydrating skincare routine, skin barrier support, firming skincare, radiant skin routine, skincare for elasticity, skincare for texture, body care routine, healthy skin routine, skincare lover, beauty find, skincare routine for glowing skin, skin vitality, glowy skin, selfcare, aesthetic",8412,False,
1078501381414929,Renue By Science,Renue By Science,27 Jul 2026,22.4,22,video,SHOP_NOW,RENUEBYSCIENCE.COM,The Same Science. Now For Your Pets.,Vitality,"Spa days. Cute outfits. A little self-care. It all looks great on the outside, but for senior dogs, feeling their best starts from within.
That's why Pet NMN longevity chews combine liposomal NMN with resveratrol, glucosamine, and chondroitin to support healthy aging, mobility, and everyday vitality. Because every dog deserves more playful, vibrant years no matter their age.",3116,False,
1583994689999047,Renue By Science,Renue By Science,11 Aug 2026,7.4,7,video,SHOP_NOW,RENUEBYSCIENCE.COM,Berberine You Actually Absorb,"Live Better, Longer.","Less than 1% of the berberine in standard berberine supplements gets absorbed in your body. That's a serious waste of money (and berberine). Liposomal delivery changes the game. The patent-pending liposomal technology used by Renue by Science helps protect berberine through digestion, so more of what you pay for reaches your body.
Support healthy glucose and lipid metabolism, heart health, and metabolic wellness with berberine that actually works.
Get 10% off for a limited time with code BERB10.",3116,False,
4477149795833320,Renue By Science,Renue By Science,11 Aug 2026,7.4,7,video,SHOP_NOW,RENUEBYSCIENCE.COM,The Same Science. Now For Your Pets.,Support for More Vibrant Years,"Don't be surprised if you're suddenly the one out of breath. More energy. More zoomies. More playful moments you thought were past. Your best friend may be getting older, but she still deserves every chance to enjoy life and you can help.
Pet NMN is formulated to support more active, vibrant years. More play. More adventures together. Because the older they get, the more they deserve your support too.",3116,False,
1019376124303037,Renue By Science,Iryna UGC Creator with Renue By Science,29 Jul 2026,20.4,20,video,SHOP_NOW,RENUEBYSCIENCE.COM,Iryna UGC Creator,,"Lately I’ve been trying to focus more on supporting my skin long term instead of only layering products on the surface 🧊✨
💦I started adding the @renueblue Skin Essentials Collagen + Creatine Drink Mix into my mornings because my skin was starting to look a little dull and tired lately. I love that it includes collagen, protein, and creatine to help support hydration, elasticity, firmness, and overall skin vitality from within.
💧Then I follow with the Face Serum, which feels really lightweight and silky on the skin. It absorbs beautifully and leaves my skin looking smoother, fresher, and more glowy over time. I also love that it’s formulated with Liposomal NAD+ Complex and Methylene Blue to support healthier-looking skin on a deeper level.
This routine just feels simple, intentional, and really easy to stay consistent with 🤍💦
#RenueBLUE #LongevitySkincare #NADSkincare #SkinHealth #SkincareRoutine",10,False,
1510832813914040,Renue By Science,Renue By Science,25 Jun 2026,54.4,54,video,SHOP_NOW,RENUEBYSCIENCE.COM,Skin Science That Thinks Ahead,Glow that goes deeper.,"Searching for the best serum for glowing skin? The one that works goes deeper than the surface. Renue Blue Face Serum is powered by NAD+, NMN, and advanced liposomal delivery, so the glow doesn't stay surface-level. It starts within.",3116,False,
1350275940602553,Renue By Science,Renue By Science,27 Jul 2026,22.4,22,video,SHOP_NOW,RENUEBYSCIENCE.COM,The Same Science. Now For Your Pets.,Vitality Starts from Within,"Spa days. Cute outfits. A little self-care. It all looks great on the outside, but for senior dogs, feeling their best starts from within.
That's why Pet NMN longevity chews combine liposomal NMN with resveratrol, glucosamine, and chondroitin to support healthy aging, mobility, and everyday vitality. Because every dog deserves more playful, vibrant years no matter their age.",3116,False,
37503824409261074,Renue By Science,Renue By Science,11 Aug 2026,7.4,7,video,SHOP_NOW,RENUEBYSCIENCE.COM,"Live Better, Longer.",The 4-in-1 NAD+ Booster,"Sure, you can get NAD+ from cherries.
And you can get trigonelline from coffee.
And NMN from avocados.
And NR from milk.
But no one on earth could consume enough of these foods to get a significant amount of these ingredients.
NAD+ Complete contains all of them in meaningful amounts, so you don’t have to try.",3116,False,
36690810917232794,Renue By Science,Renue By Science,25 Jun 2026,54.4,54,video,SHOP_NOW,RENUEBYSCIENCE.COM,"Live Better, Longer.",Support healthy aging and cellular health for the long run.,"The best training plan is the one that keeps you moving for years to come.
Whether you're lifting, running, cycling, or simply staying active, supporting your health today can help you stay consistent tomorrow.
Resveratrol Powder delivers 500 mg of pure trans-resveratrol to support healthy aging and cellular health, so you can keep doing the things you love for the long run.",3116,False,
1034253908949813,Renue By Science,Renue By Science,25 Jun 2026,54.4,54,static,SHOP_NOW,RENUEBYSCIENCE.COM,Skin Science That Thinks Ahead,"Everyone's Talking About NAD+ For A Reason
Everyone's Talking About NAD+ For A Reason
[[IMG image227.jpg]]
RENUEBYSCIENCE.COM
Skin Science That Thinks Ahead
Everyone's Talking About NAD+ For A Reason
Everyone's Talking About NAD+ For A Reason
[[IMG image884.jpg]]
RENUEBYSCIENCE.COM
Skin Science That Thinks Ahead
Everyone's Talking About NAD+ For A Reason
Everyone's Talking About NAD+ For A Reason
[[IMG image1390.jpg]]
RENUEBYSCIENCE.COM
Skin Science That Thinks Ahead
Everyone's Talking About NAD+ For A Reason
Everyone's Talking About NAD+ For A Reason
[[IMG image714.jpg]]
RENUEBYSCIENCE.COM
Skin Science That Thinks Ahead
Everyone's Talking About NAD+ For A Reason
Everyone's Talking About NAD+ For A Reason
[[IMG image1166.jpg]]
RENUEBYSCIENCE.COM
Skin Science That Thinks Ahead
Everyone's Talking About NAD+ For A Reason
Everyone's Talking About NAD+ For A Reason","There's a reason NAD+ has become one of the most talked-about ingredients in longevity and skincare. Renue Blue Face Serum combines Liposomal NAD+, NMN, NR, and antioxidants in a formula designed to support skin vitality and a more radiant appearance.",3116,False,image194.jpg
1610919094027398,Renue By Science,Renue By Science,5 Aug 2026,13.4,13,video,SHOP_NOW,RENUEBYSCIENCE.COM,"Live Better, Longer.",Not All NMN Is Created Equal,"Line up two NMN products and they may look the same on the outside. The difference is everything you can't see. Renue by Science NMN Pure Powder is over 99% pure, and third-party tested to ensure potency and consistency, so your body gets more from every scoop.
Not all NMN is created equal, so a little extra diligence goes a long way in finding what's best. Better quality for better energy support.
Start today with 10% off: use code AGELESS.",3116,False,
1007785222264380,Renue By Science,Renue By Science,11 Aug 2026,7.4,7,video,SHOP_NOW,RENUEBYSCIENCE.COM,Skin Science That Thinks Ahead,Where Renewal Begins,"Renue Blue Face Serum is skincare built around skin longevity—powered by methylene blue and NAD+, carried deep by liposomal technology so it works beyond the surface, where renewal begins.
Deep hydration for smoother, firmer-looking, more radiant skin. Look past the surface, and step into the blue.
Get started today with 10% off: use code GLOWDEEPER.",3116,False,
1054604677050994,Renue By Science,Renue By Science,27 Jul 2026,22.4,22,video,SHOP_NOW,The Same Science. Now For Your Pets.,Mobility and Joint Support for Older Dogs,,"Has your older dog ever taken you for a walk? With science-backed ingredients like glucosamine, chondroitin, and fish oil, Pet NMN is made to support the joint mobility and everyday vitality behind more active years.
And don't be surprised if, on one of your lazy days, your best friend's the one dragging you out for fresh air.",3116,True,
1684027296043524,Renue By Science,Renue By Science,3 Aug 2026,15.4,15,video,SHOP_NOW,RENUEBYSCIENCE.COM,The Same Science. Now For Your Pets.,"Pet NMN for Livelier, More Active Years","One minute, your dog looks ready to nap the day away. Then comes his daily Pet NMN chew, and suddenly he's on the move. Your dog's still got plenty of puppy energy in him, he just might need a little help coaxing it out.
Pet NMN Longevity Chews for Dogs contain 77mg of liposomal NMN, plus glucosamine and chondroitin for joint mobility support, all in a tasty treat your dog will crave.
He won't be a puppy again, but you can help him feel more like one.",3116,False,
1890120142393462,Renue By Science,Renue By Science,11 Aug 2026,7.4,7,video,SHOP_NOW,RENUEBYSCIENCE.COM,Make Every Meal Count,"Live Better, Longer.","Every meal kicks off a whole chain of processes you never see. While you go about your day, your metabolism goes to work processing nutrients, managing blood sugar, and maintaining balance.
Taking Liposomal Berberine daily supports how your body turns food into energy, helping maintain healthy blood sugar and lipid levels. And because it's liposomal, berberine is protected through digestion so more of it can be absorbed.
Get 10% off for a limited time with code BERB10.",3116,False,
1043054624810792,Renue By Science,Renue By Science,25 Jun 2026,54.4,54,video,SHOP_NOW,RENUEBYSCIENCE.COM,Skin Science That Thinks Ahead,Cover-ready skin.,"The kind of glow that doesn't need a filter. Renue Blue Face Serum brings liposomal NAD+, NMN, and methylene blue together to support smoother, brighter, healthier-looking skin. Editorial-level skin starts at the cellular level.",3116,False,
1749527526308156,Renue By Science,Renue By Science,27 Jul 2026,22.4,22,video,SHOP_NOW,RENUEBYSCIENCE.COM,The Same Science. Now For Your Pets.,The Daily Treat for Healthy Aging,"Does your dog still act like a puppy? Or does he seem to be slowing down? Aging dogs sometimes need a little extra nutritional support to help them age healthier.
Alongside exercise and quality food, giving them Pet NMN as a daily treat can help support joint mobility, heart health, and overall vitality.",3116,False,
2179445276184132,Renue By Science,Renue By Science,25 Jun 2026,54.4,54,video,SHOP_NOW,RENUEBYSCIENCE.COM,Skin Science That Thinks Ahead,This goes deeper.,"Some serums sit on the surface. This one goes somewhere. Renue Blue Face Serum delivers liposomal NAD+, NMN, and methylene blue to support brighter, smoother, healthier-looking skin from the inside out.",3116,False,
1001052666304085,Renue By Science,Renue By Science,11 Aug 2026,7.4,7,video,SHOP_NOW,RENUEBYSCIENCE.COM,"Berberine, Made Bioavailable","Live Better, Longer.","This is what happens when your metabolism gets extra support from a plant people have relied on for thousands of years. Lipo Berberine supports healthy glucose and lipid metabolism and overall metabolic balance.
Its liposomal delivery is built to focus on absorption, which is the part most berberine supplements never solve.
Get 10% off with code BERB10.",3116,False,
1685898459155042,Renue By Science,Renue By Science,27 Jul 2026,22.4,22,video,SHOP_NOW,RENUEBYSCIENCE.COM,The Same Science. Now For Your Pets.,Targeted Nutrition for Aging Dogs,"Picture this: A few months ago, your senior dog was slowing down. Shorter walks, longer naps, less spark for adventure.
Then came a daily Pet NMN chew to support healthy aging, vitality, and joint health. Now he's living his healthiest life, and you're just trying to keep up. Sounds pretty good, huh?",3116,False,
916005994880016,Renue By Science,Renue By Science,11 Aug 2026,7.4,7,video,SHOP_NOW,RENUEBYSCIENCE.COM,"Live Better, Longer.",A Truly Complete NAD+ Booster,"NMN or NR for boosting NAD+?
A better question: Why choose between them?
There are four biochemical pathways that can help your cells generate NAD+. NMN, NR, trigonelline, and NAD+ itself support all four.
That’s why we’ve included all of them in NAD+ Complete. Because we care about your biology, not hyping one ingredient over another.",3116,False,
2023332458551724,Renue By Science,Renue By Science,27 Jul 2026,22.4,22,video,SHOP_NOW,RENUEBYSCIENCE.COM,The Same Science. Now For Your Pets.,Absorption Is Everything,"The best NMN in the world does nothing for your aging dog if it never reaches the cells. Digestion can destroy active ingredients before they make it to where it matters most.
Pet NMN uses liposomal delivery technology to help protect NMN and other active ingredients through the digestive process for better absorption. Which means greater support for more vibrant years.",3116,False,
1068488035532903,Renue By Science,Renue By Science,27 Jul 2026,22.4,22,video,SHOP_NOW,RENUEBYSCIENCE.COM,The Same Science. Now For Your Pets.,Dog NMN You Can Trust,"When your aging dog loses the spring in his step, you don't want to give him anything you haven't vetted. If you do your homework, Renue by Science Pet NMN rises to the top.
We publish certificates of analysis for every batch of pet chews, all third-party tested to meet the same standards as the formulas we create for humans.
Each chew delivers liposomal NMN to support cellular energy and healthy aging. Trustworthy support, made simple.",3116,False,
37542825475363251,Renue By Science,Renue By Science,11 Aug 2026,7.4,7,video,SHOP_NOW,RENUEBYSCIENCE.COM,Skin Science That Thinks Ahead,Start Your Day Off Blue,"A gray, dreary morning and tired-looking skin don't have to be a prologue to a bad day. Especially when you can add a little pop of color to your morning routine.
Renue Blue Face Serum is packed with bioactive ingredients that are studied for their skin-nourishing benefits, NMN, NR, methylene blue, and more all work to support more vibrant-looking skin, and bring some color to your entire day.
Use code GLOWDEEPER for 10% off.",3116,False,
828879770214134,Renue By Science,Renue By Science,11 Aug 2026,7.4,7,video,SHOP_NOW,RENUEBYSCIENCE.COM,"Live Better, Longer.","Before, Not After","Nobody insures a house after the fire. We protect valuables, preserve history, and prepare for the trip before we take it, because protection only counts when it comes first.
Trans-Resveratrol Powder from Renue By Science supports your body's natural antioxidant defenses on that same timeline.",3116,False,
938641735248270,Renue By Science,Renue By Science,27 Jul 2026,22.4,22,video,SHOP_NOW,RENUEBYSCIENCE.COM,The Same Science. Now For Your Pets.,Dog NMN You Can Trust,"When your aging dog loses the spring in his step, you don't want to give him anything you haven't vetted. If you do your homework, Renue by Science Pet NMN rises to the top.
We publish certificates of analysis for every batch of pet chews, all third-party tested to meet the same standards as the formulas we create for humans.
Each chew delivers liposomal NMN to support cellular energy and healthy aging. Trustworthy support, made simple.",3116,False,
1031067919396869,Renue By Science,Renue By Science,17 Jun 2026,62.4,62,video,SHOP_NOW,RENUEBYSCIENCE.COM,"Live Better, Longer.",Support Your Body's Natural Defense Systems,"Feeling drained isn't always about motivation.
Stress, inflammation, and oxidative stress can create a cycle that leaves your body working harder than it should. Resveratrol Powder provides a powerful antioxidant studied for inflammation support, oxidative stress support, and healthy aging.",3116,False,
1566847488218009,Renue By Science,Renue By Science,3 Aug 2026,15.4,15,video,SHOP_NOW,The Same Science. Now For Your Pets.,Daily NMN Chews for Aging Dogs,,"Sometimes you notice the change. The walks get a little slower, the movement a little stiffer. As dogs age, their NAD+ levels naturally decline.
This is why we formulated Pet NMN Longevity Chews for Dogs. 77mg of liposomal NMN in a chew dogs love. A simple daily way to support healthy aging, third-party tested and held to the same standards as everything we make.",3116,True,
4372676963045227,Renue By Science,Renue By Science,11 Aug 2026,7.4,7,video,SHOP_NOW,RENUEBYSCIENCE.COM,"Live Better, Longer.",A More Complete Approach,"How do you know which NAD+ precursor is right for you?
Many people start with NMN or NR. But over time, many discover benefits from adding additional NAD+ precursors.
That's why NAD+ Complete combines NMN, NR, NAD+, and Trigonelline in one formula.",3116,False,
2285874518484209,Renue By Science,Renue By Science,11 Aug 2026,7.4,7,video,SHOP_NOW,The Same Science. Now For Your Pets.,The Daily Treat for Healthy Aging,,"Does your dog still act like a puppy? Or does he seem to be slowing down? Aging dogs sometimes need a little extra nutritional support to help them age healthier.
Alongside exercise and quality food, giving them Pet NMN as a daily treat can help support joint mobility, heart health, and overall vitality.",3116,True,
1580636817193492,Renue By Science,Renue By Science,11 Aug 2026,7.4,7,video,SHOP_NOW,RENUEBYSCIENCE.COM,The Same Science. Now For Your Pets.,"Daily NMN, Made for Dogs","You're never ready for your dog to start acting old. Sleeping more, walking slower, losing that spark. We can't stop our pets from aging, but we can support them in staying active and comfortable as they age.
Adding Pet NMN to their daily routine, alongside good food, exercise, and a lot of love is an easy place to start.  We can't keep them forever but we can help make the years we have together count.",3116,False,
1038616558797471,Renue By Science,Renue By Science,11 Aug 2026,7.4,7,video,SHOP_NOW,RENUEBYSCIENCE.COM,"Live Better, Longer.",Keep Free Radicals in Check,"Is your cellular health being hijacked by free radicals?
Free radicals are unstable molecules that can damage the cells in your body. They’re a natural part of life, and your body actually needs them in small amounts. But too much of them can lead to oxidative stress, which is a major contributor to age-related health issues. �
Trans-resveratrol is a powerful antioxidant that research has shown to help your body manage oxidative stress, inflammation, and healthy aging.",3116,False,
1046680794998565,Renue By Science,Renue By Science,11 Aug 2026,7.4,7,video,SHOP_NOW,RENUEBYSCIENCE.COM,The Same Science. Now For Your Pets.,"It's Aging, Not Laziness","The dog who used to wake you up at the crack of dawn now needs an alarm clock. She was a social butterfly at the dog park, but now she's a wallflower. What gives? These changes are normal for aging dogs, but they're not easy.
Pet NMN is made to meet your dog exactly where she is, with ingredients that support joint mobility, heart health, and overall vitality. You can't stop the clock, but the right daily support can help her feel more like herself again.",3116,False,
992944003781480,Renue By Science,Renue By Science,5 Aug 2026,13.4,13,video,SHOP_NOW,RENUEBYSCIENCE.COM,"Live Better, Longer.",Healthy Aging from the Inside Out,"Your cells run on energy, and a molecule called NAD+ is key to making it. As you age, your NAD+ levels naturally decline.
Renue by Science NMN Pure Powder helps support healthy NAD+ for the cellular energy that keeps you going, day after day. Over 99% pure, third-party tested, and made to slip into the routine you already have.",3116,False,
4528533660754821,Renue By Science,Renue By Science,11 Aug 2026,7.4,7,video,SHOP_NOW,RENUEBYSCIENCE.COM,Skin Science That Thinks Ahead,The Serum Worth the Hype,"Tired of expensive serums that do nothing? Renue Blue Face Serum is one people actually rave about, and the first time you try it, you understand why.
This is the real deal, scientifically speaking: methylene blue, liposomal NAD+, NMN, hyaluronic acid, and more, all working together to support deeper hydration, firmer-looking skin, and a brighter, more radiant complexion. But don't take our word for it. Try it and feel the difference.
Use code GLOWDEEPER for 10% off.",3116,False,
1560791848230288,Renue By Science,Renue By Science,12 Aug 2026,6.4,6,video,SHOP_NOW,RENUEBYSCIENCE.COM,The Same Science. Now For Your Pets.,For Every Year You Have Together,"It's the small stuff, isn't it? The look. The scratch behind the ears. The part of the day that's just theirs. Loving your dog isn't just about today, it's about the walks they get excited for and the breezy rides with their head out the window.
That's what daily Pet NMN chews are for: a little extra support for healthy aging, and more of the good days together.",3116,False,
1020980277311522,Renue By Science,Renue By Science,19 Jul 2026,30.4,30,static,SHOP_NOW,RENUEBYSCIENCE.COM,"Live Better, Longer.",Tired of the slow start every morning?,"Some mornings, the body takes longer to get into gear. Stiff knees, dragging energy, and feeling like you need a warmup just to get coffee. Maintain a healthy inflammatory response with Trans-Resveratrol, one of the most studied polyphenols for healthy aging. One scoop in the morning to support smoother joints and cellular function all day.
Feel younger every morning with Renue's Trans-Resveratrol Powder",3116,False,image891.jpg
27605797169027373,Renue By Science,Renue By Science,10 Jun 2026,69.4,69,video,SHOP_NOW,RENUEBYSCIENCE.COM,"Live Better, Longer.","Longevity, minus the chaos","The internet's version of healthy aging keeps adding more. More pills, more protocols, more steps. One of the most researched longevity compounds is simple. Trans-Resveratrol, studied for metabolism, antioxidant activity, and cellular function. One scoop. No chaos.",3116,False,
1528756008981789,Renue By Science,Renue By Science,25 Jun 2026,54.4,54,static,SHOP_NOW,RENUEBYSCIENCE.COM,Skin Science That Thinks Ahead,"The Overcomplicated Skincare Era Is Over.
The Overcomplicated Skincare Era Is Over.
[[IMG image253.jpg]]
RENUEBYSCIENCE.COM
Skin Science That Thinks Ahead
The Overcomplicated Skincare Era Is Over.
The Overcomplicated Skincare Era Is Over.
[[IMG image1408.jpg]]
RENUEBYSCIENCE.COM
Skin Science That Thinks Ahead
The Overcomplicated Skincare Era Is Over.
The Overcomplicated Skincare Era Is Over.","Your skin doesn't need another trend...it needs consistent support. Renue Blue Face Serum combines longevity-inspired ingredients and advanced delivery technology in a formula designed to help skin look smoother, brighter, and more refreshed.",3116,False,image1034.jpg
1545741327037515,Renue By Science,Renue By Science,11 Aug 2026,7.4,7,video,SHOP_NOW,RENUEBYSCIENCE.COM,"Ancient Plant, Modern Support","Live Better, Longer.","The metabolic supplement everyone's ""discovering"" isn't new at all. Berberine has been used in traditional medicine for centuries, but modern research has caught up, and studies now recognize it for its ability to help maintain healthy blood sugar and lipid levels.
What is new, though, is getting your body to actually absorb it. Renue by Science Liposomal Berberine puts this ancient plant compound into a formula built for absorption.
Get 10% off for a limited time with code BERB10.",3116,False,
1794333465066143,Renue By Science,Renue By Science,11 Aug 2026,7.4,7,video,SHOP_NOW,RENUEBYSCIENCE.COM,Skin Science That Thinks Ahead,Start Your Day Off Blue,"A gray, dreary morning and tired-looking skin don't have to be a prologue to a bad day. Especially when you can add a little pop of color to your morning routine.
Renue Blue Face Serum is packed with bioactive ingredients that are studied for their skin-nourishing benefits, NMN, NR, methylene blue, and more all work to support more vibrant-looking skin, and bring some color to your entire day.
Use code GLOWDEEPER for 10% off.",3116,False,
2107090479871522,Renue By Science,Renue By Science,25 Jun 2026,54.4,54,static,SHOP_NOW,RENUEBYSCIENCE.COM,Skin Science That Thinks Ahead,"Running A New Version Of You
Running A New Version Of You
[[IMG image1569.jpg]]
RENUEBYSCIENCE.COM
Skin Science That Thinks Ahead
Running A New Version Of You
Running A New Version Of You
[[IMG image972.jpg]]
RENUEBYSCIENCE.COM
Skin Science That Thinks Ahead
Running A New Version Of You
Running A New Version Of You
[[IMG image426.jpg]]
RENUEBYSCIENCE.COM
Skin Science That Thinks Ahead
Running A New Version Of You
Running A New Version Of You
[[IMG image1292.jpg]]
RENUEBYSCIENCE.COM
Skin Science That Thinks Ahead
Running A New Version Of You
Running A New Version Of You","Think of it as a daily update for your skin. Four products working together to support hydration, radiance, barrier function, and healthier-looking skin from the inside out.",3116,False,image743.jpg
1347385470915924,Renue By Science,Renue By Science,27 Jul 2026,22.4,22,video,SHOP_NOW,RENUEBYSCIENCE.COM,The Same Science. Now For Your Pets.,The Daily Treat for Healthy Aging,"Does your dog still act like a puppy? Or does he seem to be slowing down? Aging dogs sometimes need a little extra nutritional support to help them age healthier.
Alongside exercise and quality food, giving them Pet NMN as a daily treat can help support joint mobility, heart health, and overall vitality.",3116,False,
1571900927920423,Renue By Science,Renue By Science,5 Aug 2026,13.4,13,video,SHOP_NOW,RENUEBYSCIENCE.COM,"Live Better, Longer.",Purity You Can Trust.,"How pure is the NMN you're taking? Most people pay premium prices without really knowing what's in the bottle. Renue by Science NMN Pure Powder is over 99% pure, third-party tested, and made to the highest quality standards.
Every batch comes with a Certificate of Analysis you can verify yourself. It helps support healthy NAD+ levels for cellular energy, healthy metabolism, DNA repair, and mental clarity.
Get started with 10% off: use code AGELESS.",3116,False,
1319574040375524,Renue By Science,Renue By Science,27 Jul 2026,22.4,22,video,SHOP_NOW,RENUEBYSCIENCE.COM,The Same Science. Now For Your Pets.,The Daily Treat for Healthy Aging,"Does your dog still act like a puppy? Or does he seem to be slowing down? Aging dogs sometimes need a little extra nutritional support to help them age healthier.
Alongside exercise and quality food, giving them Pet NMN as a daily treat can help support joint mobility, heart health, and overall vitality.",3116,False,
3248445998877185,Renue By Science,Renue By Science,13 Aug 2026,5.4,5,video,SHOP_NOW,RENUEBYSCIENCE.COM,The Same Science. Now For Your Pets.,Support for More Vibrant Years,"Don't be surprised if you're suddenly the one out of breath. More energy. More zoomies. More playful moments you thought were past. Your best friend may be getting older, but she still deserves every chance to enjoy life and you can help.
Pet NMN is formulated to support more active, vibrant years. More play. More adventures together. Because the older they get, the more they deserve your support too.",3116,False,
1389638499792887,Renue By Science,Renue By Science,11 Aug 2026,7.4,7,video,SHOP_NOW,RENUEBYSCIENCE.COM,"Live Better, Longer.",Plant-Powered Protection,"Plants can’t leave when conditions get rough, so they adapted by building their own protection. Resveratrol is one of those protective compounds, and it has been well studied for antioxidant support and its role in how the body responds to cellular stress.
Renue By Science Pure Resveratrol Powder makes it easy to add, whether you mix a scoop into your morning drink or take it directly under your tongue.",3116,False,
950395284668398,Renue By Science,Renue By Science,9 Jun 2026,70.4,70,video,SHOP_NOW,RENUEBYSCIENCE.COM,"Live Better, Longer.",Wine Doesn't Work That Way,"Trying to get resveratrol from wine alone? The math doesn't work: it takes many gallons of wine to make a single meaningful dose. Trans-Resveratrol Powder delivers the bioactive compound straight, studied for healthy aging, cellular function, and metabolic health. One scoop. No glass required.",3116,False,
977438315066686,Renue By Science,Renue By Science,9 Jun 2026,70.4,70,static,SHOP_NOW,RENUEBYSCIENCE.COM,"Live Better, Longer.",Tired of the slow start every morning?,"Some mornings, the body takes longer to get into gear. Stiff knees, dragging energy, and feeling like you need a warmup just to get coffee. Maintain a healthy inflammatory response with Trans-Resveratrol, one of the most studied polyphenols for healthy aging. One scoop in the morning to support smoother joints and cellular function all day.
Feel younger every morning with Renue's Trans-Resveratrol Powder",3116,False,image1255.jpg
3776102405865720,Renue By Science,Renue By Science,11 Aug 2026,7.4,7,video,SHOP_NOW,RENUEBYSCIENCE.COM,Berberine You Actually Absorb,"Live Better, Longer.","Less than 1% of the berberine in standard berberine supplements gets absorbed in your body. That's a serious waste of money (and berberine). Liposomal delivery changes the game. The patent-pending liposomal technology used by Renue by Science helps protect berberine through digestion, so more of what you pay for reaches your body.
Support healthy glucose and lipid metabolism, heart health, and metabolic wellness with berberine that actually works.
Get 10% off for a limited time with code BERB10.",3116,False,
2172345897013144,Renue By Science,Renue By Science,11 Aug 2026,7.4,7,video,SHOP_NOW,RENUEBYSCIENCE.COM,"Berberine, Made Bioavailable","Live Better, Longer.","This is what happens when your metabolism gets extra support from a plant people have relied on for thousands of years. Lipo Berberine supports healthy glucose and lipid metabolism and overall metabolic balance.
Its liposomal delivery is built to focus on absorption, which is the part most berberine supplements never solve.
Get 10% off with code BERB10.",3116,False,
3509877935846660,Renue By Science,Renue By Science,5 Aug 2026,13.4,13,video,SHOP_NOW,RENUEBYSCIENCE.COM,"Live Better, Longer.",Not All NMN Is Created Equal,"Line up two NMN products and they may look the same on the outside. The difference is everything you can't see. Renue by Science NMN Pure Powder is over 99% pure, and third-party tested to ensure potency and consistency, so your body gets more from every scoop.
Not all NMN is created equal, so a little extra diligence goes a long way in finding what's best. Better quality for better energy support.
Start today with 10% off: use code AGELESS.",3116,False,
1611888040365751,Renue By Science,Lena Baranovska with Renue By Science,29 Jul 2026,20.4,20,video,SHOP_NOW,RENUEBYSCIENCE.COM,Lena Baranovska,,"Soft, elevated body care has become one of my favorite parts of my routine lately 🤍
I’ve been trying the @renueblue Moisturizing Body Cream and I love how luxurious and nourishing it feels on the skin. The texture is rich but lightweight, absorbs beautifully, and leaves my skin feeling hydrated, smooth, and glowy after every shower.
What makes it even more interesting is the formula — it’s designed to support the skin barrier while helping improve texture, elasticity, and overall skin health. Such a relaxing self-care moment in my routine lately ✨
#RenueBLUE #LongevitySkincare #NADSkincare #SkinHealth #SkincareRoutine",5,False,
1356716696015980,Renue By Science,Renue By Science,3 Aug 2026,15.4,15,video,SHOP_NOW,RENUEBYSCIENCE.COM,The Same Science. Now For Your Pets.,Keep Laziness Cute with Pet NMN,"When does lazy become not-cute? Your dog may be an adorable couch potato, but when you notice a real dip in energy levels, or trouble getting around the way he used to, it might be age creeping in.
That's the right time to introduce Pet NMN into his diet. With science-backed ingredients that support joint mobility and cellular energy, you can help make sure his laziness is the cute kind.",3116,False,
27859074790382257,Renue By Science,Renue By Science,11 Aug 2026,7.4,7,video,SHOP_NOW,RENUEBYSCIENCE.COM,The Same Science. Now For Your Pets.,"Pet NMN for Livelier, More Active Years","If your dog could speak, what would he say? Probably something like, ""Wait up! I'm coming! I still want to do all the things I did as a puppy!""
He still wants to keep moving, but he might be losing the spring in his step. That's why we made Pet NMN Longevity Chews for Dogs: 77mg of liposomal NMN in a simple daily chew made to support healthy aging.",3116,False,
1498369308644108,Renue By Science,Renue By Science,12 Aug 2026,6.4,6,video,SHOP_NOW,RENUEBYSCIENCE.COM,The Same Science. Now For Your Pets.,The Daily Treat for Healthy Aging,"Does your dog still act like a puppy? Or does he seem to be slowing down? Aging dogs sometimes need a little extra nutritional support to help them age healthier.
Alongside exercise and quality food, giving them Pet NMN as a daily treat can help support joint mobility, heart health, and overall vitality.",3116,False,
1730608915069744,Renue By Science,Iryna UGC Creator with Renue By Science,29 Jul 2026,20.4,20,video,SHOP_NOW,RENUEBYSCIENCE.COM,Iryna UGC Creator,,"Your body deserves the same skincare energy as your face 🤍
I started paying more attention to my body care routine lately, especially after the shower when my skin feels the most dry. This @renueblue Body Cream has been such an easy addition because it feels lightweight, deeply hydrating, and leaves my skin looking smoother and healthier overall.
I also love that it helps support the skin barrier while giving that soft healthy glow without feeling greasy 💙
#renueblue #bodyskincare #glowingskin #skincareroutine #hydratedskin",10,False,
1370120131933525,Renue By Science,Renue By Science,11 Aug 2026,7.4,7,video,SHOP_NOW,RENUEBYSCIENCE.COM,Skin Science That Thinks Ahead,The Serum Worth the Hype,"Tired of expensive serums that do nothing? Renue Blue Face Serum is one people actually rave about, and the first time you try it, you understand why.
This is the real deal, scientifically speaking: methylene blue, liposomal NAD+, NMN, hyaluronic acid, and more, all working together to support deeper hydration, firmer-looking skin, and a brighter, more radiant complexion. But don't take our word for it. Try it and feel the difference.
Use code GLOWDEEPER for 10% off.",3116,False,
4464782997169949,Renue By Science,Renue By Science,11 Aug 2026,7.4,7,static,SHOP_NOW,RENUEBYSCIENCE.COM,Why Choose Between NMN or NR? Get Both.,Stop Guessing: Upgrade to LIPO NAD+ Complete.,"Tired of trying to figure out if NMN or NR is better for your daily longevity routine? You don’t have to choose anymore.
LIPO NAD+ Complete is a powerful 4-in-1 formula that delivers a comprehensive blend of NMN, NR, and NAD+ directly to your cells. By combining these key precursors, you get full-spectrum support for cellular energy and repair in one convenient dose.
Why switch to NAD+ Complete?",3116,False,image1433.jpg
1345924637245711,Renue By Science,Renue By Science,5 Aug 2026,13.4,13,video,SHOP_NOW,RENUEBYSCIENCE.COM,"Live Better, Longer.",Real NMN. No Illusions.,"These days, it's easy to make things look legit on the surface, but when you cut into them, surprise—they might just be fake (or cake!).
Your NMN shouldn't pull the same trick. Renue by Science NMN Pure Powder is the real thing: over 99% pure, third-party tested, every batch backed by a Certificate of Analysis you can verify.
Because what's inside the bottle matters most. No illusions here - just purity you can trust.
Get started with 10% off: use code AGELESS.",3116,False,
1364012835385201,Renue By Science,Renue By Science,11 Aug 2026,7.4,7,video,SHOP_NOW,RENUEBYSCIENCE.COM,"Ancient Plant, Modern Support","Live Better, Longer.","The metabolic supplement everyone's ""discovering"" isn't new at all. Berberine has been used in traditional medicine for centuries, but modern research has caught up, and studies now recognize it for its ability to help maintain healthy blood sugar and lipid levels.
What is new, though, is getting your body to actually absorb it. Renue by Science Liposomal Berberine puts this ancient plant compound into a formula built for absorption.
Get 10% off for a limited time with code BERB10.",3116,False,
1090430170162480,Renue By Science,Renue By Science,3 Aug 2026,15.4,15,video,SHOP_NOW,RENUEBYSCIENCE.COM,The Same Science. Now For Your Pets.,"Pet NMN for Livelier, More Active Years","One minute, your dog looks ready to nap the day away. Then comes his daily Pet NMN chew, and suddenly he's on the move. Your dog's still got plenty of puppy energy in him, he just might need a little help coaxing it out.
Pet NMN Longevity Chews for Dogs contain 77mg of liposomal NMN, plus glucosamine and chondroitin for joint mobility support, all in a tasty treat your dog will crave.
He won't be a puppy again, but you can help him feel more like one.",3116,False,
1031874525915487,Renue By Science,Renue By Science,27 Jul 2026,22.4,22,video,SHOP_NOW,RENUEBYSCIENCE.COM,The Same Science. Now For Your Pets.,A Daily Chew for Healthy Aging,"Aging can sneak up on your dog (and you), but the things she loves don't change. Playtime. Long walks. Treats and snuggles. That's what Pet NMN Longevity Chews are really for.
Formulated with liposomal NMN for cellular energy and healthy aging, given daily as a treat, they can support your dog in doing more of what she loves, because getting older doesn't have to mean enjoying life less.",3116,False,
982607671494231,Renue By Science,Renue By Science,11 Aug 2026,7.4,7,video,SHOP_NOW,RENUEBYSCIENCE.COM,The Same Science. Now For Your Pets.,For Every Year You Have Together,"It's the small stuff, isn't it? The look. The scratch behind the ears. The part of the day that's just theirs. Loving your dog isn't just about today, it's about the walks they get excited for and the breezy rides with their head out the window.
That's what daily Pet NMN chews are for: a little extra support for healthy aging, and more of the good days together.",3116,False,
2195034471067940,Renue By Science,Renue By Science,11 Aug 2026,7.4,7,video,SHOP_NOW,RENUEBYSCIENCE.COM,The Same Science. Now For Your Pets.,Targeted Nutrition for Aging Dogs,"Is your aging dog trying to tell you something? Walks seem longer. Stairs seem taller. You can't control aging, but you can take steps to make it more graceful.
Pet NMN chews combine NMN, glucosamine, chondroitin, resveratrol, and more to help support joint mobility, heart health, and overall vitality. It's a great way to supplement your dog's nutrition at the cellular level and make the most of your time together.",3116,False,
2441585512986550,Renue By Science,Renue By Science,3 Aug 2026,15.4,15,video,SHOP_NOW,RENUEBYSCIENCE.COM,The Same Science. Now For Your Pets.,Daily NMN Chews for Aging Dogs,"Sometimes you notice the change. The walks get a little slower, the movement a little stiffer. As dogs age, their NAD+ levels naturally decline.
This is why we formulated Pet NMN Longevity Chews for Dogs. 77mg of liposomal NMN in a chew dogs love. A simple daily way to support healthy aging, third-party tested and held to the same standards as everything we make.",3116,False,
1588122776432208,Renue By Science,Renue By Science,27 Jul 2026,22.4,22,video,SHOP_NOW,RENUEBYSCIENCE.COM,The Same Science. Now For Your Pets.,A Daily Chew for Healthy Aging,"Aging can sneak up on your dog (and you), but the things she loves don't change. Playtime. Long walks. Treats and snuggles. That's what Pet NMN Longevity Chews are really for.
Formulated with liposomal NMN for cellular energy and healthy aging, given daily as a treat, they can support your dog in doing more of what she loves, because getting older doesn't have to mean enjoying life less.",3116,False,
1580335220388550,Renue By Science,Renue By Science,11 Aug 2026,7.4,7,video,SHOP_NOW,RENUEBYSCIENCE.COM,"Berberine, Backed by Research","Live Better, Longer.","Your metabolism never clocks out. Every second, millions of cells produce energy, respond to glucose, and regulate lipids to keep you going. Supporting that work matters more as you age. Berberine is one of the most researched compounds in metabolic health, with decades of studies on how it supports healthy glucose and lipid metabolism.
Our liposomal delivery helps protect it through digestion for better absorption and slower release. Because your body benefits only from what it absorbs.",3116,False,
1330954105726093,Renue By Science,Renue By Science,3 Aug 2026,15.4,15,video,SHOP_NOW,RENUEBYSCIENCE.COM,The Same Science. Now For Your Pets.,Keep Laziness Cute with Pet NMN,"When does lazy become not-cute? Your dog may be an adorable couch potato, but when you notice a real dip in energy levels, or trouble getting around the way he used to, it might be age creeping in.
That's the right time to introduce Pet NMN into his diet. With science-backed ingredients that support joint mobility and cellular energy, you can help make sure his laziness is the cute kind.",3116,False,
1520274966069086,Renue By Science,Renue By Science,11 Aug 2026,7.4,7,video,SHOP_NOW,RENUEBYSCIENCE.COM,"Live Better, Longer.",Full-Spectrum Energy Support,"Love coffee? We do, too! But don’t use it for energy.
True, sustained energy comes from within.
Specifically from inside your cells, and NAD+ is what’s used to make it.
NAD+ Complete combines NMN, NR, trigonelline, and direct NAD+ in one liposomal formula for full-spectrum NAD+ support.
Go ahead and enjoy your coffee because you love it. And support your energy levels with this four-in-one NAD+ booster.",3116,False,
2026211328261051,Renue By Science,Renue By Science,5 Aug 2026,13.4,13,video,SHOP_NOW,RENUEBYSCIENCE.COM,"Live Better, Longer.",NMN Made Simple,"New to NMN? Renue by Science Pure NMN Powder is where to start. One level scoop is 500mg, take it under your tongue, or stir it into your favorite drink. Over 99% pure, formulated to help maintain healthy NAD+ levels and cellular energy.
Most people take one scoop in the morning and another in the early afternoon. Starting NMN doesn't get simpler than this.
Start today and get 10% off with code AGELESS.",3116,False,
1529648288453088,Renue By Science,Renue By Science,11 Aug 2026,7.4,7,video,SHOP_NOW,RENUEBYSCIENCE.COM,"Live Better, Longer.",Four NAD+ boosters. One formula.,"NAD+ Complete is made to support everything you do, with NMN, NR, trigonelline, and straight NAD+ itself for full-spectrum energy support.
Take on every day feeling your best with this all-in-one formula.",3116,False,
2043208286298372,Renue By Science,Renue By Science,11 Aug 2026,7.4,7,video,SHOP_NOW,RENUEBYSCIENCE.COM,"Berberine, Backed by Research","Live Better, Longer.","Your metabolism never clocks out. Every second, millions of cells produce energy, respond to glucose, and regulate lipids to keep you going. Supporting that work matters more as you age. Berberine is one of the most researched compounds in metabolic health, with decades of studies on how it supports healthy glucose and lipid metabolism.
Our liposomal delivery helps protect it through digestion for better absorption and slower release. Because your body benefits only from what it absorbs.",3116,False,
1787125202634870,Renue By Science,Renue By Science,11 Aug 2026,7.4,7,video,SHOP_NOW,RENUEBYSCIENCE.COM,How can you take control?,"Live Better, Longer.","Gratitude is free, and the happiest people don’t worry about what they can’t change. What can you control? What you eat, how you move, and what you take every day.
Renue By Science Lipo Berberine supports healthy blood sugar and metabolic health so the parts you control are working in your favor.
Get 10% off with code BERB10.",3116,False,
1748552429904907,Renue By Science,Renue By Science,11 Aug 2026,7.4,7,video,SHOP_NOW,RENUEBYSCIENCE.COM,Your Metabolism Keeps the Beat,"Live Better, Longer.","You’ve never heard the metabolic beat that runs your body. It processes what you eat, levels out glucose and lipids, and keeps that pattern going all day, every day. Lipo
Berberine supports healthy glucose and lipid metabolism, with liposomal delivery designed to get more of it absorbed. Get 10% off with code BERB10.
Your Metabolism Keeps the Beat",3116,False,
1046216014449855,Renue By Science,Renue By Science,11 Aug 2026,7.4,7,video,SHOP_NOW,RENUEBYSCIENCE.COM,Make Every Meal Count,"Live Better, Longer.","Every meal kicks off a whole chain of processes you never see. While you go about your day, your metabolism goes to work processing nutrients, managing blood sugar, and maintaining balance.
Taking Liposomal Berberine daily supports how your body turns food into energy, helping maintain healthy blood sugar and lipid levels. And because it's liposomal, berberine is protected through digestion so more of it can be absorbed.
Get 10% off for a limited time with code BERB10.",3116,False,
1063745986100775,Renue By Science,Renue By Science,11 Aug 2026,7.4,7,video,SHOP_NOW,RENUEBYSCIENCE.COM,"Live Better, Longer.",Full-Spectrum Energy Support,"Here’s a secret about coffee you probably don’t know:
The caffeine doesn’t give you energy. It just masks your tiredness.
Real energy comes from inside your cells, from NAD+.
NAD+ Complete contains four NAD+ boosters, all in one capsule, for full-spectrum energy support.
Next time you want to reach for another coffee to beat the 3PM crash, give this a try instead.",3116,False,
1524599612754583,Renue By Science,Renue By Science,11 Aug 2026,7.4,7,video,SHOP_NOW,RENUEBYSCIENCE.COM,"Live Better, Longer.",Stop Guessing. Get Full-Spectrum Energy Support.,"Stop guessing when it comes to NAD+ supplements.
Instead of thinking NMN or NR, think NMN and NR.
And trigonelline. And direct NAD+.
There are four active ingredients that can help boost NAD+. Why choose only one?
NAD+ Complete has all four, in one capsule.",3116,False,
1536304768179337,Renue By Science,Renue By Science,11 Aug 2026,7.4,7,video,SHOP_NOW,RENUEBYSCIENCE.COM,"Live Better, Longer.",Why Choose?,"You wouldn't choose between food and water. So why choose between NMN and NR?
They're not in competition. They're different pathways with the same destination.
LIPO NAD+ Complete combines NMN, NR, NAD+, and Trigonelline to support healthy NAD+ levels from multiple angles.",3116,False,
1399409012102128,Renue By Science,Renue By Science,11 Aug 2026,7.4,7,video,SHOP_NOW,RENUEBYSCIENCE.COM,"Worry Less, Decide Better","Live Better, Longer.","More gratitude and less worry about what was never yours to control. That is most of the secret, and the rest comes down to what you can decide, starting with what goes into your body every day.
Renue By Science Lipo Berberine supports healthy blood sugar and metabolic health so it is easier to feel your best.
Get 10% off with code BERB10.",3116,False,
1008915515484744,Renue By Science,Renue By Science,11 Aug 2026,7.4,7,static,SHOP_NOW,RENUEBYSCIENCE.COM,"Live Better, Longer.","Before, Not After
Before, Not After
[[IMG image1337.jpg]]
RENUEBYSCIENCE.COM
Live Better, Longer.
Before, Not After
Before, Not After
[[IMG image1356.jpg]]
RENUEBYSCIENCE.COM
Live Better, Longer.
Before, Not After
Before, Not After
[[IMG image1229.jpg]]
RENUEBYSCIENCE.COM
Live Better, Longer.
Before, Not After
Before, Not After","Nobody insures a house after the fire. We protect valuables, preserve history, and prepare for the trip before we take it, because protection only counts when it comes first.
Trans-Resveratrol Powder from Renue By Science supports your body's natural antioxidant defenses on that same timeline.",3116,False,image675.jpg
975720082187256,Renue By Science,Renue By Science,11 Aug 2026,7.4,7,video,SHOP_NOW,RENUEBYSCIENCE.COM,Metabolism Starts With Digestion,"Live Better, Longer.","Eating takes about twenty minutes, but your body spends hours on digestion. This is where your metabolism does it’s work, and it works better with targeted support.
Renue By Science Lipo Berberine is built to survive digestion through liposomal delivery so more of it reaches your bloodstream than standard formulas.
Get 10% off with code BERB10.",3116,False,
1402852205080997,Renue By Science,Renue By Science,11 Aug 2026,7.4,7,video,SHOP_NOW,RENUEBYSCIENCE.COM,How can you take control?,"Live Better, Longer.","Gratitude is free, and the happiest people don’t worry about what they can’t change. What can you control? What you eat, how you move, and what you take every day.
Renue By Science Lipo Berberine supports healthy blood sugar and metabolic health so the parts you control are working in your favor.
Get 10% off with code BERB10.",3116,False,
1375755498104222,Renue By Science,Renue By Science,12 Aug 2026,6.4,6,video,SHOP_NOW,RENUEBYSCIENCE.COM,The Same Science. Now For Your Pets.,Targeted Nutrition for Aging Dogs,"Is your aging dog trying to tell you something? Walks seem longer. Stairs seem taller. You can't control aging, but you can take steps to make it more graceful.
Pet NMN chews combine NMN, glucosamine, chondroitin, resveratrol, and more to help support joint mobility, heart health, and overall vitality. It's a great way to supplement your dog's nutrition at the cellular level and make the most of your time together.",3116,False,
1022743890522907,Renue By Science,Renue By Science,11 Aug 2026,7.4,7,static,SHOP_NOW,RENUEBYSCIENCE.COM,Why Choose Between NMN or NR? Get Both.,Stop Guessing: Upgrade to LIPO NAD+ Complete.,"Tired of trying to figure out if NMN or NR is better for your daily longevity routine? You don’t have to choose anymore.
LIPO NAD+ Complete is a powerful 4-in-1 formula that delivers a comprehensive blend of NMN, NR, and NAD+ directly to your cells. By combining these key precursors, you get full-spectrum support for cellular energy and repair in one convenient dose.
Why switch to NAD+ Complete?",3116,False,image1136.jpg
3595848267238561,Renue By Science,Renue By Science,5 Aug 2026,13.4,13,video,SHOP_NOW,RENUEBYSCIENCE.COM,"Live Better, Longer.",Purity You Can Trust.,"How pure is the NMN you're taking? Most people pay premium prices without really knowing what's in the bottle. Renue by Science NMN Pure Powder is over 99% pure, third-party tested, and made to the highest quality standards.
Every batch comes with a Certificate of Analysis you can verify yourself. It helps support healthy NAD+ levels for cellular energy, healthy metabolism, DNA repair, and mental clarity.
Get started with 10% off: use code AGELESS.",3116,False,
1588901085917172,Renue By Science,Renue By Science,11 Aug 2026,7.4,7,video,SHOP_NOW,RENUEBYSCIENCE.COM,"Live Better, Longer.",Get More Out of Your Supplements,"Are your supplements getting lost on the road to your cells?
Most conventional supplement formulas have a hard time surviving the harsh environment of your digestive system.
By the time they make it through, a significant amount of the active ingredients have been destroyed.
Liposomal formulas are different. They protect bioactive ingredients with a phospholipid barrier, helping them make it through digestion more intact.
Which means more efficient absorption by the cells that need them most.
NAD+ Complete includes four NAD+ boosters in one liposomal formula to support cellular energy and more.",3116,False,
1057480273304219,Renue By Science,Renue By Science,11 Aug 2026,7.4,7,video,SHOP_NOW,RENUEBYSCIENCE.COM,"Live Better, Longer.",The Secret to a Healthier Summer,"Summertime is the best. But all the good times can also be taxing on your body.
Outdoor activities, extra time in the sun, travel, a little extra alcohol or fatty foods. All these summer staples can deplete your NAD+ levels.
We created NAD+ Complete to provide total NAD+ support with four different NAD+ boosters—NMN, NR, trigonelline, and NAD+ itself.
So your cells can stay energized for all the things you love to do, this summer and beyond.",3116,False,
1621081192910311,Renue By Science,Renue By Science,11 Aug 2026,7.4,7,video,SHOP_NOW,RENUEBYSCIENCE.COM,"Live Better, Longer.",Full-Spectrum Energy Support,"If you're serious about performance, your stack probably keeps growing, and you're probably looking for NAD+ support. NAD+ is the coenzyme that helps your cells produce ATP, the energy your body runs on.
NAD+ Complete is an easy addition to your daily routine. A liposomal blend of NMN, NR, trigonelline, and NAD+ itself that supports the cellular energy behind every workout and every recovery.",3116,False,
1056108550714436,Renue By Science,Renue By Science,11 Aug 2026,7.4,7,video,SHOP_NOW,RENUEBYSCIENCE.COM,"Live Better, Longer.","Four NAD+ Boosters, One Formula","Your body runs on energy systems that probably aren’t fully charged. That's why we created NAD+ Complete: Four NAD boosters - NMN, NR, trigonelline, and NAD+ itself combined into one advanced formula.
When your cells have the support they need, everything runs a little better—your workouts, your passions, and the moments that matter most.",3116,False,
3260651800812112,Renue By Science,Renue By Science,11 Aug 2026,7.4,7,video,SHOP_NOW,RENUEBYSCIENCE.COM,"Live Better, Longer.",Full-Spectrum Energy Support,"If you're serious about performance, your stack probably keeps growing, and you're probably looking for NAD+ support. NAD+ is the coenzyme that helps your cells produce ATP, the energy your body runs on.
NAD+ Complete is an easy addition to your daily routine. A liposomal blend of NMN, NR, trigonelline, and NAD+ itself that supports the cellular energy behind every workout and every recovery.",3116,False,
2434249093729985,Renue By Science,Renue By Science,11 Aug 2026,7.4,7,video,SHOP_NOW,RENUEBYSCIENCE.COM,"Live Better, Longer.",Full-Spectrum Energy Support,"Every cell in your body requires energy to keep you going the distance. And it starts with NAD+.
NAD+ Complete features four NAD+ boosters NMN, NR, trigonelline, and NAD+ itself—in one formula.
It’s a powerful choice to keep your cellular furnace burning and keep you feeling your best.",3116,False,
994286096980562,Renue By Science,Renue By Science,11 Aug 2026,7.4,7,static,SHOP_NOW,RENUEBYSCIENCE.COM,Why Choose Between NMN or NR? Get Both.,Stop Guessing: Upgrade to LIPO NAD+ Complete.,"Tired of trying to figure out if NMN or NR is better for your daily longevity routine? You don’t have to choose anymore.
LIPO NAD+ Complete is a powerful 4-in-1 formula that delivers a comprehensive blend of NMN, NR, and NAD+ directly to your cells. By combining these key precursors, you get full-spectrum support for cellular energy and repair in one convenient dose.
Why switch to NAD+ Complete?",3116,False,image942.jpg
1118047893882891,Renue By Science,Renue By Science,11 Aug 2026,7.4,7,video,SHOP_NOW,RENUEBYSCIENCE.COM,"Live Better, Longer.",One Capsule. 4 NAD+ Boosters.,"Are you neglecting parts of your health? ��
Think of your body like a city, with different areas and routes running through it.
NMN helps support the Focus District, boosting NAD+ for mental sharpness and daily energy.
�NR runs across different interconnected areas, supporting NAD+ as it is used by various tissues and organs.
Trigonelline is favored by the Performance District for its ability to support muscle NAD+ levels. ��
And direct NAD+ is ready to go wherever it’s needed, across the entire map of your body.
NAD+ Complete supports all the ways your body uses NAD+. So you can make sure every area gets the support it needs to help you feel your best.
Low impression count",3116,False,
1327956422448113,Renue By Science,Renue By Science,11 Aug 2026,7.4,7,video,SHOP_NOW,RENUEBYSCIENCE.COM,"Live Better, Longer.",Full-Spectrum NAD+ Support,"Should you take NMN or NR to boost NAD+? The question really comes down to the way your body responds.
NMN and NR take different routes to help synthesize NAD+ in your cells. Too bad your cells don’t come with a GPS system that tells you which routes they prefer.
Some people respond more to taking NMN. Some feel more of a difference with NR. Some prefer other precursors. ��With NAD+ Complete, you don’t have to choose. In one capsule, you get NMN, NR, Trigonelline, and NAD+ itself. Four complementary routes all leading to one destination: full-spectrum NAD+ support to keep you feeling more energized and sharp, day in, day out.  ��
Low impression count",3116,False,
2081866875752765,Renue By Science,Renue By Science,11 Aug 2026,7.4,7,video,SHOP_NOW,RENUEBYSCIENCE.COM,"Live Better, Longer.","Full-Spectrum Energy Support
Full-Spectrum Energy Support
0:00 / 0:10
RENUEBYSCIENCE.COM
Live Better, Longer.
Full-Spectrum Energy Support
Full-Spectrum Energy Support
0:00 / 0:05
RENUEBYSCIENCE.COM
Live Better, Longer.
Full-Spectrum Energy Support
Full-Spectrum Energy Support
[[IMG image326.jpg]]
RENUEBYSCIENCE.COM
Live Better, Longer.
Full-Spectrum Energy Support
Full-Spectrum Energy Support","If you're serious about performance, your stack probably keeps growing, and you're probably looking for NAD+ support. NAD+ is the coenzyme that helps your cells produce ATP, the energy your body runs on.
NAD+ Complete is an easy addition to your daily routine. A liposomal blend of NMN, NR, trigonelline, and NAD+ itself that supports the cellular energy behind every workout and every recovery.
Low impression count",3116,False,image326.jpg
2016880778955396,Renue By Science,Renue By Science,11 Aug 2026,7.4,7,video,SHOP_NOW,RENUEBYSCIENCE.COM,"Live Better, Longer.",NAD+ Complete for a Healthy Summer,"Longer, sunnier days. Fun social events. Outdoor activities and adventures. These can be the best parts of summertime.
They can also stress your body.
A molecule called NAD+ helps your body to respond to these stressors and power all the functions that keep you going, all summer and beyond.
NAD+ Complete includes four NAD+ boosters in one formula to help keep you feeling your best and enjoying all the summer has to offer.
Low impression count",3116,False,
37662053843409317,Renue By Science,Renue By Science,11 Aug 2026,7.4,7,video,SHOP_NOW,RENUEBYSCIENCE.COM,"Live Better, Longer.","Four NAD+ Boosters, One Formula","Your body runs on energy systems that probably aren’t fully charged. That's why we created NAD+ Complete: Four NAD boosters - NMN, NR, trigonelline, and NAD+ itself combined into one advanced formula.
When your cells have the support they need, everything runs a little better—your workouts, your passions, and the moments that matter most.
Low impression count",3116,False,
1093795636656357,Renue By Science,Renue By Science,11 Aug 2026,7.4,7,video,SHOP_NOW,RENUEBYSCIENCE.COM,"Live Better, Longer.",Make Cellular Health Part of Self-Care,"Self-care is more than a spa day once in a while.
It’s taking care of your cells daily.
Supporting healthy NAD+ levels means more energy for the trillions of cells in your body. It’s the deepest kind of self-care there is.
Low impression count",3116,False,
1796244941368497,Renue By Science,Renue By Science,11 Aug 2026,7.4,7,video,SHOP_NOW,RENUEBYSCIENCE.COM,"Live Better, Longer.",The 4-in-1 NAD+ Booster,"Your house runs on multiple systems and power sources, not on a single cable. ��Your body runs on multiple systems, too. So why choose just one to support NAD+, which your cells need to carry out hundreds of functions in your body?
With NAD+ Complete, you don’t have to choose. You get four NAD+ precursors in one capsule, supporting four systems your body uses to generate NAD+.
NMN, NR, Trigonelline, and NAD+ itself, all in one, for full-spectrum energy support.",3116,False,
1983546625685920,Renue By Science,Renue By Science,11 Aug 2026,7.4,7,video,SHOP_NOW,RENUEBYSCIENCE.COM,"Live Better, Longer.",Full-Spectrum Energy Support,"Every cell in your body requires energy to keep you going the distance. And it starts with NAD+.
NAD+ Complete features four NAD+ boosters NMN, NR, trigonelline, and NAD+ itself—in one formula.
It’s a powerful choice to keep your cellular furnace burning and keep you feeling your best.
Low impression count",3116,False,
1532487431534003,Renue By Science,Renue By Science,12 Aug 2026,6.4,6,video,SHOP_NOW,RENUEBYSCIENCE.COM,The Same Science. Now For Your Pets.,"Pet NMN for Livelier, More Active Years","If your dog could speak, what would he say? Probably something like, ""Wait up! I'm coming! I still want to do all the things I did as a puppy!""
He still wants to keep moving, but he might be losing the spring in his step. That's why we made Pet NMN Longevity Chews for Dogs: 77mg of liposomal NMN in a simple daily chew made to support healthy aging.
Low impression count",3116,False,
1734536431171193,Renue By Science,Renue By Science,11 Aug 2026,7.4,7,video,SHOP_NOW,RENUEBYSCIENCE.COM,"Live Better, Longer.",Why Stop at One?,"If you've researched NAD+ support, you've probably asked: NMN or NR?
The better question may be: Why stop at one?
NAD+ Complete combines NMN, NR, NAD+, and Trigonelline in a single formula.
One daily habit. Four precursors. One formula.
Low impression count",3116,False,
1055618070254661,Renue By Science,Renue By Science,11 Aug 2026,7.4,7,video,SHOP_NOW,RENUEBYSCIENCE.COM,"Live Better, Longer.",Power Your Life with the 4-in-1 NAD+ Booster,"NAD+ is at the heart of every move you make.
Your muscle cells need it to create energy. Actually, ALL your cells need it to perform their functions. NAD+ is part of what keeps you going.
We created NAD+ Complete to give you not just one, but four NAD+ boosters. Because when it comes down to your cellular health, why choose when you can have it all?
Low impression count",3116,False,
1522992449131528,Renue By Science,Renue By Science,11 Aug 2026,7.4,7,video,SHOP_NOW,RENUEBYSCIENCE.COM,"Live Better, Longer.",Full-Spectrum Energy Support,"Choosing just one precursor for NAD+ support is like choosing whether your house should have a roof or a foundation—obviously, you need both! ��
Truth is, you don’t have to choose just one NAD+ booster, because they complement each other and work in different ways. ��
Some people notice steadier energy and better mental sharpness on NMN.
Some feel more of an impact from taking NR. ��
With NAD+ Complete, you get four NAD+ boosters in one formula. It’s the easiest decision you don’t have to make. ��
Low impression count",3116,False,
1321759786423161,Renue By Science,Renue By Science,11 Aug 2026,7.4,7,video,SHOP_NOW,RENUEBYSCIENCE.COM,"Live Better, Longer.",True Energy Support,"Do you really need caffeine for that midafternoon slump?
Your body might not be producing energy efficiently.
Caffeine just blocks your fatigue. But NAD+ Complete supports your body’s natural energy production.
Customers report more productive afternoons after taking it for just a few weeks.
True energy comes from within. Which is why NAD+ Complete might be a better option to help power your day.
Low impression count",3116,False,
1078664645117512,Renue By Science,Renue By Science,11 Aug 2026,7.4,7,video,SHOP_NOW,RENUEBYSCIENCE.COM,"Live Better, Longer.",Plant-Powered Protection,"Plants can’t leave when conditions get rough, so they adapted by building their own protection. Resveratrol is one of those protective compounds, and it has been well studied for antioxidant support and its role in how the body responds to cellular stress.
Renue By Science Pure Resveratrol Powder makes it easy to add, whether you mix a scoop into your morning drink or take it directly under your tongue.",3116,False,
2117359102540663,Renue By Science,Renue By Science,11 Aug 2026,7.4,7,video,SHOP_NOW,RENUEBYSCIENCE.COM,"Live Better, Longer.",Power Your Life with the 4-in-1 NAD+ Booster,"NAD+ is at the heart of every move you make.
Your muscle cells need it to create energy. Actually, ALL your cells need it to perform their functions. NAD+ is part of what keeps you going.
We created NAD+ Complete to give you not just one, but four NAD+ boosters. Because when it comes down to your cellular health, why choose when you can have it all?
Low impression count",3116,False,
3451008581744084,Renue By Science,Renue By Science,11 Aug 2026,7.4,7,video,SHOP_NOW,RENUEBYSCIENCE.COM,Your Metabolism Keeps the Beat,"Live Better, Longer.","You’ve never heard the metabolic beat that runs your body. It processes what you eat, levels out glucose and lipids, and keeps that pattern going all day, every day. Lipo
Berberine supports healthy glucose and lipid metabolism, with liposomal delivery designed to get more of it absorbed. Get 10% off with code BERB10.
Your Metabolism Keeps the Beat
Low impression count",3116,False,image416.jpg
1594282888728803,Tru Niagen,Tru Niagen,24 Jul 2026,25.3,25,video,SEE_DETAILS,WWW.TRUNIAGEN.COM,Crush Goals with Our Winning Formula,What Can You Achieve at 150%?,"OUR BEST SELLER! Blaze new trails and hit new PRs with Tru Niagen 1,000mg, previously only available to doctors and elite athletes.
✅ FrontrowMD Clinicians' Choice
✅ NSF Certified for Sport
✅ Boosts NAD+ by Up to 150%
✅ Backed by 500+ published scientific studies
Take your performance to new heights today.",29840,False,
1602875714687752,Tru Niagen,Tru Niagen,29 Jul 2026,20.3,20,static,LEARN_MORE,The Cellular Edge Every Top Performer Needs,,,"Clinically studied NAD+ support formerly exclusive to physicians and athletes, now available for your daily cellular energy and repair.",29840,True,image1339.jpg
1073950588420823,Tru Niagen,Tru Niagen,24 Jul 2026,25.3,25,video,SHOP_NOW,WWW.TRUNIAGEN.COM,The NAD+ Supplement Researchers & Doctors Trust,45+ human studies. NSF Certified. 20% off when you subscribe.,"Most NAD+ supplements make big claims. Tru Niagen backs them. Trusted by leading researchers, pro athletes, and healthcare professionals worldwide.
Clinically proven to raise NAD+ levels by up to 150%, supported by 45+ peer-reviewed human studies, NSF Certified for Sport, and backed by a Nobel Prize-winning biochemist -- it's the rare supplement where the science is transparent and verifiable.
""""I do take Tru Niagen -- they don't pay me, I buy it."""" -- Andrew Huberman, Huberman Lab podcast. Dr. Rhonda Patrick takes it too.
🏆 Healthy Aging Ingredient of the Year '24
✔️ Clinically proven to increase NAD+ by up to 150%
✔️ Activates cellular energy and DNA repair
✔️ Backed by 45+ human clinical studies & 25+ years of science
✔️ The most efficient, safe, well-researched NAD+ booster
💊 HSA/FSA eligible
🔁 Subscribe to get the best discount + free shipping on every order",29840,False,
1402151911794120,Tru Niagen,Tru Niagen,2 Aug 2026,16.3,16,static,LEARN_MORE,TRUNIAGEN.COM,The Cellular Edge Every Top Performer Needs,"Experience the benefits of Tru Niagen® PRO 1,000mg, the most well-researched NAD+-boosting supplement available. Clinically proven to increase NAD+ levels by up to 150%. Formerly exclusive to physicians and pro athletes and used in clinical research on nicotinamide riboside (NR). Shop now.","Clinically studied NAD+ support formerly exclusive to physicians and athletes, now available for your daily cellular energy and repair.",29840,False,image1339.jpg
1345209541051398,Tru Niagen,Tru Niagen,24 Jul 2026,25.3,25,video,LEARN_MORE,The NAD+ Supplement Researchers & Doctors Trust,,,"You’ve seen Tru Niagen. Now here’s why it’s worth it: unmatched purity, backed by science, and clinically proven to raise NAD+ levels by up to 150%. It is the gold standard in cellular health and vitality.
🏆 Healthy Aging Ingredient of the Year '24
✅ Clinically proven to increase NAD+ by up to 150%
✅ FrontrowMD Clinicians' Choice
✅ Activates cellular energy and DNA repair
✅ FSA/HSA eligible
✅ Backed by 500+ published scientific studies
✅ The most efficient, safe, well-researched NAD+ booster",29840,True,
2454144915066114,Tru Niagen,Tru Niagen,26 Jul 2026,23.3,23,video,LEARN_MORE,WWW.TRUNIAGEN.COM,The NAD+ Supplement Researchers & Doctors Trust,,"You’ve seen Tru Niagen. Now here’s why it’s worth it: unmatched purity, backed by science, and clinically proven to raise NAD+ levels by up to 150%. It is the gold standard in cellular health and vitality.
🏆 Healthy Aging Ingredient of the Year '24
✅ Clinically proven to increase NAD+ by up to 150%
✅ FrontrowMD Clinicians' Choice
✅ Activates cellular energy and DNA repair
✅ FSA/HSA eligible
✅ Backed by 500+ published scientific studies
✅ The most efficient, safe, well-researched NAD+ booster",29840,False,
997456593114381,Tru Niagen,Tru Niagen,24 Jul 2026,25.3,25,static,LEARN_MORE,"Niagen® NR, the most efficient NAD+ precursor",,,"Choosing an NAD+ supplement? Start with what the research actually shows.
Niagen® NR is backed by 50+ published, peer-reviewed clinical studies, 7 global safety reviews, and is used in over 75% of all published human studies on NR.
Current research shows, NR is the most efficient  NAD+ precursor. The science is still evolving, and we're committed to staying transparent as it does.",29840,True,image310.jpg
27342761752086971,Tru Niagen,Tru Niagen,24 Jul 2026,25.3,25,video,SHOP_NOW,WWW.TRUNIAGEN.COM,Recover Harder. Perform Longer. NSF Certified.,Formerly exclusive to pros. Now 20% off with a subscription.,"Your cells power your performance. When NAD+ declines, your muscles feel it first -- slower recovery, less energy, harder to push through.
Tru Niagen Pro 1000mg is NSF Certified for Sport and clinically proven to support mitochondrial function, fuel muscle recovery, and promote cellular energy. Trusted by professional athletes and healthcare professionals -- and formerly exclusive to them.
""""I do take Tru Niagen -- they don't pay me, I buy it."""" -- Andrew Huberman, Huberman Lab podcast. Dr. Rhonda Patrick takes it too.
🏆 Healthy Aging Ingredient of the Year '24
✔️ NSF Certified for Sport -- patented & traceable
✔️ Fuels muscle recovery & supports cellular energy
✔️ Clinically proven to increase NAD+ by up to 150%
✔️ Backed by 45+ human clinical studies
✔️ Formerly exclusive to physicians & elite athletes
💊 HSA/FSA eligible
🔁 Subscribe for the best discount + free shipping on every order",29840,False,
914131015058747,Tru Niagen,Tru Niagen,24 Jul 2026,25.3,25,static,LEARN_MORE,"Niagen® NR, the most efficient NAD+ precursor",,,"Choosing an NAD+ supplement? Start with what the research actually shows.
Niagen® NR is backed by 50+ published, peer-reviewed clinical studies, 7 global safety reviews, and is used in over 75% of all published human studies on NR.
Current research shows, NR is the most efficient  NAD+ precursor. The science is still evolving, and we're committed to staying transparent as it does.",29840,True,image1132.jpg
1391472549597491,Tru Niagen,Tru Niagen,10 Aug 2026,8.3,8,static,LEARN_MORE,TRUNIAGEN.COM,"Niagen® NR, the most efficient NAD+ precursor","Experience the benefits of Tru Niagen® PRO 1,000mg, the most well-researched NAD+-boosting supplement available. Clinically proven to increase NAD+ levels by up to 150%. Formerly exclusive to physicians and pro athletes and used in clinical research on nicotinamide riboside (NR). Shop now.","Choosing an NAD+ supplement? Start with what the research actually shows.
Niagen® NR is backed by 50+ published, peer-reviewed clinical studies, 7 global safety reviews, and is used in over 75% of all published human studies on NR.
Current research shows, NR is the most efficient  NAD+ precursor. The science is still evolving, and we're committed to staying transparent as it does.",29840,False,image1132.jpg
3237316399803397,Tru Niagen,Tru Niagen,12 Aug 2026,6.3,6,static,LEARN_MORE,"Niagen® NR, the most efficient NAD+ precursor",,,"Choosing an NAD+ supplement? Start with what the research actually shows.
Niagen® NR is backed by 50+ published, peer-reviewed clinical studies, 7 global safety reviews, and is used in over 75% of all published human studies on NR.
Current research shows, NR is the most efficient  NAD+ precursor. The science is still evolving, and we're committed to staying transparent as it does.",29840,True,image1566.jpg
1782562719586684,Tru Niagen,Tru Niagen,7 Aug 2026,11.3,11,static,LEARN_MORE,TRUNIAGEN.COM,"Niagen® NR, the most efficient NAD+ precursor","Experience the benefits of Tru Niagen® PRO 1,000mg, the most well-researched NAD+-boosting supplement available. Clinically proven to increase NAD+ levels by up to 150%. Formerly exclusive to physicians and pro athletes and used in clinical research on nicotinamide riboside (NR). Shop now.","Choosing an NAD+ supplement? Start with what the research actually shows.
Niagen® NR is backed by 50+ published, peer-reviewed clinical studies, 7 global safety reviews, and is used in over 75% of all published human studies on NR.
Current research shows, NR is the most efficient  NAD+ precursor. The science is still evolving, and we're committed to staying transparent as it does.",29840,False,image310.jpg
1576536880639198,Tru Niagen,Tru Niagen,12 Aug 2026,6.3,6,static,LEARN_MORE,20% OFF every subscription order,,,"Choosing an NAD+ supplement? Start with what the research actually shows.
Niagen® NR is backed by 50+ published, peer-reviewed clinical studies, 7 global safety reviews, and is used in over 75% of all published human studies on NR.
Current research shows, NR is the most efficient  NAD+ precursor. The science is still evolving, and we're committed to staying transparent as it does.
Subscribe today and save 20% OFF every subscription order.",29840,True,image443.jpg
2156283304930151,Tru Niagen,Tru Niagen,11 Aug 2026,7.3,7,static,SHOP_NOW,20% OFF every subscription order + FREE shipping!,,,"DON'T WAIT! Get 20% OFF the lifetime of your subscription!
The research-backed NAD+ booster featured in 40+ published human clinical studies.
Trusted by pros, researchers, and healthcare professionals to support cellular health and repair.
Patented, traceable, and NSF Certified for Sport®",29840,True,image664.jpg
1583178466875496,Tru Niagen,Tru Niagen,6 Aug 2026,12.3,12,static,LEARN_MORE,TRUNIAGEN.COM,The Cellular Edge Every Top Performer Needs,"Experience the benefits of Tru Niagen® PRO 1,000mg, the most well-researched NAD+-boosting supplement available. Clinically proven to increase NAD+ levels by up to 150%. Formerly exclusive to physicians and pro athletes and used in clinical research on nicotinamide riboside (NR). Shop now.","Clinically studied NAD+ support formerly exclusive to physicians and athletes, now available for your daily cellular energy and repair.",29840,False,image815.jpg
960655403702857,Tru Niagen,Tru Niagen,11 Aug 2026,7.3,7,video,SHOP_NOW,20% OFF every subscription order + FREE shipping!,,,"DON'T WAIT! Get 20% OFF the lifetime of your subscription!
You’ve seen Tru Niagen. Now here’s why it’s worth it: unmatched purity, backed by science, and clinically proven to raise NAD+ levels by up to 150%. It is the gold standard in cellular health and vitality.
🏆 Healthy Aging Ingredient of the Year '24
✅ Clinically proven to increase NAD+ by up to 150%
✅ Activates cellular energy and DNA repair
✅ Backed by 500+ published scientific studies
✅ The most efficient, safe, well-researched NAD+ booster",29840,True,
1587411912973634,Tru Niagen,Tru Niagen,12 Aug 2026,6.3,6,static,LEARN_MORE,"Niagen® NR, the most efficient NAD+ precursor",,,"Choosing an NAD+ supplement? Start with what the research actually shows.
Niagen® NR is backed by 50+ published, peer-reviewed clinical studies, 7 global safety reviews, and is used in over 75% of all published human studies on NR.
Current research shows, NR is the most efficient  NAD+ precursor. The science is still evolving, and we're committed to staying transparent as it does.",29840,True,image259.jpg
1678281233277692,Tru Niagen,Tru Niagen,11 Aug 2026,7.3,7,video,SHOP_NOW,20% OFF every subscription order + FREE shipping!,,,"You’ve seen Tru Niagen. Now here’s why it’s worth it: unmatched purity, backed by science, and clinically proven to raise NAD+ levels by up to 150%. It is the gold standard in cellular health and vitality.
🏆 Healthy Aging Ingredient of the Year '24
✅ Clinically proven to increase NAD+ by up to 150%
✅ Activates cellular energy and DNA repair
✅ Backed by 500+ published scientific studies
✅ The most efficient, safe, well-researched NAD+ booster",29840,True,
1486998086801115,Tru Niagen,Tru Niagen,17 Aug 2026,1.3,1,video,SHOP_NOW,WWW.TRUNIAGEN.COM,20% OFF every subscription order + FREE shipping!,,"DON'T WAIT! Get 20% OFF the lifetime of your subscription!
You’ve seen Tru Niagen. Now here’s why it’s worth it: unmatched purity, backed by science, and clinically proven to raise NAD+ levels by up to 150%. It is the gold standard in cellular health and vitality.
🏆 Healthy Aging Ingredient of the Year '24
✅ Clinically proven to increase NAD+ by up to 150%
✅ Activates cellular energy and DNA repair
✅ Backed by 500+ published scientific studies
✅ The most efficient, safe, well-researched NAD+ booster",29840,False,
1616836136542146,Tru Niagen,Tru Niagen,16 Aug 2026,2.3,2,static,LEARN_MORE,TRUNIAGEN.COM,"Niagen® NR, the most efficient NAD+ precursor","Experience the benefits of Tru Niagen® PRO 1,000mg, the most well-researched NAD+-boosting supplement available. Clinically proven to increase NAD+ levels by up to 150%. Formerly exclusive to physicians and pro athletes and used in clinical research on nicotinamide riboside (NR). Shop now.","Choosing an NAD+ supplement? Start with what the research actually shows.
Niagen® NR is backed by 50+ published, peer-reviewed clinical studies, 7 global safety reviews, and is used in over 75% of all published human studies on NR.
Current research shows, NR is the most efficient  NAD+ precursor. The science is still evolving, and we're committed to staying transparent as it does.",29840,False,image259.jpg
2133263237291312,Tru Niagen,Tru Niagen,11 Aug 2026,7.3,7,video,SHOP_NOW,20% OFF every subscription order + FREE shipping!,,,"DON'T WAIT! Get 20% OFF the lifetime of your subscription!
You’ve seen Tru Niagen. Now here’s why it’s worth it: unmatched purity, backed by science, and clinically proven to raise NAD+ levels by up to 150%. It is the gold standard in cellular health and vitality.
🏆 Healthy Aging Ingredient of the Year '24
✅ Clinically proven to increase NAD+ by up to 150%
✅ Activates cellular energy and DNA repair
✅ Backed by 500+ published scientific studies
✅ The most efficient, safe, well-researched NAD+ booster",29840,True,
1412798667365622,Tru Niagen,Tru Niagen,13 Aug 2026,5.3,5,video,SHOP_NOW,WWW.TRUNIAGEN.COM,The NAD+ Supplement Researchers & Doctors Trust,,"DON'T WAIT! Get 20% OFF your 1st subscriptions order with email sign up!
Most NAD+ supplements make big claims. Tru Niagen backs them. Trusted by leading researchers, pro athletes, and healthcare professionals worldwide.
Clinically proven to raise NAD+ levels by up to 150%, supported by 45+ peer-reviewed human studies, NSF Certified for Sport, and backed by a Nobel Prize-winning biochemist -- it's the rare supplement where the science is transparent and verifiable.
""""I do take Tru Niagen -- they don't pay me, I buy it."""" -- Andrew Huberman, Huberman Lab podcast. Dr. Rhonda Patrick takes it too.
🏆 Healthy Aging Ingredient of the Year '24
✔️ Clinically proven to increase NAD+ by up to 150%
✔️ Activates cellular energy and DNA repair
✔️ Backed by 45+ human clinical studies & 25+ years of science
✔️ The most efficient, safe, well-researched NAD+ booster
💊 HSA/FSA eligible
🔁 Subscribe get the best discount + free shipping on every order",29840,False,
2149993822531383,Tru Niagen,Tru Niagen,13 Aug 2026,5.3,5,static,LEARN_MORE,TRUNIAGEN.COM,"Niagen® NR, the most efficient NAD+ precursor","Experience the benefits of Tru Niagen® PRO 1,000mg, the most well-researched NAD+-boosting supplement available. Clinically proven to increase NAD+ levels by up to 150%. Formerly exclusive to physicians and pro athletes and used in clinical research on nicotinamide riboside (NR). Shop now.","Choosing an NAD+ supplement? Start with what the research actually shows.
Niagen® NR is backed by 50+ published, peer-reviewed clinical studies, 7 global safety reviews, and is used in over 75% of all published human studies on NR.
Current research shows, NR is the most efficient  NAD+ precursor. The science is still evolving, and we're committed to staying transparent as it does.",29840,False,image1566.jpg
1363120359311335,Tru Niagen,Tru Niagen,11 Aug 2026,7.3,7,video,SHOP_NOW,20% OFF every subscription order + FREE shipping!,,,"DON'T WAIT! Get 20% OFF the lifetime of your subscription!
You’ve seen Tru Niagen. Now here’s why it’s worth it: unmatched purity, backed by science, and clinically proven to raise NAD+ levels by up to 150%. It is the gold standard in cellular health and vitality.
🏆 Healthy Aging Ingredient of the Year '24
✅ Clinically proven to increase NAD+ by up to 150%
✅ Activates cellular energy and DNA repair
✅ Supports brain, heart, muscle health, and more
✅ Backed by 400+ published scientific studies
✅ The most efficient, safe, well-researched NAD+ booster",29840,True,
1052542054024990,Tru Niagen,Tru Niagen,12 Aug 2026,6.3,6,static,LEARN_MORE,"Niagen® NR, the most efficient NAD+ precursor",,,"Choosing an NAD+ supplement? Start with what the research actually shows.
Niagen® NR is backed by 50+ published, peer-reviewed clinical studies, 7 global safety reviews, and is used in over 75% of all published human studies on NR.
Current research shows, NR is the most efficient  NAD+ precursor. The science is still evolving, and we're committed to staying transparent as it does.",29840,True,image443.jpg
1337925918330188,Tru Niagen,Tru Niagen,17 Aug 2026,1.3,1,static,LEARN_MORE,TRUNIAGEN.COM,20% OFF every subscription order,"Experience the benefits of Tru Niagen® PRO 1,000mg, the most well-researched NAD+-boosting supplement available. Clinically proven to increase NAD+ levels by up to 150%. Formerly exclusive to physicians and pro athletes and used in clinical research on nicotinamide riboside (NR). Shop now.","Choosing an NAD+ supplement? Start with what the research actually shows.
Niagen® NR is backed by 50+ published, peer-reviewed clinical studies, 7 global safety reviews, and is used in over 75% of all published human studies on NR.
Current research shows, NR is the most efficient  NAD+ precursor. The science is still evolving, and we're committed to staying transparent as it does.
Subscribe today and save 20% OFF every subscription order.",29840,False,image179.jpg
1586105793015560,Tru Niagen,Tru Niagen,17 Aug 2026,1.3,1,static,SHOP_NOW,TRUNIAGEN.COM,"Tru Niagen Pro 1,000mg + Beauty Bundle",The original NAD+ research brand. Patented Niagen® NR backed by 45+ studies and endorsed by Nobel laureates. Clinically shown to boost cellular energy and support healthy aging.,20% OFF every subscription order,29840,True,image967.jpg
1044429238487595,Tru Niagen,Tru Niagen,12 Aug 2026,6.3,6,static,LEARN_MORE,"Niagen® NR, the most efficient NAD+ precursor",,,"Choosing an NAD+ supplement? Start with what the research actually shows.
Niagen® NR is backed by 50+ published, peer-reviewed clinical studies, 7 global safety reviews, and is used in over 75% of all published human studies on NR.
Current research shows, NR is the most efficient  NAD+ precursor. The science is still evolving, and we're committed to staying transparent as it does.",29840,True,image509.jpg
1517892940089952,Tru Niagen,Tru Niagen,14 Aug 2026,4.3,4,video,SHOP_NOW,WWW.TRUNIAGEN.COM,20% OFF every subscription order + FREE shipping!,,"You’ve seen Tru Niagen. Now here’s why it’s worth it: unmatched purity, backed by science, and clinically proven to raise NAD+ levels by up to 150%. It is the gold standard in cellular health and vitality.
🏆 Healthy Aging Ingredient of the Year '24
✅ Clinically proven to increase NAD+ by up to 150%
✅ Activates cellular energy and DNA repair
✅ Backed by 500+ published scientific studies
✅ The most efficient, safe, well-researched NAD+ booster",29840,False,
1531766904929461,Tru Niagen,Tru Niagen,12 Aug 2026,6.4,6,static,LEARN_MORE,20% OFF every subscription order,,,"Choosing an NAD+ supplement? Start with what the research actually shows.
Niagen® NR is backed by 50+ published, peer-reviewed clinical studies, 7 global safety reviews, and is used in over 75% of all published human studies on NR.
Current research shows, NR is the most efficient  NAD+ precursor. The science is still evolving, and we're committed to staying transparent as it does.
Subscribe today and save 20% OFF every subscription order.",29840,True,image1566.jpg
1024002633744227,Tru Niagen,Tru Niagen,14 Aug 2026,4.4,4,video,SHOP_NOW,WWW.TRUNIAGEN.COM,20% OFF every subscription order + FREE shipping!,,"DON'T WAIT! Get 20% OFF the lifetime of your subscription!
You’ve seen Tru Niagen. Now here’s why it’s worth it: unmatched purity, backed by science, and clinically proven to raise NAD+ levels by up to 150%. It is the gold standard in cellular health and vitality.
🏆 Healthy Aging Ingredient of the Year '24
✅ Clinically proven to increase NAD+ by up to 150%
✅ Activates cellular energy and DNA repair
✅ Supports brain, heart, muscle health, and more
✅ Backed by 400+ published scientific studies
✅ The most efficient, safe, well-researched NAD+ booster",29840,False,
1500072515473183,Tru Niagen,Tru Niagen,12 Aug 2026,6.4,6,static,LEARN_MORE,20% OFF every subscription order,,,"Choosing an NAD+ supplement? Start with what the research actually shows.
Niagen® NR is backed by 50+ published, peer-reviewed clinical studies, 7 global safety reviews, and is used in over 75% of all published human studies on NR.
Current research shows, NR is the most efficient  NAD+ precursor. The science is still evolving, and we're committed to staying transparent as it does.
Subscribe today and save 20% OFF every subscription order.",29840,True,image259.jpg
859329570444310,Tru Niagen,Tru Niagen,12 Aug 2026,6.4,6,video,SHOP_NOW,WWW.TRUNIAGEN.COM,20% OFF every subscription order + FREE shipping!,,"You’ve seen Tru Niagen. Now here’s why it’s worth it: unmatched purity, backed by science, and clinically proven to raise NAD+ levels by up to 150%. It is the gold standard in cellular health and vitality.
🏆 Healthy Aging Ingredient of the Year '24
✅ Clinically proven to increase NAD+ by up to 150%
✅ Activates cellular energy and DNA repair
✅ Backed by 500+ published scientific studies
✅ The most efficient, safe, well-researched NAD+ booster",29840,False,
2352085798962126,Tru Niagen,Tru Niagen,18 Aug 2026,0.4,0,static,LEARN_MORE,20% OFF every subscription order,,,"Choosing an NAD+ supplement? Start with what the research actually shows.
Niagen® NR is backed by 50+ published, peer-reviewed clinical studies, 7 global safety reviews, and is used in over 75% of all published human studies on NR.
Current research shows, NR is the most efficient  NAD+ precursor. The science is still evolving, and we're committed to staying transparent as it does.
Subscribe today and save 20% OFF every subscription order.",29840,True,image509.jpg
1135295072520794,Elysium Health,Elysium Health,10 Aug 2026,8.3,8,static,SHOP_NOW,"Creatine+ for longevity, strength, and cognition.",,,"Is your creatine built for longevity?
Creatine+ combines creatine monohydrate, HMB, and pomegranate polyphenols to support strength, recovery, mitochondrial renewal, and cognition.*
Save 15% on annual plans for a limited time.
*These statements have not been evaluated by the Food and Drug Administration. This product is not intended to diagnose, treat, cure or prevent any disease.",99955,True,image220.jpg
1726952268593288,Elysium Health,Elysium Health,17 Jul 2026,32.3,32,static,SHOP_NOW,ELYSIUMHEALTH.COM,"Creatine+ for longevity, strength, and cognition.",,"Most creatine does one thing. Creatine+ does three—an advanced system built for longevity, strength, and cognition:
✔ 5g creatine monohydrate, micronized for high solubility
✔ 1.5g HMB to enhance recovery and reduce muscle damage due to exercise
✔ 300mg pomegranate polyphenols to support mitochondrial health and energy
The most studied form of creatine, now in a novel longevity formula. Strength you build, muscle you keep, and cellular energy that lasts.",99955,True,image256.jpg
2144228179796030,Elysium Health,Elysium Health,10 Aug 2026,8.3,8,static,SHOP_NOW,"Creatine+ for longevity, strength, and cognition.",,,"Is your creatine built for longevity?
Creatine+ combines creatine monohydrate, HMB, and pomegranate polyphenols to support strength, recovery, mitochondrial renewal, and cognition.*
Save 15% on annual plans for a limited time.
*These statements have not been evaluated by the Food and Drug Administration. This product is not intended to diagnose, treat, cure or prevent any disease.",99955,True,image1129.jpg
1798367711168041,Elysium Health,Elysium Health,17 Jul 2026,32.3,32,static,SHOP_NOW,ELYSIUMHEALTH.COM,Senolytic Complex,Elysium creates clinically proven longevity supplements developed with world-leading scientists. Target cellular health with research-backed healthy aging supplements.,"Feel good for your age! Support healthy aging with our scientifically backed products that help:
✅ Increase NAD+ levels by 40%
✅ Support long-term brain health
✅ Reduce tiredness and fatigue
✅ Promote a healthy immune system
✅ Boost skin elasticity and support youthful skin",99955,True,image261.jpg
2163754724485709,Elysium Health,Elysium Health,12 Aug 2026,6.3,6,static,SHOP_NOW,LP.ELYSIUMHEALTH.COM,"Creatine+ for longevity, strength, and cognition.","Creatine+ by Elysium Health is a 3-in-1 creatine system built for longevity, strength, and cognition—formulated with the advisement of Michael Fredericson, M.D., Co-Director of the Stanford Center on Longevity and Professor of PM&R Sports Medicine at Stanford University.","Creatine, finally built for longevity. Creatine+ is a 3-in-1 system formulated for*:
✓ Strength
✓ Recovery
✓ Muscle preservation
✓ Mitochondrial renewal
Save 15% on annual plans for a limited time.
*These statements have not been evaluated by the Food and Drug Administration. This product is not intended to diagnose, treat, cure or prevent any disease.",99955,False,image641.jpg
990054487403165,Elysium Health,Elysium Health,13 Aug 2026,5.3,5,static,SHOP_NOW,Save up to 15%,,,"Creatine, finally built for longevity. Creatine+ is a 3-in-1 system formulated for*:
✓ Strength
✓ Recovery
✓ Muscle preservation
✓ Mitochondrial renewal
Save 15% on annual plans for a limited time.
*These statements have not been evaluated by the Food and Drug Administration. This product is not intended to diagnose, treat, cure or prevent any disease.",99955,True,image725.jpg
1371073511615729,Elysium Health,Elysium Health,17 Jul 2026,32.3,32,static,SHOP_NOW,LP.ELYSIUMHEALTH.COM,Elysium Health,"Creatine+ by Elysium Health is a 3-in-1 creatine system built for longevity, strength, and cognition—formulated with the advisement of Michael Fredericson, M.D., Co-Director of the Stanford Center on Longevity and Professor of PM&R Sports Medicine at Stanford University.","Introducing Creatine+, a novel 3-in-1 system formulated specifically for longevity, not just athletic performance. Our unique formula combines the highest-purity creatine, complementary HMB, and pomegranate polyphenols to power your body and brain.⁠
⁠
Unlock the new foundation for longevity. Save an additional 15% on annual plans for a limited time.",99955,False,image1274.jpg
28694020813520696,Elysium Health,Elysium Health,17 Jul 2026,32.3,32,static,SHOP_NOW,ELYSIUMHEALTH.COM,"Creatine+ for longevity, strength, and cognition.",,"Most creatine does one thing. Creatine+ does three—an advanced system built for longevity, strength, and cognition:
✔ 5g creatine monohydrate, micronized for high solubility
✔ 1.5g HMB to enhance recovery and reduce muscle damage due to exercise
✔ 300mg pomegranate polyphenols to support mitochondrial health and energy
The most studied form of creatine, now in a novel longevity formula. Strength you build, muscle you keep, and cellular energy that lasts.",99955,True,image256.jpg
1396084152423761,Elysium Health,Elysium Health,21 Jul 2026,28.3,28,static,SHOP_NOW,,,,"Creatine, finally built for longevity. Creatine+ is a 3-in-1 system formulated for:
✓ Strength
✓ Recovery
✓ Muscle preservation
✓ Mitochondrial renewal
Save 15% on annual plans for a limited time.
*These statements have not been evaluated by the Food and Drug Administration. This product is not intended to diagnose, treat, cure or prevent any disease.",99955,False,image256.jpg
1996076857696388,Elysium Health,Elysium Health,17 Jul 2026,32.3,32,static,SHOP_NOW,Redefine Aging with Basis,,,"NAD+ is the molecule your cells use to make energy and maintain your DNA.
It starts declining in your 30s—up to 50% by midlife.
Basis raises it back, clinically shown to increase NAD+ by an average of 40%.
⚡ Developed by Leonard Guarente, Ph.D.
⚡ NSF Certified for Sport.
⚡As seen in TIME, WSJ, and Vogue.
Get 25% off your first shipment of a monthly plan when you use TRY25 at checkout.",99955,True,image692.jpg
1065518055866651,Elysium Health,Elysium Health,13 Aug 2026,5.3,5,static,SHOP_NOW,Save up to 15%,,,"NAD+ is the molecule your cells use to make energy and maintain your DNA.
It starts declining in your 30s—up to 50% by midlife.
Basis raises it back, clinically shown to increase NAD+ by an average of 40%.
⚡ Developed by Leonard Guarente, Ph.D.
⚡ NSF Certified for Sport.
⚡As seen in TIME, WSJ, and Vogue.
Save up to 15% on your first order.",99955,True,image384.jpg
2547985349037198,Elysium Health,Elysium Health,10 Aug 2026,8.3,8,static,SHOP_NOW,Save up to 15%,,,"TIME magazine has called NAD+ the closest we’ve gotten to a fountain of youth. And while we know there’s no fountain of youth, we do know that Basis can keep you feeling good, longer.
- Increased NAD+ levels by 40%
- Promotes healthy aging
- Supports healthy muscle function
Save up to 15% on your first order.",99955,True,image1104.jpg
1354407026055383,Elysium Health,Elysium Health,19 Jul 2026,30.3,30,static,SHOP_NOW,ELYSIUMHEALTH.COM,Build strength. Keep it.,"Creatine+ by Elysium Health is a 3-in-1 creatine system built for longevity, strength, and cognition—formulated with the advisement of Michael Fredericson, M.D., Co-Director of the Stanford Center on Longevity and Professor of PM&R Sports Medicine at Stanford University.","From the longevity company behind Basis, Index, and Matter: Creatine+ brings Elysium's science-first approach to creatine.
Creatine+ is Elysium's new 3-in-1 creatine system built for longevity, strength, and cognition—with creatine monohydrate, HMB, and pomegranate polyphenols.*
Save 15% on annual plans for a limited time.
*These statements have not been evaluated by the Food and Drug Administration. This product is not intended to diagnose, treat, cure or prevent any disease.",99955,False,image256.jpg
4299907887006495,Elysium Health,Elysium Health,15 Aug 2026,3.3,3,static,SHOP_NOW,,,,"NAD+ is the molecule your cells use to make energy and maintain your DNA.
It starts declining in your 30s—up to 50% by midlife.
Basis raises it back, clinically shown to increase NAD+ by an average of 40%.
⚡ Developed by Leonard Guarente, Ph.D.
⚡ NSF Certified for Sport.
⚡As seen in TIME, WSJ, and Vogue.
Save up to 15% on your first order.",99955,False,image349.jpg
1746100916580347,Elysium Health,Elysium Health,16 Aug 2026,2.3,2,static,SHOP_NOW,LP.ELYSIUMHEALTH.COM,"Creatine+ for longevity, strength, and cognition.","Creatine+ by Elysium Health is a 3-in-1 creatine system built for longevity, strength, and cognition—formulated with the advisement of Michael Fredericson, M.D., Co-Director of the Stanford Center on Longevity and Professor of PM&R Sports Medicine at Stanford University.","Creatine, finally built for longevity. Creatine+ is a 3-in-1 system formulated for:
✓ Strength
✓ Recovery
✓ Muscle preservation
✓ Mitochondrial renewal
Save 15% on annual plans for a limited time.
*These statements have not been evaluated by the Food and Drug Administration. This product is not intended to diagnose, treat, cure or prevent any disease.",99955,False,image1129.jpg
1758100715529125,Elysium Health,Elysium Health,13 Aug 2026,5.3,5,static,SHOP_NOW,Save up to 15%,,,"AI-generated performer — not a real person.
NAD+ is the molecule your cells use to make energy and maintain your DNA.
It starts declining in your 30s—up to 50% by midlife.
Basis raises it back, clinically shown to increase NAD+ by an average of 40%.
⚡ Developed by Leonard Guarente, Ph.D.
⚡ NSF Certified for Sport.
⚡As seen in TIME, WSJ, and Vogue.
Save up to 15% on your first order.",99955,True,image666.jpg
1037878678729026,Elysium Health,Elysium Health,17 Jul 2026,32.3,32,static,SHOP_NOW,ELYSIUMHEALTH.COM,"Creatine+ for longevity, strength, and cognition.",,"Most creatine does one thing. Creatine+ does three—an advanced system built for longevity, strength, and cognition:
✔ 5g creatine monohydrate, micronized for high solubility
✔ 1.5g HMB to enhance recovery and reduce muscle damage due to exercise
✔ 300mg pomegranate polyphenols to support mitochondrial health and energy",99955,True,image1052.jpg
1402468751985716,Elysium Health,Elysium Health,13 Aug 2026,5.3,5,static,SHOP_NOW,Save up to 15%,,,"NAD+ is the molecule your cells use to make energy and maintain your DNA.
It starts declining in your 30s—up to 50% by midlife.
Basis raises it back, clinically shown to increase NAD+ by an average of 40%.
⚡ Developed by Leonard Guarente, Ph.D.
⚡ NSF Certified for Sport.
⚡As seen in TIME, WSJ, and Vogue.
Save up to 15% on your first order.",99955,True,image384.jpg
978763911852934,Elysium Health,Elysium Health,10 Aug 2026,8.3,8,static,SHOP_NOW,,,,"TIME magazine has called NAD+ the closest we’ve gotten to a fountain of youth. And while we know there’s no fountain of youth, we do know that Basis can keep you feeling good, longer.
- Increased NAD+ levels by 40%
- Promotes healthy aging
- Supports healthy muscle function
Save up to 15% on your first order.",99955,False,image1385.jpg
2273624690051076,Elysium Health,Elysium Health,11 Aug 2026,7.3,7,static,SHOP_NOW,LP.ELYSIUMHEALTH.COM,"Creatine+ for longevity, strength, and cognition.","Creatine+ by Elysium Health is a 3-in-1 creatine system built for longevity, strength, and cognition—formulated with the advisement of Michael Fredericson, M.D., Co-Director of the Stanford Center on Longevity and Professor of PM&R Sports Medicine at Stanford University.","Creatine, finally built for longevity. Creatine+ is a 3-in-1 system formulated for:
✓ Strength
✓ Recovery
✓ Muscle preservation
✓ Mitochondrial renewal
Save 15% on annual plans for a limited time.
*These statements have not been evaluated by the Food and Drug Administration. This product is not intended to diagnose, treat, cure or prevent any disease.",99955,False,image338.jpg
1019087304372818,Elysium Health,Elysium Health,17 Jul 2026,32.3,32,static,SHOP_NOW,ELYSIUMHEALTH.COM,"Creatine+ for longevity, strength, and cognition.",,"Is your creatine built for longevity?
Creatine+ combines creatine monohydrate, HMB, and pomegranate polyphenols to support strength, recovery, mitochondrial renewal, and cognition.*
Save 15% on annual plans for a limited time.
*These statements have not been evaluated by the Food and Drug Administration. This product is not intended to diagnose, treat, cure or prevent any disease.",99955,True,image882.jpg
1335428224886843,Elysium Health,Elysium Health,17 Jul 2026,32.3,32,video,SHOP_NOW,ELYSIUMHEALTH.COM,"Creatine+ for longevity, strength, and cognition",,"Most creatine does one thing. Creatine+ does three—an advanced system built for longevity, strength, and cognition:
✔ 5g creatine monohydrate, micronized for high solubility
✔ 1.5g HMB to enhance recovery and reduce muscle damage due to exercise
✔ 300mg pomegranate polyphenols to support mitochondrial health and energy
The most studied form of creatine, now in a novel longevity formula. Strength you build, muscle you keep, and cellular energy that lasts.",99955,True,
996147246580248,Elysium Health,Elysium Health,22 Jul 2026,27.3,27,static,SHOP_NOW,ELYSIUMHEALTH.COM,Redefine Aging with Basis,"Basis is a daily NAD+ supplement clinically proven to raise NAD+ levels by 40%. Developed by Elysium to support cellular energy, healthy DNA, and cellular aging.","AI-generated performer — not a real person.
You already know NAD+ matters for aging.
The question is which supplement you trust to raise it.
Basis is clinically proven to increase NAD+ by an average of 40% in 30 days—for cellular energy, DNA maintenance, and healthy aging from the inside out.*
Developed by Leonard Guarente, Ph.D. Featured in TIME, WSJ, and Vogue.
*These statements have not been evaluated by the Food and Drug Administration. This product is not intended to diagnose, treat, cure or prevent any disease.",99955,False,image304.jpg
1607542060796099,Elysium Health,Elysium Health,10 Aug 2026,8.3,8,video,LEARN_MORE,ELYSIUMHEALTH.COM,"Creatine+ for longevity, strength, and cognition.",,"Is your creatine built for longevity?
Creatine+ combines creatine monohydrate, HMB, and pomegranate polyphenols to support strength, recovery, mitochondrial renewal, and cognition.*
Save 15% on annual plans for a limited time.
*These statements have not been evaluated by the Food and Drug Administration. This product is not intended to diagnose, treat, cure or prevent any disease.",99955,True,
1508648987097192,Elysium Health,Elysium Health,21 Jul 2026,28.3,28,static,SHOP_NOW,ELYSIUMHEALTH.COM,Build strength. Keep it.,"Creatine+ by Elysium Health is a 3-in-1 creatine system built for longevity, strength, and cognition—formulated with the advisement of Michael Fredericson, M.D., Co-Director of the Stanford Center on Longevity and Professor of PM&R Sports Medicine at Stanford University.","From the longevity company behind Basis, Index, and Matter: Creatine+ brings Elysium's science-first approach to creatine.
Creatine+ is Elysium's new 3-in-1 creatine system built for longevity, strength, and cognition—with creatine monohydrate, HMB, and pomegranate polyphenols.*
Save 15% on annual plans for a limited time.
*These statements have not been evaluated by the Food and Drug Administration. This product is not intended to diagnose, treat, cure or prevent any disease.",99955,False,image765.jpg
1288145256592692,Elysium Health,Elysium Health,17 Jul 2026,32.3,32,static,SHOP_NOW,ELYSIUMHEALTH.COM,"Creatine+ for longevity, strength, and cognition.",,"Is your creatine built for longevity?
Creatine+ combines creatine monohydrate, HMB, and pomegranate polyphenols to support strength, recovery, mitochondrial renewal, and cognition.*
Save 15% on annual plans for a limited time.
*These statements have not been evaluated by the Food and Drug Administration. This product is not intended to diagnose, treat, cure or prevent any disease.",99955,True,image1191.jpg
1083146280807507,Elysium Health,Elysium Health,13 Aug 2026,5.3,5,static,SHOP_NOW,LP.ELYSIUMHEALTH.COM,Save up to 15%,"While of course there's no fountain of youth, and scientists have yet to discover a longevity elixir that stands up to medical scrutiny, a group of researchers believe they're getting closer, thanks to a compound called nicotinamide adenine dinucleotide, or NAD+ for short. “NAD+ is the closest we'...","NAD+ is the molecule your cells use to make energy and maintain your DNA.
It starts declining in your 30s—up to 50% by midlife.
Basis raises it back, clinically shown to increase NAD+ by an average of 40%.
⚡ Developed by Leonard Guarente, Ph.D.
⚡ NSF Certified for Sport.
⚡As seen in TIME, WSJ, and Vogue.
Save up to 15% on your first order.",99955,False,image384.jpg
1549898669924862,Elysium Health,Elysium Health,17 Jul 2026,32.5,32,static,SHOP_NOW,ELYSIUMHEALTH.COM,"Creatine+ for longevity, strength, and cognition.",,"Is your creatine built for longevity?
Creatine+ combines creatine monohydrate, HMB, and pomegranate polyphenols to support strength, recovery, mitochondrial renewal, and cognition.*
Save 15% on annual plans for a limited time.
*These statements have not been evaluated by the Food and Drug Administration. This product is not intended to diagnose, treat, cure or prevent any disease.",99956,True,image437.jpg
1072149928483445,Elysium Health,Elysium Health,10 Aug 2026,8.5,8,static,SHOP_NOW,"Creatine+ for longevity, strength, and cognition.",,,"Is your creatine built for longevity?
Creatine+ combines creatine monohydrate, HMB, and pomegranate polyphenols to support strength, recovery, mitochondrial renewal, and cognition.*
Save 15% on annual plans for a limited time.
*These statements have not been evaluated by the Food and Drug Administration. This product is not intended to diagnose, treat, cure or prevent any disease.",99956,True,image1501.jpg
1056121846919275,Elysium Health,Elysium Health,2 Aug 2026,16.5,16,static,SHOP_NOW,ELYSIUMHEALTH.COM,"Creatine+ for longevity, strength, and cognition.","Creatine+ by Elysium Health is a 3-in-1 creatine system built for longevity, strength, and cognition—formulated with the advisement of Michael Fredericson, M.D., Co-Director of the Stanford Center on Longevity and Professor of PM&R Sports Medicine at Stanford University.","Your Elysium routine just got stronger. Creatine+ supports strength, recovery, mitochondrial renewal, and cognitive function in one advanced daily formula.
It's the creatine built for longevity.
Save 15% on annual plans for a limited time.
*These statements have not been evaluated by the Food and Drug Administration. This product is not intended to diagnose, treat, cure or prevent any disease.",99956,False,image875.jpg
1989127528470812,Elysium Health,Elysium Health,13 Aug 2026,5.5,5,static,SHOP_NOW,Save up to 15%,,,"AI-generated performer — not a real person.
NAD+ is the molecule your cells use to make energy and maintain your DNA.
It starts declining in your 30s—up to 50% by midlife.
Basis raises it back, clinically shown to increase NAD+ by an average of 40%.
⚡ Developed by Leonard Guarente, Ph.D.
⚡ NSF Certified for Sport.
⚡As seen in TIME, WSJ, and Vogue.
Save up to 15% on your first order.",99956,True,image616.jpg
1012857898200861,Elysium Health,Elysium Health,28 Jul 2026,21.5,21,static,SHOP_NOW,ELYSIUMHEALTH.COM,Build strength. Keep it.,"Creatine+ by Elysium Health is a 3-in-1 creatine system built for longevity, strength, and cognition—formulated with the advisement of Michael Fredericson, M.D., Co-Director of the Stanford Center on Longevity and Professor of PM&R Sports Medicine at Stanford University.","Creatine, finally built for longevity. Creatine+ is a 3-in-1 system formulated for:
✓ Strength
✓ Recovery
✓ Muscle preservation
✓ Mitochondrial renewal
Save 15% on annual plans for a limited time.
*These statements have not been evaluated by the Food and Drug Administration. This product is not intended to diagnose, treat, cure or prevent any disease.",99956,False,image765.jpg
1976966056324957,Elysium Health,Elysium Health,13 Aug 2026,5.5,5,static,SHOP_NOW,Save up to 15%,,,"NAD+ is the molecule your cells use to make energy and maintain your DNA.
It starts declining in your 30s—up to 50% by midlife.
Basis raises it back, clinically shown to increase NAD+ by an average of 40%.
⚡ Developed by Leonard Guarente, Ph.D.
⚡ NSF Certified for Sport.
⚡As seen in TIME, WSJ, and Vogue.
Save up to 15% on your first order.",99956,True,image349.jpg
1305748168303215,Elysium Health,Elysium Health,10 Aug 2026,8.5,8,static,SHOP_NOW,"Creatine+ for longevity, strength, and cognition.",,,"Is your creatine built for longevity?
Creatine+ combines creatine monohydrate, HMB, and pomegranate polyphenols to support strength, recovery, mitochondrial renewal, and cognition.*
Save 15% on annual plans for a limited time.
*These statements have not been evaluated by the Food and Drug Administration. This product is not intended to diagnose, treat, cure or prevent any disease.",99956,True,image617.jpg
1062396820044320,Elysium Health,Elysium Health,15 Aug 2026,3.5,3,static,SHOP_NOW,LP.ELYSIUMHEALTH.COM,Save up to 15%,"While of course there's no fountain of youth, and scientists have yet to discover a longevity elixir that stands up to medical scrutiny, a group of researchers believe they're getting closer, thanks to a compound called nicotinamide adenine dinucleotide, or NAD+ for short. “NAD+ is the closest we'...","NAD+ is the molecule your cells use to make energy and maintain your DNA.
It starts declining in your 30s—up to 50% by midlife.
Basis raises it back, clinically shown to increase NAD+ by an average of 40%.
⚡ Developed by Leonard Guarente, Ph.D.
⚡ NSF Certified for Sport.
⚡As seen in TIME, WSJ, and Vogue.
Save up to 15% on your first order.",99956,False,image1243.jpg
2904537656557025,Elysium Health,Elysium Health,17 Jul 2026,32.5,32,static,LEARN_MORE,Save up to 15%,,,"TIME magazine has called NAD+ the closest we’ve gotten to a fountain of youth. And while we know there’s no fountain of youth, we do know that Basis can keep you feeling good, longer.
- Increased NAD+ levels by 40%
- Promotes healthy aging
- Supports healthy muscle function
Save up to 15% on your first order.",99956,True,image1071.jpg
2212598329542153,Elysium Health,Elysium Health,17 Jul 2026,32.5,32,static,SHOP_NOW,ELYSIUMHEALTH.COM,"Creatine+ for longevity, strength, and cognition.",,"Is your creatine built for longevity?
Creatine+ combines creatine monohydrate, HMB, and pomegranate polyphenols to support strength, recovery, mitochondrial renewal, and cognition.*
Save 15% on annual plans for a limited time.
*These statements have not been evaluated by the Food and Drug Administration. This product is not intended to diagnose, treat, cure or prevent any disease.",99956,True,image993.jpg
888717487642937,Elysium Health,Elysium Health,17 Jul 2026,32.5,32,static,SHOP_NOW,,,,"Creatine, finally built for longevity. Creatine+ is a 3-in-1 system formulated for:
✓ Strength
✓ Recovery
✓ Muscle preservation
✓ Mitochondrial renewal
Save 15% on annual plans for a limited time.
*These statements have not been evaluated by the Food and Drug Administration. This product is not intended to diagnose, treat, cure or prevent any disease.",99956,False,image882.jpg
4482880235315559,Elysium Health,Elysium Health,10 Aug 2026,8.5,8,static,LEARN_MORE,ELYSIUMHEALTH.COM,Save up to 15%,,"NAD+ is the “hottest craze” of 2025 for good reason. ⚡️
Skip the costly and ineffective IV NAD+ therapy and boost yours the proven way with Basis, a daily supplement based on 40 years of longevity research.
“In very plain words, intramuscular and IV NAD+ intake is silly,” one scientist recently told Vogue.
Oral supplementation with Basis is clinically proven to increase NAD+ levels by 40% in humans. 📈
Save up to 15% on your first order.",99956,True,image1188.jpg
2268491093976804,Elysium Health,Elysium Health,22 Jul 2026,27.5,27,static,LEARN_MORE,Save up to 15%,,,"NAD+ is the molecule your cells use to make energy and maintain your DNA.
It starts declining in your 30s—up to 50% by midlife.
Basis raises it back, clinically shown to increase NAD+ by an average of 40%.
⚡ Developed by Leonard Guarente, Ph.D.
⚡ NSF Certified for Sport.
⚡As seen in TIME, WSJ, and Vogue.
Save up to 15% on your first order.",99956,True,image730.jpg
1771230317405401,Elysium Health,Elysium Health,10 Aug 2026,8.5,8,static,SHOP_NOW,"Creatine+ for longevity, strength, and cognition.",,,"Is your creatine built for longevity?
Creatine+ combines creatine monohydrate, HMB, and pomegranate polyphenols to support strength, recovery, mitochondrial renewal, and cognition.*
Save 15% on annual plans for a limited time.
*These statements have not been evaluated by the Food and Drug Administration. This product is not intended to diagnose, treat, cure or prevent any disease.",99956,True,image765.jpg
1422091699765282,Elysium Health,Elysium Health,10 Aug 2026,8.5,8,video,SHOP_NOW,"Creatine+ for longevity, strength, and cognition.",,,"Is your creatine built for longevity?
Creatine+ combines creatine monohydrate, HMB, and pomegranate polyphenols to support strength, recovery, mitochondrial renewal, and cognition.*
Save 15% on annual plans for a limited time.
*These statements have not been evaluated by the Food and Drug Administration. This product is not intended to diagnose, treat, cure or prevent any disease.",99956,True,
1748035279575477,Elysium Health,Elysium Health,11 Aug 2026,7.5,7,static,LEARN_MORE,Save up to 15%,,,"NAD+ is the molecule your cells use to make energy and maintain your DNA.
It starts declining in your 30s—up to 50% by midlife.
Basis raises it back, clinically shown to increase NAD+ by an average of 40%.
Developed by Leonard Guarente, Ph.D. NSF Certified for Sport. As seen in TIME and WSJ.
Save 25% on your first order.",99956,True,image761.jpg
1778961006621601,Elysium Health,Elysium Health,10 Aug 2026,8.5,8,static,SHOP_NOW,"Creatine+ for longevity, strength, and cognition.",,,"Is your creatine built for longevity?
Creatine+ combines creatine monohydrate, HMB, and pomegranate polyphenols to support strength, recovery, mitochondrial renewal, and cognition.*
Save 15% on annual plans for a limited time.
*These statements have not been evaluated by the Food and Drug Administration. This product is not intended to diagnose, treat, cure or prevent any disease.",99956,True,image965.jpg
921864366873135,Elysium Health,Elysium Health,27 Jul 2026,22.5,22,static,SHOP_NOW,ELYSIUMHEALTH.COM,"Creatine+ for longevity, strength, and cognition.","Creatine+ by Elysium Health is a 3-in-1 creatine system built for longevity, strength, and cognition—formulated with the advisement of Michael Fredericson, M.D., Co-Director of the Stanford Center on Longevity and Professor of PM&R Sports Medicine at Stanford University.","Creatine, finally built for longevity. Creatine+ is a 3-in-1 system formulated for:
✓ Strength
✓ Recovery
✓ Muscle preservation
✓ Mitochondrial renewal
Save 15% on annual plans for a limited time.
*These statements have not been evaluated by the Food and Drug Administration. This product is not intended to diagnose, treat, cure or prevent any disease.",99956,False,image993.jpg
1567134761631345,Elysium Health,Elysium Health with AnnCatherine Conneen,11 Aug 2026,7.5,7,video,LEARN_MORE,ELYSIUMHEALTH.COM,Save up to 15%,,"The energy to perform starts deep inside your cells. As NAD+ declines with age, so does your ability to produce the energy your body needs. Basis restores NAD+ by 40% in 30 days (published in NPJ: Aging), fueling cellular energy for better workouts, faster recovery, and more days you feel at your best.
Save up to 15% on your first order.
NSF Certified for Sport. Trusted by doctors and scientists. Built for longevity.",99956,True,
1068019909132990,Elysium Health,Elysium Health,5 Aug 2026,13.5,13,static,SHOP_NOW,ELYSIUMHEALTH.COM,"Creatine+ for longevity, strength, and cognition.",,"Most creatine does one thing. Creatine+ does three—an advanced system built for longevity, strength, and cognition:
✔ 5g creatine monohydrate, micronized for high solubility
✔ 1.5g HMB to enhance recovery and reduce muscle damage due to exercise
✔ 300mg pomegranate polyphenols to support mitochondrial health and energy
The most studied form of creatine, now in a novel longevity formula. Strength you build, muscle you keep, and cellular energy that lasts.",99956,True,image338.jpg
928552673611241,Elysium Health,Elysium Health,30 Jul 2026,19.5,19,static,SHOP_NOW,ELYSIUMHEALTH.COM,"Creatine+ for longevity, strength, and cognition.","Creatine+ by Elysium Health is a 3-in-1 creatine system built for longevity, strength, and cognition—formulated with the advisement of Michael Fredericson, M.D., Co-Director of the Stanford Center on Longevity and Professor of PM&R Sports Medicine at Stanford University.","Creatine, finally built for longevity. Creatine+ is a 3-in-1 system formulated for:
✓ Strength
✓ Recovery
✓ Muscle preservation
✓ Mitochondrial renewal
Save 15% on annual plans for a limited time.
*These statements have not been evaluated by the Food and Drug Administration. This product is not intended to diagnose, treat, cure or prevent any disease.",99956,False,image1200.jpg
4506399206285289,Elysium Health,Elysium Health,5 Aug 2026,13.5,13,static,SHOP_NOW,ELYSIUMHEALTH.COM,"Creatine+ for longevity, strength, and cognition",,"Most creatine does one thing. Creatine+ does three—an advanced system built for longevity, strength, and cognition:
✔ 5g creatine monohydrate, micronized for high solubility
✔ 1.5g HMB to enhance recovery and reduce muscle damage due to exercise
✔ 300mg pomegranate polyphenols to support mitochondrial health and energy
The most studied form of creatine, now in a novel longevity formula. Strength you build, muscle you keep, and cellular energy that lasts.",99956,True,image965.jpg
2592600891155750,Elysium Health,Elysium Health,4 Aug 2026,14.5,14,static,SHOP_NOW,ELYSIUMHEALTH.COM,"Creatine+ for longevity, strength, and cognition.","Creatine+ by Elysium Health is a 3-in-1 creatine system built for longevity, strength, and cognition—formulated with the advisement of Michael Fredericson, M.D., Co-Director of the Stanford Center on Longevity and Professor of PM&R Sports Medicine at Stanford University.","Creatine, finally built for longevity. Creatine+ is a 3-in-1 system formulated for:
✓ Strength
✓ Recovery
✓ Muscle preservation
✓ Mitochondrial renewal
Save 15% on annual plans for a limited time.
*These statements have not been evaluated by the Food and Drug Administration. This product is not intended to diagnose, treat, cure or prevent any disease.",99956,False,image289.jpg
1052755324353363,Elysium Health,Elysium Health,10 Aug 2026,8.5,8,static,SHOP_NOW,"Creatine+ for longevity, strength, and cognition.",,,"Is your creatine built for longevity?
Creatine+ combines creatine monohydrate, HMB, and pomegranate polyphenols to support strength, recovery, mitochondrial renewal, and cognition.*
Save 15% on annual plans for a limited time.
*These statements have not been evaluated by the Food and Drug Administration. This product is not intended to diagnose, treat, cure or prevent any disease.",99956,True,image853.jpg
